hospital_unique_identifier,masked_name,collaborative,measure,race,period_start_date,period_end_date,numerator,denominator,measure_display_type,non_participating_hospital,created_at,updated_at,bundle_identifier
120001,Simga Rho Theta,HI,biological_parent_discharge,all,10/1/2024,12/31/2024,1,1,Numerator/Denominator,,01/27/2025 at 07:22 PM,01/27/2025 at 07:22 PM,cppsud
120001,Simga Rho Theta,HI,biological_parent_discharge,all,7/1/2024,9/30/2024,0,0,Numerator/Denominator,,10/24/2024 at 04:16 PM,10/24/2024 at 04:16 PM,cppsud
120001,Simga Rho Theta,HI,biological_parent_discharge,all,4/1/2024,6/30/2024,0,0,Numerator/Denominator,,08/07/2024 at 03:46 PM,08/07/2024 at 03:46 PM,cppsud
120001,Simga Rho Theta,HI,biological_parent_discharge,all,1/1/2024,3/31/2024,0,0,Numerator/Denominator,,05/14/2024 at 07:06 PM,05/14/2024 at 07:06 PM,cppsud
120001,Simga Rho Theta,HI,biological_parent_discharge,all,10/1/2023,12/31/2023,0,0,Numerator/Denominator,,02/02/2024 at 04:43 PM,02/02/2024 at 04:43 PM,cppsud
120001,Simga Rho Theta,HI,biological_parent_discharge,all,7/1/2023,9/30/2023,0,0,Numerator/Denominator,,12/12/2023 at 07:14 PM,12/12/2023 at 07:14 PM,cppsud
120001,Simga Rho Theta,HI,biological_parent_discharge,all,4/1/2023,6/30/2023,0,0,Numerator/Denominator,,12/12/2023 at 07:10 PM,12/12/2023 at 07:10 PM,cppsud
120001,Simga Rho Theta,HI,biological_parent_discharge,all,1/1/2023,3/31/2023,1,1,Numerator/Denominator,,12/12/2023 at 06:29 PM,12/12/2023 at 06:29 PM,cppsud
120001,Simga Rho Theta,HI,biological_parent_discharge,all,10/1/2022,12/31/2022,3,6,Numerator/Denominator,,03/29/2023 at 11:39 PM,03/29/2023 at 11:39 PM,cppsud
120001,Simga Rho Theta,HI,biological_parent_discharge,all,4/1/2025,6/30/2025,0,0,Numerator/Denominator,,07/17/2025 at 01:26 PM,07/17/2025 at 01:26 PM,cppsud
120001,Simga Rho Theta,HI,biological_parent_discharge,all,7/1/2022,9/30/2022,0,0,Numerator/Denominator,,02/01/2023 at 05:28 PM,02/01/2023 at 05:28 PM,cppsud
120001,Simga Rho Theta,HI,biological_parent_discharge,all,1/1/2025,3/31/2025,2,2,Numerator/Denominator,,04/23/2025 at 01:29 PM,04/23/2025 at 01:29 PM,cppsud
120001,Simga Rho Theta,HI,hem_risk_assessment,all,10/1/2022,12/31/2022,322,322,Numerator/Denominator,,03/29/2023 at 11:57 PM,03/29/2023 at 11:57 PM,hemorrhage
120001,Simga Rho Theta,HI,hemorrhage_nursing_education,all,10/1/2022,12/31/2022,95,100,Range,,03/29/2023 at 11:57 PM,03/29/2023 at 11:57 PM,hemorrhage
120001,Simga Rho Theta,HI,hemorrhage_nursing_education,all,7/1/2022,9/30/2022,95,100,Range,,01/09/2023 at 07:29 PM,01/09/2023 at 07:29 PM,hemorrhage
120001,Simga Rho Theta,HI,hemorrhage_nursing_education,all,4/1/2022,6/30/2022,95,100,Range,,08/08/2022 at 10:26 PM,01/09/2023 at 07:27 PM,hemorrhage
120001,Simga Rho Theta,HI,hemorrhage_nursing_education,all,1/1/2022,3/31/2022,95,100,Range,,06/02/2022 at 08:02 PM,06/02/2022 at 08:02 PM,hemorrhage
120001,Simga Rho Theta,HI,hemorrhage_nursing_education,all,10/1/2021,12/31/2021,95,100,Range,,02/11/2022 at 07:57 PM,02/11/2022 at 07:57 PM,hemorrhage
120001,Simga Rho Theta,HI,hemorrhage_nursing_education,all,7/1/2021,9/30/2021,95,100,Range,,10/15/2021 at 10:43 PM,10/15/2021 at 10:43 PM,hemorrhage
120001,Simga Rho Theta,HI,hemorrhage_nursing_education,all,4/1/2021,6/30/2021,95,100,Range,,07/15/2021 at 06:26 PM,07/15/2021 at 06:26 PM,hemorrhage
120001,Simga Rho Theta,HI,hemorrhage_nursing_education_and_protocol,all,7/1/2021,9/30/2021,95,100,Range,,10/15/2021 at 10:43 PM,10/15/2021 at 10:43 PM,hemorrhage
120001,Simga Rho Theta,HI,hemorrhage_nursing_education_and_protocol,all,4/1/2021,6/30/2021,95,100,Range,,07/15/2021 at 06:26 PM,07/15/2021 at 06:26 PM,hemorrhage
120001,Simga Rho Theta,HI,hemorrhage_provider_education,all,10/1/2022,12/31/2022,25,100,Range,,03/29/2023 at 11:57 PM,03/29/2023 at 11:57 PM,hemorrhage
120001,Simga Rho Theta,HI,hemorrhage_provider_education,all,7/1/2022,9/30/2022,15,100,Range,,01/09/2023 at 07:29 PM,01/09/2023 at 07:29 PM,hemorrhage
120001,Simga Rho Theta,HI,hemorrhage_provider_education,all,4/1/2022,6/30/2022,15,100,Range,,08/08/2022 at 10:26 PM,01/09/2023 at 07:27 PM,hemorrhage
120001,Simga Rho Theta,HI,hemorrhage_provider_education,all,1/1/2022,3/31/2022,35,100,Range,,06/02/2022 at 08:02 PM,06/02/2022 at 08:02 PM,hemorrhage
120001,Simga Rho Theta,HI,hemorrhage_provider_education,all,10/1/2021,12/31/2021,35,100,Range,,02/11/2022 at 07:57 PM,02/11/2022 at 07:57 PM,hemorrhage
120001,Simga Rho Theta,HI,hemorrhage_provider_education,all,7/1/2021,9/30/2021,35,100,Range,,10/15/2021 at 10:43 PM,10/15/2021 at 10:43 PM,hemorrhage
120001,Simga Rho Theta,HI,hemorrhage_provider_education,all,4/1/2021,6/30/2021,35,100,Range,,07/15/2021 at 06:26 PM,07/15/2021 at 06:26 PM,hemorrhage
120001,Simga Rho Theta,HI,hemorrhage_provider_education_and_protocol,all,7/1/2021,9/30/2021,35,100,Range,,10/15/2021 at 10:43 PM,10/15/2021 at 10:43 PM,hemorrhage
120001,Simga Rho Theta,HI,hemorrhage_provider_education_and_protocol,all,4/1/2021,6/30/2021,35,100,Range,,07/15/2021 at 06:26 PM,07/15/2021 at 06:26 PM,hemorrhage
120001,Simga Rho Theta,HI,hemorrhage_risk_assessment,all,7/1/2022,9/30/2022,95,100,Range,,01/09/2023 at 07:29 PM,01/09/2023 at 07:29 PM,hemorrhage
120001,Simga Rho Theta,HI,hemorrhage_risk_assessment,all,4/1/2022,6/30/2022,95,100,Range,,08/08/2022 at 10:26 PM,01/09/2023 at 07:27 PM,hemorrhage
120001,Simga Rho Theta,HI,hemorrhage_risk_assessment,all,1/1/2022,3/31/2022,95,100,Range,,06/02/2022 at 08:02 PM,06/02/2022 at 08:02 PM,hemorrhage
120001,Simga Rho Theta,HI,hemorrhage_risk_assessment,all,10/1/2021,12/31/2021,95,100,Range,,02/11/2022 at 07:57 PM,02/11/2022 at 07:57 PM,hemorrhage
120001,Simga Rho Theta,HI,hemorrhage_risk_assessment,all,7/1/2021,9/30/2021,95,100,Range,,10/15/2021 at 10:35 PM,10/15/2021 at 10:35 PM,hemorrhage
120001,Simga Rho Theta,HI,hemorrhage_risk_assessment,all,4/1/2021,6/30/2021,95,100,Range,,07/15/2021 at 06:26 PM,07/15/2021 at 06:26 PM,hemorrhage
120001,Simga Rho Theta,HI,medication_assisted_treatment_referral,all,7/1/2023,9/30/2023,0,0,Numerator/Denominator,,12/12/2023 at 07:14 PM,12/12/2023 at 07:14 PM,cppsud
120001,Simga Rho Theta,HI,medication_assisted_treatment_referral,all,4/1/2023,6/30/2023,0,0,Numerator/Denominator,,12/12/2023 at 07:10 PM,12/12/2023 at 07:10 PM,cppsud
120001,Simga Rho Theta,HI,medication_assisted_treatment_referral,all,1/1/2023,3/31/2023,1,1,Numerator/Denominator,,12/12/2023 at 06:29 PM,12/12/2023 at 06:29 PM,cppsud
120001,Simga Rho Theta,HI,medication_assisted_treatment_referral,all,10/1/2022,12/31/2022,0,0,Numerator/Denominator,,03/29/2023 at 11:39 PM,03/29/2023 at 11:39 PM,cppsud
120001,Simga Rho Theta,HI,medication_assisted_treatment_referral,all,4/1/2025,6/30/2025,0,0,Numerator/Denominator,,07/17/2025 at 01:26 PM,07/17/2025 at 01:26 PM,cppsud
120001,Simga Rho Theta,HI,medication_assisted_treatment_referral,all,7/1/2022,9/30/2022,0,0,Numerator/Denominator,,02/01/2023 at 05:28 PM,02/01/2023 at 05:28 PM,cppsud
120001,Simga Rho Theta,HI,medication_assisted_treatment_referral,all,1/1/2025,3/31/2025,2,2,Numerator/Denominator,,05/09/2025 at 05:24 PM,05/09/2025 at 05:24 PM,cppsud
120001,Simga Rho Theta,HI,medication_assisted_treatment_referral,all,10/1/2024,12/31/2024,0,0,Numerator/Denominator,,01/27/2025 at 07:22 PM,01/27/2025 at 07:22 PM,cppsud
120001,Simga Rho Theta,HI,medication_assisted_treatment_referral,all,7/1/2024,9/30/2024,0,0,Numerator/Denominator,,10/24/2024 at 04:16 PM,10/24/2024 at 04:16 PM,cppsud
120001,Simga Rho Theta,HI,medication_assisted_treatment_referral,all,4/1/2024,6/30/2024,0,0,Numerator/Denominator,,08/07/2024 at 03:46 PM,08/07/2024 at 03:46 PM,cppsud
120001,Simga Rho Theta,HI,medication_assisted_treatment_referral,all,1/1/2024,3/31/2024,0,0,Numerator/Denominator,,05/14/2024 at 07:06 PM,05/14/2024 at 07:06 PM,cppsud
120001,Simga Rho Theta,HI,medication_assisted_treatment_referral,all,10/1/2023,12/31/2023,0,0,Numerator/Denominator,,02/02/2024 at 04:43 PM,02/02/2024 at 04:43 PM,cppsud
120001,Simga Rho Theta,HI,medication_counseling,all,1/1/2023,3/31/2023,1,1,Numerator/Denominator,,12/12/2023 at 06:29 PM,12/12/2023 at 06:29 PM,cppsud
120001,Simga Rho Theta,HI,medication_counseling,all,10/1/2022,12/31/2022,0,0,Numerator/Denominator,,03/29/2023 at 11:39 PM,03/29/2023 at 11:39 PM,cppsud
120001,Simga Rho Theta,HI,medication_counseling,all,4/1/2025,6/30/2025,0,0,Numerator/Denominator,,07/17/2025 at 01:26 PM,07/17/2025 at 01:26 PM,cppsud
120001,Simga Rho Theta,HI,medication_counseling,all,7/1/2022,9/30/2022,0,0,Numerator/Denominator,,02/01/2023 at 05:28 PM,02/01/2023 at 05:28 PM,cppsud
120001,Simga Rho Theta,HI,medication_counseling,all,1/1/2025,3/31/2025,2,2,Numerator/Denominator,,04/23/2025 at 01:29 PM,04/23/2025 at 01:29 PM,cppsud
120001,Simga Rho Theta,HI,medication_counseling,all,10/1/2024,12/31/2024,0,0,Numerator/Denominator,,01/27/2025 at 07:22 PM,01/27/2025 at 07:22 PM,cppsud
120001,Simga Rho Theta,HI,medication_counseling,all,7/1/2024,9/30/2024,0,0,Numerator/Denominator,,10/24/2024 at 04:16 PM,10/24/2024 at 04:16 PM,cppsud
120001,Simga Rho Theta,HI,medication_counseling,all,4/1/2024,6/30/2024,0,0,Numerator/Denominator,,08/07/2024 at 03:46 PM,08/07/2024 at 03:46 PM,cppsud
120001,Simga Rho Theta,HI,medication_counseling,all,1/1/2024,3/31/2024,0,0,Numerator/Denominator,,05/14/2024 at 07:06 PM,05/14/2024 at 07:06 PM,cppsud
120001,Simga Rho Theta,HI,medication_counseling,all,10/1/2023,12/31/2023,0,0,Numerator/Denominator,,02/02/2024 at 04:43 PM,02/02/2024 at 04:43 PM,cppsud
120001,Simga Rho Theta,HI,medication_counseling,all,7/1/2023,9/30/2023,0,0,Numerator/Denominator,,12/12/2023 at 07:14 PM,12/12/2023 at 07:14 PM,cppsud
120001,Simga Rho Theta,HI,medication_counseling,all,4/1/2023,6/30/2023,0,0,Numerator/Denominator,,12/12/2023 at 07:10 PM,12/12/2023 at 07:10 PM,cppsud
120001,Simga Rho Theta,HI,naloxone_counseling,all,10/1/2022,12/31/2022,0,6,Numerator/Denominator,,03/29/2023 at 11:39 PM,03/29/2023 at 11:39 PM,cppsud
120001,Simga Rho Theta,HI,naloxone_counseling,all,4/1/2025,6/30/2025,0,0,Numerator/Denominator,,07/17/2025 at 01:26 PM,07/17/2025 at 01:26 PM,cppsud
120001,Simga Rho Theta,HI,naloxone_counseling,all,7/1/2022,9/30/2022,0,0,Numerator/Denominator,,02/01/2023 at 05:28 PM,02/01/2023 at 05:28 PM,cppsud
120001,Simga Rho Theta,HI,naloxone_counseling,all,1/1/2025,3/31/2025,0,2,Numerator/Denominator,,04/23/2025 at 01:29 PM,04/23/2025 at 01:29 PM,cppsud
120001,Simga Rho Theta,HI,naloxone_counseling,all,10/1/2024,12/31/2024,0,1,Numerator/Denominator,,01/27/2025 at 07:22 PM,01/27/2025 at 07:22 PM,cppsud
120001,Simga Rho Theta,HI,naloxone_counseling,all,7/1/2024,9/30/2024,0,0,Numerator/Denominator,,10/24/2024 at 04:16 PM,10/24/2024 at 04:16 PM,cppsud
120001,Simga Rho Theta,HI,naloxone_counseling,all,4/1/2024,6/30/2024,0,0,Numerator/Denominator,,08/07/2024 at 03:46 PM,08/07/2024 at 03:46 PM,cppsud
120001,Simga Rho Theta,HI,naloxone_counseling,all,1/1/2024,3/31/2024,0,0,Numerator/Denominator,,05/14/2024 at 07:06 PM,05/14/2024 at 07:06 PM,cppsud
120001,Simga Rho Theta,HI,naloxone_counseling,all,10/1/2023,12/31/2023,0,0,Numerator/Denominator,,02/02/2024 at 04:43 PM,02/02/2024 at 04:43 PM,cppsud
120001,Simga Rho Theta,HI,naloxone_counseling,all,7/1/2023,9/30/2023,0,0,Numerator/Denominator,,12/12/2023 at 07:14 PM,12/12/2023 at 07:14 PM,cppsud
120001,Simga Rho Theta,HI,naloxone_counseling,all,4/1/2023,6/30/2023,0,1,Numerator/Denominator,,12/12/2023 at 07:10 PM,12/12/2023 at 07:10 PM,cppsud
120001,Simga Rho Theta,HI,naloxone_counseling,all,1/1/2023,3/31/2023,0,1,Numerator/Denominator,,12/12/2023 at 06:29 PM,12/12/2023 at 06:29 PM,cppsud
120001,Simga Rho Theta,HI,naloxone_prescription,all,7/1/2022,9/30/2022,0,0,Numerator/Denominator,,02/01/2023 at 05:28 PM,02/20/2024 at 05:03 PM,cppsud
120001,Simga Rho Theta,HI,naloxone_prescription,all,1/1/2025,3/31/2025,0,2,Numerator/Denominator,,04/23/2025 at 01:29 PM,04/23/2025 at 01:29 PM,cppsud
120001,Simga Rho Theta,HI,naloxone_prescription,all,10/1/2024,12/31/2024,0,1,Numerator/Denominator,,01/27/2025 at 07:22 PM,01/27/2025 at 07:22 PM,cppsud
120001,Simga Rho Theta,HI,naloxone_prescription,all,7/1/2024,9/30/2024,0,0,Numerator/Denominator,,10/24/2024 at 04:16 PM,10/24/2024 at 04:16 PM,cppsud
120001,Simga Rho Theta,HI,naloxone_prescription,all,4/1/2024,6/30/2024,0,0,Numerator/Denominator,,08/07/2024 at 03:46 PM,08/07/2024 at 03:46 PM,cppsud
120001,Simga Rho Theta,HI,naloxone_prescription,all,1/1/2024,3/31/2024,0,0,Numerator/Denominator,,05/14/2024 at 07:06 PM,05/14/2024 at 07:06 PM,cppsud
120001,Simga Rho Theta,HI,naloxone_prescription,all,10/1/2023,12/31/2023,0,0,Numerator/Denominator,,02/02/2024 at 04:43 PM,02/20/2024 at 05:01 PM,cppsud
120001,Simga Rho Theta,HI,naloxone_prescription,all,7/1/2023,9/30/2023,0,0,Numerator/Denominator,,12/12/2023 at 07:14 PM,02/20/2024 at 05:01 PM,cppsud
120001,Simga Rho Theta,HI,naloxone_prescription,all,4/1/2023,6/30/2023,0,1,Numerator/Denominator,,12/12/2023 at 07:10 PM,02/20/2024 at 05:02 PM,cppsud
120001,Simga Rho Theta,HI,naloxone_prescription,all,1/1/2023,3/31/2023,0,1,Numerator/Denominator,,12/12/2023 at 06:29 PM,02/20/2024 at 05:02 PM,cppsud
120001,Simga Rho Theta,HI,naloxone_prescription,all,10/1/2022,12/31/2022,0,6,Numerator/Denominator,,03/29/2023 at 11:39 PM,02/20/2024 at 05:03 PM,cppsud
120001,Simga Rho Theta,HI,naloxone_prescription,all,4/1/2025,6/30/2025,0,0,Numerator/Denominator,,07/17/2025 at 01:26 PM,07/17/2025 at 01:26 PM,cppsud
120001,Simga Rho Theta,HI,nursing_equity_education,all,10/1/2022,12/31/2022,5,100,Range,,03/29/2023 at 11:42 PM,03/29/2023 at 11:42 PM,"preeclampsia,hemorrhage,cesarean_reduction"
120001,Simga Rho Theta,HI,other_hypertensive_symptoms_check_scheduling,all,10/1/2022,12/31/2022,0,21,Numerator/Denominator,,03/29/2023 at 11:42 PM,03/29/2023 at 11:42 PM,preeclampsia
120001,Simga Rho Theta,HI,post_hemorrhage_patient_support,all,10/1/2022,12/31/2022,0,15,Numerator/Denominator,,03/29/2023 at 11:57 PM,03/29/2023 at 11:57 PM,hemorrhage
120001,Simga Rho Theta,HI,preeclampsia_emergency_dept_nursing_education,all,10/1/2022,12/31/2022,65,100,Range,,03/29/2023 at 11:42 PM,03/29/2023 at 11:42 PM,preeclampsia
120001,Simga Rho Theta,HI,preeclampsia_nursing_education,all,7/1/2022,9/30/2022,95,100,Range,,01/09/2023 at 07:26 PM,01/09/2023 at 07:26 PM,"preeclampsia,texas_preeclampsia"
120001,Simga Rho Theta,HI,preeclampsia_nursing_education,all,4/1/2022,6/30/2022,95,100,Range,,08/08/2022 at 10:25 PM,08/08/2022 at 10:25 PM,"preeclampsia,texas_preeclampsia"
120001,Simga Rho Theta,HI,preeclampsia_nursing_education,all,1/1/2022,3/31/2022,95,100,Range,,06/02/2022 at 08:01 PM,06/02/2022 at 08:01 PM,"preeclampsia,texas_preeclampsia"
120001,Simga Rho Theta,HI,preeclampsia_nursing_education,all,4/1/2021,6/30/2021,95,100,Range,,02/11/2022 at 08:16 PM,02/11/2022 at 08:16 PM,"preeclampsia,texas_preeclampsia"
120001,Simga Rho Theta,HI,preeclampsia_nursing_education,all,10/1/2021,12/31/2021,95,100,Range,,02/11/2022 at 07:54 PM,02/11/2022 at 07:54 PM,"preeclampsia,texas_preeclampsia"
120001,Simga Rho Theta,HI,preeclampsia_nursing_education,all,7/1/2021,9/30/2021,95,100,Range,,10/15/2021 at 10:44 PM,10/15/2021 at 10:44 PM,"preeclampsia,texas_preeclampsia"
120001,Simga Rho Theta,HI,preeclampsia_nursing_education,all,10/1/2022,12/31/2022,95,100,Range,,03/29/2023 at 11:42 PM,03/29/2023 at 11:42 PM,"preeclampsia,texas_preeclampsia"
120001,Simga Rho Theta,HI,preeclampsia_nursing_education_and_protocol,all,7/1/2021,9/30/2021,95,100,Range,,10/15/2021 at 10:36 PM,10/15/2021 at 10:36 PM,"preeclampsia,texas_preeclampsia"
120001,Simga Rho Theta,HI,preeclampsia_provider_education,all,10/1/2022,12/31/2022,15,100,Range,,03/29/2023 at 11:42 PM,03/29/2023 at 11:42 PM,"preeclampsia,texas_preeclampsia"
120001,Simga Rho Theta,HI,preeclampsia_provider_education,all,7/1/2022,9/30/2022,15,100,Range,,01/09/2023 at 07:26 PM,01/09/2023 at 07:26 PM,"preeclampsia,texas_preeclampsia"
120001,Simga Rho Theta,HI,preeclampsia_provider_education,all,4/1/2022,6/30/2022,15,100,Range,,08/08/2022 at 10:25 PM,08/08/2022 at 10:25 PM,"preeclampsia,texas_preeclampsia"
120001,Simga Rho Theta,HI,preeclampsia_provider_education,all,1/1/2022,3/31/2022,15,100,Range,,06/02/2022 at 08:01 PM,06/02/2022 at 08:01 PM,"preeclampsia,texas_preeclampsia"
120001,Simga Rho Theta,HI,preeclampsia_provider_education,all,4/1/2021,6/30/2021,15,100,Range,,02/11/2022 at 08:16 PM,02/11/2022 at 08:16 PM,"preeclampsia,texas_preeclampsia"
120001,Simga Rho Theta,HI,preeclampsia_provider_education,all,10/1/2021,12/31/2021,15,100,Range,,02/11/2022 at 07:54 PM,02/11/2022 at 07:54 PM,"preeclampsia,texas_preeclampsia"
120001,Simga Rho Theta,HI,preeclampsia_provider_education,all,7/1/2021,9/30/2021,15,100,Range,,10/15/2021 at 10:44 PM,10/15/2021 at 10:44 PM,"preeclampsia,texas_preeclampsia"
120001,Simga Rho Theta,HI,preeclampsia_provider_education_and_protocol,all,7/1/2021,9/30/2021,15,100,Range,,10/15/2021 at 10:44 PM,10/15/2021 at 10:44 PM,"preeclampsia,texas_preeclampsia"
120001,Simga Rho Theta,HI,provider_equity_education,all,10/1/2022,12/31/2022,5,100,Range,,03/29/2023 at 11:42 PM,03/29/2023 at 11:42 PM,"preeclampsia,hemorrhage,cesarean_reduction"
120001,Simga Rho Theta,HI,quant_blood_loss,all,10/1/2022,12/31/2022,322,322,Numerator/Denominator,,03/29/2023 at 11:57 PM,03/29/2023 at 11:57 PM,hemorrhage
120001,Simga Rho Theta,HI,quantified_blood_loss,all,4/1/2022,6/30/2022,95,100,Range,,01/09/2023 at 07:29 PM,01/09/2023 at 07:29 PM,hemorrhage
120001,Simga Rho Theta,HI,quantified_blood_loss,all,7/1/2022,9/30/2022,95,100,Range,,01/09/2023 at 07:29 PM,01/09/2023 at 07:29 PM,hemorrhage
120001,Simga Rho Theta,HI,quantified_blood_loss,all,1/1/2022,3/31/2022,95,100,Range,,06/02/2022 at 08:02 PM,06/02/2022 at 08:02 PM,hemorrhage
120001,Simga Rho Theta,HI,quantified_blood_loss,all,10/1/2021,12/31/2021,95,100,Range,,02/11/2022 at 07:57 PM,02/11/2022 at 07:57 PM,hemorrhage
120001,Simga Rho Theta,HI,quantified_blood_loss,all,7/1/2021,9/30/2021,95,100,Range,,10/15/2021 at 10:35 PM,10/15/2021 at 10:35 PM,hemorrhage
120001,Simga Rho Theta,HI,quantified_blood_loss,all,4/1/2021,6/30/2021,95,100,Range,,07/15/2021 at 06:26 PM,07/15/2021 at 06:26 PM,hemorrhage
120001,Simga Rho Theta,HI,recovery_treatment_services_counseling,all,1/1/2023,3/31/2023,1,1,Numerator/Denominator,,12/12/2023 at 06:29 PM,12/12/2023 at 06:29 PM,cppsud
120001,Simga Rho Theta,HI,recovery_treatment_services_counseling,all,10/1/2022,12/31/2022,4,6,Numerator/Denominator,,03/29/2023 at 11:39 PM,03/29/2023 at 11:39 PM,cppsud
120001,Simga Rho Theta,HI,recovery_treatment_services_counseling,all,4/1/2025,6/30/2025,0,0,Numerator/Denominator,,07/17/2025 at 01:26 PM,07/17/2025 at 01:26 PM,cppsud
120001,Simga Rho Theta,HI,recovery_treatment_services_counseling,all,7/1/2022,9/30/2022,0,0,Numerator/Denominator,,02/01/2023 at 05:28 PM,02/01/2023 at 05:28 PM,cppsud
120001,Simga Rho Theta,HI,recovery_treatment_services_counseling,all,1/1/2025,3/31/2025,2,2,Numerator/Denominator,,04/23/2025 at 01:29 PM,04/23/2025 at 01:29 PM,cppsud
120001,Simga Rho Theta,HI,recovery_treatment_services_counseling,all,10/1/2024,12/31/2024,1,1,Numerator/Denominator,,01/27/2025 at 07:22 PM,01/27/2025 at 07:22 PM,cppsud
120001,Simga Rho Theta,HI,recovery_treatment_services_counseling,all,7/1/2024,9/30/2024,0,0,Numerator/Denominator,,10/24/2024 at 04:16 PM,10/24/2024 at 04:16 PM,cppsud
120001,Simga Rho Theta,HI,recovery_treatment_services_counseling,all,4/1/2024,6/30/2024,0,0,Numerator/Denominator,,08/07/2024 at 03:46 PM,08/07/2024 at 03:46 PM,cppsud
120001,Simga Rho Theta,HI,recovery_treatment_services_counseling,all,1/1/2024,3/31/2024,0,0,Numerator/Denominator,,05/14/2024 at 07:06 PM,05/14/2024 at 07:06 PM,cppsud
120001,Simga Rho Theta,HI,recovery_treatment_services_counseling,all,10/1/2023,12/31/2023,0,0,Numerator/Denominator,,02/02/2024 at 04:43 PM,02/02/2024 at 04:43 PM,cppsud
120001,Simga Rho Theta,HI,recovery_treatment_services_counseling,all,7/1/2023,9/30/2023,0,0,Numerator/Denominator,,12/12/2023 at 07:14 PM,12/12/2023 at 07:14 PM,cppsud
120001,Simga Rho Theta,HI,recovery_treatment_services_counseling,all,4/1/2023,6/30/2023,0,1,Numerator/Denominator,,12/12/2023 at 07:10 PM,12/12/2023 at 07:10 PM,cppsud
120001,Simga Rho Theta,HI,recovery_treatment_services_referral,all,10/1/2022,12/31/2022,4,6,Numerator/Denominator,,03/29/2023 at 11:39 PM,03/29/2023 at 11:39 PM,cppsud
120001,Simga Rho Theta,HI,recovery_treatment_services_referral,all,4/1/2025,6/30/2025,0,0,Numerator/Denominator,,07/17/2025 at 01:26 PM,07/17/2025 at 01:26 PM,cppsud
120001,Simga Rho Theta,HI,recovery_treatment_services_referral,all,7/1/2022,9/30/2022,0,0,Numerator/Denominator,,02/01/2023 at 05:28 PM,02/01/2023 at 05:28 PM,cppsud
120001,Simga Rho Theta,HI,recovery_treatment_services_referral,all,1/1/2025,3/31/2025,2,2,Numerator/Denominator,,04/23/2025 at 01:29 PM,04/23/2025 at 01:29 PM,cppsud
120001,Simga Rho Theta,HI,recovery_treatment_services_referral,all,10/1/2024,12/31/2024,1,1,Numerator/Denominator,,01/27/2025 at 07:22 PM,01/27/2025 at 07:22 PM,cppsud
120001,Simga Rho Theta,HI,recovery_treatment_services_referral,all,7/1/2024,9/30/2024,0,0,Numerator/Denominator,,10/24/2024 at 04:16 PM,10/24/2024 at 04:16 PM,cppsud
120001,Simga Rho Theta,HI,recovery_treatment_services_referral,all,4/1/2024,6/30/2024,0,0,Numerator/Denominator,,08/07/2024 at 03:46 PM,08/07/2024 at 03:46 PM,cppsud
120001,Simga Rho Theta,HI,recovery_treatment_services_referral,all,1/1/2024,3/31/2024,0,0,Numerator/Denominator,,05/14/2024 at 07:06 PM,05/14/2024 at 07:06 PM,cppsud
120001,Simga Rho Theta,HI,recovery_treatment_services_referral,all,10/1/2023,12/31/2023,0,0,Numerator/Denominator,,02/02/2024 at 04:43 PM,02/02/2024 at 04:43 PM,cppsud
120001,Simga Rho Theta,HI,recovery_treatment_services_referral,all,7/1/2023,9/30/2023,0,0,Numerator/Denominator,,12/12/2023 at 07:14 PM,12/12/2023 at 07:14 PM,cppsud
120001,Simga Rho Theta,HI,recovery_treatment_services_referral,all,4/1/2023,6/30/2023,0,1,Numerator/Denominator,,12/12/2023 at 07:10 PM,12/12/2023 at 07:10 PM,cppsud
120001,Simga Rho Theta,HI,recovery_treatment_services_referral,all,1/1/2023,3/31/2023,1,1,Numerator/Denominator,,12/12/2023 at 06:29 PM,12/12/2023 at 06:29 PM,cppsud
120001,Simga Rho Theta,HI,respectful_equitable_care_provider_and_nursing_education,all,7/1/2022,9/30/2022,5,100,Range,,02/01/2023 at 05:28 PM,02/20/2024 at 05:03 PM,"cppsud,ppdt,ccoc,sepsis,mental_health"
120001,Simga Rho Theta,HI,respectful_equitable_care_provider_and_nursing_education,all,1/1/2025,3/31/2025,85,100,Range,,04/23/2025 at 01:29 PM,04/23/2025 at 01:29 PM,"cppsud,ppdt,ccoc,sepsis,mental_health"
120001,Simga Rho Theta,HI,respectful_equitable_care_provider_and_nursing_education,all,10/1/2024,12/31/2024,85,100,Range,,01/27/2025 at 07:22 PM,01/27/2025 at 07:22 PM,"cppsud,ppdt,ccoc,sepsis,mental_health"
120001,Simga Rho Theta,HI,respectful_equitable_care_provider_and_nursing_education,all,7/1/2024,9/30/2024,35,100,Range,,10/24/2024 at 04:16 PM,10/24/2024 at 04:16 PM,"cppsud,ppdt,ccoc,sepsis,mental_health"
120001,Simga Rho Theta,HI,respectful_equitable_care_provider_and_nursing_education,all,4/1/2024,6/30/2024,15,100,Range,,08/07/2024 at 03:46 PM,08/07/2024 at 03:46 PM,"cppsud,ppdt,ccoc,sepsis,mental_health"
120001,Simga Rho Theta,HI,respectful_equitable_care_provider_and_nursing_education,all,1/1/2024,3/31/2024,15,100,Range,,05/14/2024 at 07:06 PM,05/14/2024 at 07:06 PM,"cppsud,ppdt,ccoc,sepsis,mental_health"
120001,Simga Rho Theta,HI,respectful_equitable_care_provider_and_nursing_education,all,10/1/2023,12/31/2023,15,100,Range,,02/02/2024 at 04:43 PM,02/07/2024 at 08:14 PM,"cppsud,ppdt,ccoc,sepsis,mental_health"
120001,Simga Rho Theta,HI,respectful_equitable_care_provider_and_nursing_education,all,7/1/2023,9/30/2023,5,100,Range,,12/12/2023 at 07:14 PM,02/20/2024 at 05:01 PM,"cppsud,ppdt,ccoc,sepsis,mental_health"
120001,Simga Rho Theta,HI,respectful_equitable_care_provider_and_nursing_education,all,4/1/2023,6/30/2023,5,100,Range,,12/12/2023 at 07:10 PM,02/20/2024 at 05:02 PM,"cppsud,ppdt,ccoc,sepsis,mental_health"
120001,Simga Rho Theta,HI,respectful_equitable_care_provider_and_nursing_education,all,1/1/2023,3/31/2023,5,100,Range,,12/12/2023 at 06:29 PM,02/20/2024 at 05:02 PM,"cppsud,ppdt,ccoc,sepsis,mental_health"
120001,Simga Rho Theta,HI,respectful_equitable_care_provider_and_nursing_education,all,10/1/2022,12/31/2022,5,100,Range,,03/29/2023 at 11:39 PM,02/20/2024 at 05:03 PM,"cppsud,ppdt,ccoc,sepsis,mental_health"
120001,Simga Rho Theta,HI,respectful_equitable_care_provider_and_nursing_education,all,4/1/2025,6/30/2025,85,100,Range,,07/17/2025 at 01:26 PM,07/17/2025 at 01:26 PM,"cppsud,ppdt,ccoc,sepsis,mental_health"
120001,Simga Rho Theta,HI,severe_htn_treatment,other,1/1/2022,3/31/2022,0,0,Numerator/Denominator,,06/02/2022 at 08:01 PM,06/02/2022 at 08:01 PM,"preeclampsia,texas_preeclampsia"
120001,Simga Rho Theta,HI,severe_htn_treatment,other_asian,10/1/2022,12/31/2022,8,12,Numerator/Denominator,,03/29/2023 at 10:44 PM,03/29/2023 at 10:44 PM,"preeclampsia,texas_preeclampsia"
120001,Simga Rho Theta,HI,severe_htn_treatment,african_american,10/1/2022,12/31/2022,0,1,Numerator/Denominator,,03/29/2023 at 10:44 PM,03/29/2023 at 10:44 PM,"preeclampsia,texas_preeclampsia"
120001,Simga Rho Theta,HI,severe_htn_treatment,filipino,7/1/2022,9/30/2022,0,0,Numerator/Denominator,,01/09/2023 at 07:25 PM,01/09/2023 at 07:25 PM,"preeclampsia,texas_preeclampsia"
120001,Simga Rho Theta,HI,severe_htn_treatment,native_hawaiian,1/1/2022,3/31/2022,3,5,Numerator/Denominator,,06/02/2022 at 08:01 PM,06/02/2022 at 08:01 PM,"preeclampsia,texas_preeclampsia"
120001,Simga Rho Theta,HI,severe_htn_treatment,white,10/1/2022,12/31/2022,0,1,Numerator/Denominator,,03/29/2023 at 10:44 PM,03/29/2023 at 10:44 PM,"preeclampsia,texas_preeclampsia"
120001,Simga Rho Theta,HI,severe_htn_treatment,other_asian,7/1/2022,9/30/2022,3,6,Numerator/Denominator,,01/09/2023 at 07:25 PM,01/09/2023 at 07:25 PM,"preeclampsia,texas_preeclampsia"
120001,Simga Rho Theta,HI,severe_htn_treatment,african_american,7/1/2022,9/30/2022,0,1,Numerator/Denominator,,01/09/2023 at 07:25 PM,01/09/2023 at 07:25 PM,"preeclampsia,texas_preeclampsia"
120001,Simga Rho Theta,HI,severe_htn_treatment,filipino,1/1/2022,3/31/2022,0,0,Numerator/Denominator,,06/02/2022 at 08:01 PM,06/02/2022 at 08:01 PM,"preeclampsia,texas_preeclampsia"
120001,Simga Rho Theta,HI,severe_htn_treatment,native_hawaiian,10/1/2021,12/31/2021,1,1,Numerator/Denominator,,02/11/2022 at 07:54 PM,02/11/2022 at 07:54 PM,"preeclampsia,texas_preeclampsia"
120001,Simga Rho Theta,HI,severe_htn_treatment,white,7/1/2022,9/30/2022,2,2,Numerator/Denominator,,01/09/2023 at 07:25 PM,01/09/2023 at 07:25 PM,"preeclampsia,texas_preeclampsia"
120001,Simga Rho Theta,HI,severe_htn_treatment,other_asian,1/1/2022,3/31/2022,2,4,Numerator/Denominator,,06/02/2022 at 08:01 PM,06/02/2022 at 08:01 PM,"preeclampsia,texas_preeclampsia"
120001,Simga Rho Theta,HI,severe_htn_treatment,african_american,1/1/2022,3/31/2022,0,0,Numerator/Denominator,,06/02/2022 at 08:01 PM,06/02/2022 at 08:01 PM,"preeclampsia,texas_preeclampsia"
120001,Simga Rho Theta,HI,severe_htn_treatment,other_polynesian,10/1/2022,12/31/2022,0,0,Numerator/Denominator,,03/29/2023 at 10:44 PM,03/29/2023 at 10:44 PM,"preeclampsia,texas_preeclampsia"
120001,Simga Rho Theta,HI,severe_htn_treatment,chinese,10/1/2022,12/31/2022,0,0,Numerator/Denominator,,03/29/2023 at 10:44 PM,03/29/2023 at 10:44 PM,"preeclampsia,texas_preeclampsia"
120001,Simga Rho Theta,HI,severe_htn_treatment,micronesian,10/1/2022,12/31/2022,0,0,Numerator/Denominator,,03/29/2023 at 10:44 PM,03/29/2023 at 10:44 PM,"preeclampsia,texas_preeclampsia"
120001,Simga Rho Theta,HI,severe_htn_treatment,white,1/1/2022,3/31/2022,1,4,Numerator/Denominator,,06/02/2022 at 08:01 PM,06/02/2022 at 08:01 PM,"preeclampsia,texas_preeclampsia"
120001,Simga Rho Theta,HI,severe_htn_treatment,other_asian,10/1/2021,12/31/2021,5,5,Numerator/Denominator,,02/11/2022 at 07:54 PM,02/11/2022 at 07:54 PM,"preeclampsia,texas_preeclampsia"
120001,Simga Rho Theta,HI,severe_htn_treatment,all,10/1/2022,12/31/2022,10,21,Numerator/Denominator,,03/29/2023 at 10:44 PM,03/29/2023 at 10:44 PM,"preeclampsia,texas_preeclampsia"
120001,Simga Rho Theta,HI,severe_htn_treatment,other_polynesian,7/1/2022,9/30/2022,0,0,Numerator/Denominator,,01/09/2023 at 07:25 PM,01/09/2023 at 07:25 PM,"preeclampsia,texas_preeclampsia"
120001,Simga Rho Theta,HI,severe_htn_treatment,chinese,7/1/2022,9/30/2022,0,0,Numerator/Denominator,,01/09/2023 at 07:25 PM,01/09/2023 at 07:25 PM,"preeclampsia,texas_preeclampsia"
120001,Simga Rho Theta,HI,severe_htn_treatment,micronesian,7/1/2022,9/30/2022,0,0,Numerator/Denominator,,01/09/2023 at 07:25 PM,01/09/2023 at 07:25 PM,"preeclampsia,texas_preeclampsia"
120001,Simga Rho Theta,HI,severe_htn_treatment,white,10/1/2021,12/31/2021,1,3,Numerator/Denominator,,02/11/2022 at 07:54 PM,02/11/2022 at 07:54 PM,"preeclampsia,texas_preeclampsia"
120001,Simga Rho Theta,HI,severe_htn_treatment,korean,10/1/2022,12/31/2022,0,0,Numerator/Denominator,,03/29/2023 at 10:44 PM,03/29/2023 at 10:44 PM,"preeclampsia,texas_preeclampsia"
120001,Simga Rho Theta,HI,severe_htn_treatment,all,7/1/2022,9/30/2022,9,18,Numerator/Denominator,,01/09/2023 at 07:25 PM,01/09/2023 at 07:25 PM,"preeclampsia,texas_preeclampsia"
120001,Simga Rho Theta,HI,severe_htn_treatment,other_polynesian,1/1/2022,3/31/2022,0,0,Numerator/Denominator,,06/02/2022 at 08:01 PM,06/02/2022 at 08:01 PM,"preeclampsia,texas_preeclampsia"
120001,Simga Rho Theta,HI,severe_htn_treatment,chinese,1/1/2022,3/31/2022,0,0,Numerator/Denominator,,06/02/2022 at 08:01 PM,06/02/2022 at 08:01 PM,"preeclampsia,texas_preeclampsia"
120001,Simga Rho Theta,HI,severe_htn_treatment,native_american,10/1/2022,12/31/2022,0,0,Numerator/Denominator,,03/29/2023 at 10:44 PM,03/29/2023 at 10:44 PM,"preeclampsia,texas_preeclampsia"
120001,Simga Rho Theta,HI,severe_htn_treatment,korean,7/1/2022,9/30/2022,0,1,Numerator/Denominator,,01/09/2023 at 07:25 PM,01/09/2023 at 07:25 PM,"preeclampsia,texas_preeclampsia"
120001,Simga Rho Theta,HI,severe_htn_treatment,all,4/1/2022,6/30/2022,21,23,Numerator/Denominator,,08/08/2022 at 10:25 PM,08/08/2022 at 10:25 PM,"preeclampsia,texas_preeclampsia"
120001,Simga Rho Theta,HI,severe_htn_treatment,other_pacific_islander,10/1/2022,12/31/2022,0,0,Numerator/Denominator,,03/29/2023 at 10:44 PM,03/29/2023 at 10:44 PM,"preeclampsia,texas_preeclampsia"
120001,Simga Rho Theta,HI,severe_htn_treatment,unknown,10/1/2022,12/31/2022,0,0,Numerator/Denominator,,03/29/2023 at 10:44 PM,03/29/2023 at 10:44 PM,"preeclampsia,texas_preeclampsia"
120001,Simga Rho Theta,HI,severe_htn_treatment,native_american,7/1/2022,9/30/2022,0,0,Numerator/Denominator,,01/09/2023 at 07:25 PM,01/09/2023 at 07:25 PM,"preeclampsia,texas_preeclampsia"
120001,Simga Rho Theta,HI,severe_htn_treatment,korean,1/1/2022,3/31/2022,0,0,Numerator/Denominator,,06/02/2022 at 08:01 PM,06/02/2022 at 08:01 PM,"preeclampsia,texas_preeclampsia"
120001,Simga Rho Theta,HI,severe_htn_treatment,all,1/1/2022,3/31/2022,6,14,Numerator/Denominator,,06/02/2022 at 08:01 PM,06/02/2022 at 08:01 PM,"preeclampsia,texas_preeclampsia"
120001,Simga Rho Theta,HI,severe_htn_treatment,other_pacific_islander,7/1/2022,9/30/2022,0,0,Numerator/Denominator,,01/09/2023 at 07:25 PM,01/09/2023 at 07:25 PM,"preeclampsia,texas_preeclampsia"
120001,Simga Rho Theta,HI,severe_htn_treatment,unknown,7/1/2022,9/30/2022,0,0,Numerator/Denominator,,01/09/2023 at 07:25 PM,01/09/2023 at 07:25 PM,"preeclampsia,texas_preeclampsia"
120001,Simga Rho Theta,HI,severe_htn_treatment,native_american,1/1/2022,3/31/2022,0,0,Numerator/Denominator,,06/02/2022 at 08:01 PM,06/02/2022 at 08:01 PM,"preeclampsia,texas_preeclampsia"
120001,Simga Rho Theta,HI,severe_htn_treatment,japanese,10/1/2022,12/31/2022,0,0,Numerator/Denominator,,03/29/2023 at 10:44 PM,03/29/2023 at 10:44 PM,"preeclampsia,texas_preeclampsia"
120001,Simga Rho Theta,HI,severe_htn_treatment,all,4/1/2021,6/30/2021,10,13,Numerator/Denominator,,02/11/2022 at 08:16 PM,02/11/2022 at 08:16 PM,"preeclampsia,texas_preeclampsia"
120001,Simga Rho Theta,HI,severe_htn_treatment,other_pacific_islander,1/1/2022,3/31/2022,0,0,Numerator/Denominator,,06/02/2022 at 08:01 PM,06/02/2022 at 08:01 PM,"preeclampsia,texas_preeclampsia"
120001,Simga Rho Theta,HI,severe_htn_treatment,unknown,1/1/2022,3/31/2022,0,0,Numerator/Denominator,,06/02/2022 at 08:01 PM,06/02/2022 at 08:01 PM,"preeclampsia,texas_preeclampsia"
120001,Simga Rho Theta,HI,severe_htn_treatment,hispanic,10/1/2022,12/31/2022,0,0,Numerator/Denominator,,03/29/2023 at 10:44 PM,03/29/2023 at 10:44 PM,"preeclampsia,texas_preeclampsia"
120001,Simga Rho Theta,HI,severe_htn_treatment,japanese,7/1/2022,9/30/2022,0,0,Numerator/Denominator,,01/09/2023 at 07:25 PM,01/09/2023 at 07:25 PM,"preeclampsia,texas_preeclampsia"
120001,Simga Rho Theta,HI,severe_htn_treatment,all,7/1/2021,9/30/2021,6,14,Numerator/Denominator,,02/11/2022 at 07:59 PM,02/11/2022 at 07:59 PM,"preeclampsia,texas_preeclampsia"
120001,Simga Rho Theta,HI,severe_htn_treatment,other_pacific_islander,10/1/2021,12/31/2021,,1,Numerator/Denominator,,02/11/2022 at 07:54 PM,02/11/2022 at 07:54 PM,"preeclampsia,texas_preeclampsia"
120001,Simga Rho Theta,HI,severe_htn_treatment,other,10/1/2022,12/31/2022,0,0,Numerator/Denominator,,03/29/2023 at 10:44 PM,03/29/2023 at 10:44 PM,"preeclampsia,texas_preeclampsia"
120001,Simga Rho Theta,HI,severe_htn_treatment,hispanic,7/1/2022,9/30/2022,0,1,Numerator/Denominator,,01/09/2023 at 07:25 PM,01/09/2023 at 07:25 PM,"preeclampsia,texas_preeclampsia"
120001,Simga Rho Theta,HI,severe_htn_treatment,native_hawaiian,10/1/2022,12/31/2022,2,7,Numerator/Denominator,,03/29/2023 at 10:44 PM,03/29/2023 at 10:44 PM,"preeclampsia,texas_preeclampsia"
120001,Simga Rho Theta,HI,severe_htn_treatment,japanese,1/1/2022,3/31/2022,0,0,Numerator/Denominator,,06/02/2022 at 08:01 PM,06/02/2022 at 08:01 PM,"preeclampsia,texas_preeclampsia"
120001,Simga Rho Theta,HI,severe_htn_treatment,all,10/1/2021,12/31/2021,7,10,Numerator/Denominator,,02/11/2022 at 07:54 PM,02/11/2022 at 07:54 PM,"preeclampsia,texas_preeclampsia"
120001,Simga Rho Theta,HI,severe_htn_treatment,other,7/1/2022,9/30/2022,0,0,Numerator/Denominator,,01/09/2023 at 07:25 PM,01/09/2023 at 07:25 PM,"preeclampsia,texas_preeclampsia"
120001,Simga Rho Theta,HI,severe_htn_treatment,micronesian,1/1/2022,3/31/2022,0,0,Numerator/Denominator,,06/02/2022 at 08:01 PM,06/02/2022 at 08:01 PM,"preeclampsia,texas_preeclampsia"
120001,Simga Rho Theta,HI,severe_htn_treatment,hispanic,1/1/2022,3/31/2022,0,1,Numerator/Denominator,,06/02/2022 at 08:01 PM,06/02/2022 at 08:01 PM,"preeclampsia,texas_preeclampsia"
120001,Simga Rho Theta,HI,severe_htn_treatment,filipino,10/1/2022,12/31/2022,0,0,Numerator/Denominator,,03/29/2023 at 10:44 PM,03/29/2023 at 10:44 PM,"preeclampsia,texas_preeclampsia"
120001,Simga Rho Theta,HI,severe_htn_treatment,native_hawaiian,7/1/2022,9/30/2022,4,7,Numerator/Denominator,,01/09/2023 at 07:25 PM,01/09/2023 at 07:25 PM,"preeclampsia,texas_preeclampsia"
120001,Simga Rho Theta,HI,severe_hypertension_symptoms_check_scheduling,all,10/1/2022,12/31/2022,0,21,Numerator/Denominator,,03/29/2023 at 11:42 PM,03/29/2023 at 11:42 PM,preeclampsia
120001,Simga Rho Theta,HI,sud_provider_and_nursing_education,all,4/1/2025,6/30/2025,85,100,Range,,07/17/2025 at 01:26 PM,07/17/2025 at 01:26 PM,cppsud
120001,Simga Rho Theta,HI,sud_provider_and_nursing_education,all,7/1/2022,9/30/2022,5,100,Range,,02/01/2023 at 05:28 PM,02/20/2024 at 05:03 PM,cppsud
120001,Simga Rho Theta,HI,sud_provider_and_nursing_education,all,1/1/2025,3/31/2025,85,100,Range,,04/23/2025 at 01:29 PM,04/23/2025 at 01:29 PM,cppsud
120001,Simga Rho Theta,HI,sud_provider_and_nursing_education,all,10/1/2024,12/31/2024,85,100,Range,,01/27/2025 at 07:22 PM,01/27/2025 at 07:22 PM,cppsud
120001,Simga Rho Theta,HI,sud_provider_and_nursing_education,all,7/1/2024,9/30/2024,35,100,Range,,10/24/2024 at 04:16 PM,10/24/2024 at 04:16 PM,cppsud
120001,Simga Rho Theta,HI,sud_provider_and_nursing_education,all,4/1/2024,6/30/2024,15,100,Range,,08/07/2024 at 03:46 PM,08/07/2024 at 03:46 PM,cppsud
120001,Simga Rho Theta,HI,sud_provider_and_nursing_education,all,1/1/2024,3/31/2024,15,100,Range,,05/14/2024 at 07:06 PM,05/14/2024 at 07:06 PM,cppsud
120001,Simga Rho Theta,HI,sud_provider_and_nursing_education,all,10/1/2023,12/31/2023,15,100,Range,,02/02/2024 at 04:43 PM,02/07/2024 at 08:14 PM,cppsud
120001,Simga Rho Theta,HI,sud_provider_and_nursing_education,all,7/1/2023,9/30/2023,5,100,Range,,12/12/2023 at 07:14 PM,02/20/2024 at 05:01 PM,cppsud
120001,Simga Rho Theta,HI,sud_provider_and_nursing_education,all,4/1/2023,6/30/2023,5,100,Range,,12/12/2023 at 07:10 PM,02/20/2024 at 05:02 PM,cppsud
120001,Simga Rho Theta,HI,sud_provider_and_nursing_education,all,1/1/2023,3/31/2023,5,100,Range,,12/12/2023 at 06:29 PM,02/20/2024 at 05:02 PM,cppsud
120001,Simga Rho Theta,HI,sud_provider_and_nursing_education,all,10/1/2022,12/31/2022,5,100,Range,,03/29/2023 at 11:39 PM,02/20/2024 at 05:03 PM,cppsud
120001,Simga Rho Theta,HI,sud_universal_screening,all,10/1/2024,12/31/2024,152,223,Numerator/Denominator,,01/27/2025 at 07:22 PM,01/27/2025 at 07:22 PM,cppsud
120001,Simga Rho Theta,HI,sud_universal_screening,all,7/1/2024,9/30/2024,0,432,Numerator/Denominator,,10/24/2024 at 04:16 PM,10/24/2024 at 04:16 PM,cppsud
120001,Simga Rho Theta,HI,sud_universal_screening,all,4/1/2024,6/30/2024,0,375,Numerator/Denominator,,08/07/2024 at 03:46 PM,08/07/2024 at 03:46 PM,cppsud
120001,Simga Rho Theta,HI,sud_universal_screening,all,1/1/2024,3/31/2024,0,381,Numerator/Denominator,,05/14/2024 at 07:06 PM,05/14/2024 at 07:06 PM,cppsud
120001,Simga Rho Theta,HI,sud_universal_screening,all,10/1/2023,12/31/2023,0,294,Numerator/Denominator,,02/02/2024 at 04:43 PM,02/02/2024 at 04:43 PM,cppsud
120001,Simga Rho Theta,HI,sud_universal_screening,all,7/1/2023,9/30/2023,0,315,Numerator/Denominator,,12/12/2023 at 07:14 PM,12/12/2023 at 07:14 PM,cppsud
120001,Simga Rho Theta,HI,sud_universal_screening,all,4/1/2023,6/30/2023,0,336,Numerator/Denominator,,12/12/2023 at 07:10 PM,12/12/2023 at 07:10 PM,cppsud
120001,Simga Rho Theta,HI,sud_universal_screening,all,1/1/2023,3/31/2023,0,327,Numerator/Denominator,,12/12/2023 at 06:29 PM,12/12/2023 at 06:29 PM,cppsud
120001,Simga Rho Theta,HI,sud_universal_screening,all,10/1/2022,12/31/2022,0,322,Numerator/Denominator,,03/29/2023 at 11:39 PM,03/29/2023 at 11:39 PM,cppsud
120001,Simga Rho Theta,HI,sud_universal_screening,all,4/1/2025,6/30/2025,288,439,Numerator/Denominator,,07/17/2025 at 01:26 PM,07/17/2025 at 01:26 PM,cppsud
120001,Simga Rho Theta,HI,sud_universal_screening,all,7/1/2022,9/30/2022,0,338,Numerator/Denominator,,02/01/2023 at 05:28 PM,02/01/2023 at 05:28 PM,cppsud
120001,Simga Rho Theta,HI,sud_universal_screening,all,1/1/2025,3/31/2025,275,428,Numerator/Denominator,,04/23/2025 at 01:29 PM,04/23/2025 at 01:29 PM,cppsud
120001,Simga Rho Theta,HI,topics_covered_hemorrhage,all,10/1/2022,12/31/2022,0,1,Numerator/Denominator,,03/29/2023 at 10:44 PM,03/29/2023 at 10:44 PM,"preeclampsia,hemorrhage"
120001,Simga Rho Theta,HI,topics_covered_hemorrhage,all,7/1/2022,9/30/2022,0,1,Numerator/Denominator,,01/09/2023 at 07:26 PM,01/09/2023 at 07:26 PM,"preeclampsia,hemorrhage"
120001,Simga Rho Theta,HI,topics_covered_hemorrhage,all,4/1/2022,6/30/2022,1,1,Numerator/Denominator,,08/08/2022 at 09:57 PM,01/09/2023 at 07:27 PM,"preeclampsia,hemorrhage"
120001,Simga Rho Theta,HI,topics_covered_hemorrhage,all,1/1/2022,3/31/2022,0,1,Numerator/Denominator,,06/02/2022 at 08:01 PM,06/02/2022 at 08:01 PM,"preeclampsia,hemorrhage"
120001,Simga Rho Theta,HI,topics_covered_hemorrhage,all,10/1/2021,12/31/2021,0,1,Numerator/Denominator,,02/11/2022 at 07:54 PM,02/11/2022 at 07:54 PM,"preeclampsia,hemorrhage"
120001,Simga Rho Theta,HI,topics_covered_hemorrhage,all,7/1/2021,9/30/2021,0,1,Numerator/Denominator,,10/15/2021 at 10:35 PM,10/15/2021 at 10:35 PM,"preeclampsia,hemorrhage"
120001,Simga Rho Theta,HI,topics_covered_hemorrhage,all,4/1/2021,6/30/2021,1,1,Numerator/Denominator,,07/14/2021 at 11:27 PM,07/14/2021 at 11:27 PM,"preeclampsia,hemorrhage"
120001,Simga Rho Theta,HI,topics_covered_other,all,7/1/2021,9/30/2021,0,1,Numerator/Denominator,,10/15/2021 at 10:35 PM,10/15/2021 at 10:35 PM,"preeclampsia,hemorrhage"
120001,Simga Rho Theta,HI,topics_covered_other,all,4/1/2021,6/30/2021,0,1,Numerator/Denominator,,07/14/2021 at 11:27 PM,07/14/2021 at 11:27 PM,"preeclampsia,hemorrhage"
120001,Simga Rho Theta,HI,topics_covered_other,all,10/1/2022,12/31/2022,0,1,Numerator/Denominator,,03/29/2023 at 10:44 PM,03/29/2023 at 10:44 PM,"preeclampsia,hemorrhage"
120001,Simga Rho Theta,HI,topics_covered_other,all,7/1/2022,9/30/2022,1,1,Numerator/Denominator,,01/09/2023 at 07:26 PM,01/09/2023 at 07:26 PM,"preeclampsia,hemorrhage"
120001,Simga Rho Theta,HI,topics_covered_other,all,4/1/2022,6/30/2022,1,1,Numerator/Denominator,,08/08/2022 at 09:57 PM,01/09/2023 at 07:27 PM,"preeclampsia,hemorrhage"
120001,Simga Rho Theta,HI,topics_covered_other,all,1/1/2022,3/31/2022,0,1,Numerator/Denominator,,06/02/2022 at 08:01 PM,06/02/2022 at 08:01 PM,"preeclampsia,hemorrhage"
120001,Simga Rho Theta,HI,topics_covered_other,all,10/1/2021,12/31/2021,1,1,Numerator/Denominator,,02/11/2022 at 07:54 PM,02/11/2022 at 07:54 PM,"preeclampsia,hemorrhage"
120001,Simga Rho Theta,HI,topics_covered_severe_hypertension,all,7/1/2022,9/30/2022,0,1,Numerator/Denominator,,01/09/2023 at 07:26 PM,01/09/2023 at 07:26 PM,"preeclampsia,hemorrhage"
120001,Simga Rho Theta,HI,topics_covered_severe_hypertension,all,4/1/2022,6/30/2022,0,1,Numerator/Denominator,,08/08/2022 at 09:57 PM,01/09/2023 at 07:27 PM,"preeclampsia,hemorrhage"
120001,Simga Rho Theta,HI,topics_covered_severe_hypertension,all,1/1/2022,3/31/2022,0,1,Numerator/Denominator,,06/02/2022 at 08:01 PM,06/02/2022 at 08:01 PM,"preeclampsia,hemorrhage"
120001,Simga Rho Theta,HI,topics_covered_severe_hypertension,all,10/1/2021,12/31/2021,0,1,Numerator/Denominator,,02/11/2022 at 07:55 PM,02/11/2022 at 07:55 PM,"preeclampsia,hemorrhage"
120001,Simga Rho Theta,HI,topics_covered_severe_hypertension,all,7/1/2021,9/30/2021,0,1,Numerator/Denominator,,10/15/2021 at 10:35 PM,10/15/2021 at 10:35 PM,"preeclampsia,hemorrhage"
120001,Simga Rho Theta,HI,topics_covered_severe_hypertension,all,4/1/2021,6/30/2021,1,1,Numerator/Denominator,,07/14/2021 at 11:27 PM,07/14/2021 at 11:27 PM,"preeclampsia,hemorrhage"
120001,Simga Rho Theta,HI,topics_covered_severe_hypertension,all,10/1/2022,12/31/2022,0,1,Numerator/Denominator,,03/29/2023 at 10:44 PM,03/29/2023 at 10:44 PM,"preeclampsia,hemorrhage"
120001,Simga Rho Theta,HI,unit_drill_count,all,10/1/2022,12/31/2022,0,1,Raw Value,,03/29/2023 at 10:44 PM,03/29/2023 at 10:44 PM,"preeclampsia,hemorrhage,texas_preeclampsia"
120001,Simga Rho Theta,HI,unit_drill_count,all,7/1/2022,9/30/2022,1,1,Raw Value,,01/09/2023 at 07:25 PM,01/09/2023 at 07:25 PM,"preeclampsia,hemorrhage,texas_preeclampsia"
120001,Simga Rho Theta,HI,unit_drill_count,all,4/1/2022,6/30/2022,2,1,Raw Value,,08/08/2022 at 09:57 PM,01/09/2023 at 07:27 PM,"preeclampsia,hemorrhage,texas_preeclampsia"
120001,Simga Rho Theta,HI,unit_drill_count,all,1/1/2022,3/31/2022,0,1,Raw Value,,06/02/2022 at 08:01 PM,06/02/2022 at 08:01 PM,"preeclampsia,hemorrhage,texas_preeclampsia"
120001,Simga Rho Theta,HI,unit_drill_count,all,10/1/2021,12/31/2021,2,1,Raw Value,,02/11/2022 at 07:54 PM,02/11/2022 at 07:54 PM,"preeclampsia,hemorrhage,texas_preeclampsia"
120001,Simga Rho Theta,HI,unit_drill_count,all,7/1/2021,9/30/2021,0,1,Raw Value,,10/15/2021 at 10:35 PM,10/15/2021 at 10:35 PM,"preeclampsia,hemorrhage,texas_preeclampsia"
120001,Simga Rho Theta,HI,unit_drill_count,all,4/1/2021,6/30/2021,2,1,Raw Value,,07/14/2021 at 11:27 PM,07/14/2021 at 11:27 PM,"preeclampsia,hemorrhage,texas_preeclampsia"
120001,Simga Rho Theta,HI,warning_signs_patient_education,all,10/1/2022,12/31/2022,3,1,Raw Value,,03/28/2023 at 11:52 PM,03/28/2023 at 11:52 PM,
120002,Psi Gamma Eta,HI,biological_parent_discharge,all,4/1/2025,6/30/2025,2,3,Numerator/Denominator,,08/04/2025 at 05:44 PM,08/04/2025 at 05:44 PM,cppsud
120002,Psi Gamma Eta,HI,biological_parent_discharge,all,7/1/2022,9/30/2022,30,37,Numerator/Denominator,,03/08/2023 at 04:13 PM,03/08/2023 at 04:13 PM,cppsud
120002,Psi Gamma Eta,HI,biological_parent_discharge,all,1/1/2025,3/31/2025,1,2,Numerator/Denominator,,05/09/2025 at 09:54 PM,05/09/2025 at 09:54 PM,cppsud
120002,Psi Gamma Eta,HI,biological_parent_discharge,all,10/1/2024,12/31/2024,1,2,Numerator/Denominator,,02/10/2025 at 07:48 PM,02/10/2025 at 07:48 PM,cppsud
120002,Psi Gamma Eta,HI,biological_parent_discharge,all,7/1/2024,9/30/2024,4,4,Numerator/Denominator,,01/08/2025 at 08:19 PM,01/08/2025 at 08:19 PM,cppsud
120002,Psi Gamma Eta,HI,biological_parent_discharge,all,4/1/2024,6/30/2024,5,7,Numerator/Denominator,,09/25/2024 at 04:44 PM,09/25/2024 at 04:44 PM,cppsud
120002,Psi Gamma Eta,HI,biological_parent_discharge,all,1/1/2024,3/31/2024,0,1,Numerator/Denominator,,09/25/2024 at 04:34 PM,09/25/2024 at 04:34 PM,cppsud
120002,Psi Gamma Eta,HI,biological_parent_discharge,all,10/1/2023,12/31/2023,4,4,Numerator/Denominator,,01/08/2024 at 01:15 PM,01/08/2024 at 01:15 PM,cppsud
120002,Psi Gamma Eta,HI,biological_parent_discharge,all,7/1/2023,9/30/2023,1,1,Numerator/Denominator,,01/04/2024 at 03:52 PM,01/04/2024 at 03:52 PM,cppsud
120002,Psi Gamma Eta,HI,biological_parent_discharge,all,4/1/2023,6/30/2023,4,6,Numerator/Denominator,,01/04/2024 at 03:49 PM,01/04/2024 at 03:49 PM,cppsud
120002,Psi Gamma Eta,HI,biological_parent_discharge,all,1/1/2023,3/31/2023,22,24,Numerator/Denominator,,04/29/2023 at 06:54 PM,04/29/2023 at 06:54 PM,cppsud
120002,Psi Gamma Eta,HI,biological_parent_discharge,all,10/1/2022,12/31/2022,33,33,Numerator/Denominator,,03/08/2023 at 04:14 PM,03/08/2023 at 04:14 PM,cppsud
120002,Psi Gamma Eta,HI,hem_risk_assessment,all,1/1/2023,3/31/2023,84,90,Numerator/Denominator,,04/29/2023 at 07:02 PM,04/29/2023 at 07:02 PM,hemorrhage
120002,Psi Gamma Eta,HI,hem_risk_assessment,all,10/1/2022,12/31/2022,72,90,Numerator/Denominator,,02/13/2023 at 07:05 PM,02/13/2023 at 07:05 PM,hemorrhage
120002,Psi Gamma Eta,HI,hem_risk_assessment,all,7/1/2022,9/30/2022,46,90,Numerator/Denominator,,10/28/2022 at 05:35 PM,10/28/2022 at 05:35 PM,hemorrhage
120002,Psi Gamma Eta,HI,hemorrhage_nursing_education,all,1/1/2023,3/31/2023,95,100,Range,,04/29/2023 at 07:02 PM,04/29/2023 at 07:02 PM,hemorrhage
120002,Psi Gamma Eta,HI,hemorrhage_nursing_education,all,10/1/2022,12/31/2022,95,100,Range,,02/13/2023 at 07:05 PM,03/16/2023 at 07:08 PM,hemorrhage
120002,Psi Gamma Eta,HI,hemorrhage_nursing_education,all,7/1/2022,9/30/2022,95,100,Range,,10/28/2022 at 05:36 PM,03/15/2023 at 02:38 PM,hemorrhage
120002,Psi Gamma Eta,HI,hemorrhage_nursing_education,all,4/1/2022,6/30/2022,95,100,Range,,08/11/2022 at 04:30 PM,10/28/2022 at 08:37 PM,hemorrhage
120002,Psi Gamma Eta,HI,hemorrhage_nursing_education,all,1/1/2022,3/31/2022,95,100,Range,,08/05/2022 at 05:31 PM,08/05/2022 at 05:31 PM,hemorrhage
120002,Psi Gamma Eta,HI,hemorrhage_nursing_education,all,10/1/2021,12/31/2021,95,100,Range,,03/14/2022 at 11:44 PM,03/14/2022 at 11:44 PM,hemorrhage
120002,Psi Gamma Eta,HI,hemorrhage_nursing_education,all,7/1/2021,9/30/2021,95,100,Range,,10/28/2021 at 08:40 PM,10/28/2021 at 08:40 PM,hemorrhage
120002,Psi Gamma Eta,HI,hemorrhage_nursing_education,all,4/1/2021,6/30/2021,95,100,Range,,08/17/2021 at 04:04 PM,08/17/2021 at 04:04 PM,hemorrhage
120002,Psi Gamma Eta,HI,hemorrhage_nursing_education_and_protocol,all,7/1/2021,9/30/2021,95,100,Range,,10/28/2021 at 08:40 PM,10/28/2021 at 08:40 PM,hemorrhage
120002,Psi Gamma Eta,HI,hemorrhage_nursing_education_and_protocol,all,4/1/2021,6/30/2021,95,100,Range,,08/17/2021 at 04:04 PM,08/17/2021 at 04:04 PM,hemorrhage
120002,Psi Gamma Eta,HI,hemorrhage_provider_education,all,1/1/2023,3/31/2023,5,100,Range,,04/29/2023 at 07:02 PM,04/29/2023 at 07:02 PM,hemorrhage
120002,Psi Gamma Eta,HI,hemorrhage_provider_education,all,10/1/2022,12/31/2022,5,100,Range,,02/13/2023 at 07:05 PM,03/16/2023 at 07:08 PM,hemorrhage
120002,Psi Gamma Eta,HI,hemorrhage_provider_education,all,7/1/2022,9/30/2022,5,100,Range,,10/28/2022 at 05:36 PM,03/15/2023 at 02:38 PM,hemorrhage
120002,Psi Gamma Eta,HI,hemorrhage_provider_education,all,4/1/2022,6/30/2022,5,100,Range,,08/11/2022 at 04:30 PM,10/28/2022 at 08:37 PM,hemorrhage
120002,Psi Gamma Eta,HI,hemorrhage_provider_education,all,1/1/2022,3/31/2022,5,100,Range,,08/05/2022 at 05:31 PM,08/05/2022 at 05:31 PM,hemorrhage
120002,Psi Gamma Eta,HI,hemorrhage_provider_education,all,10/1/2021,12/31/2021,95,100,Range,,03/14/2022 at 11:44 PM,03/14/2022 at 11:44 PM,hemorrhage
120002,Psi Gamma Eta,HI,hemorrhage_provider_education,all,7/1/2021,9/30/2021,95,100,Range,,10/28/2021 at 08:40 PM,10/28/2021 at 08:40 PM,hemorrhage
120002,Psi Gamma Eta,HI,hemorrhage_provider_education,all,4/1/2021,6/30/2021,95,100,Range,,08/19/2021 at 03:12 PM,08/19/2021 at 03:12 PM,hemorrhage
120002,Psi Gamma Eta,HI,hemorrhage_provider_education_and_protocol,all,7/1/2021,9/30/2021,95,100,Range,,10/28/2021 at 08:40 PM,10/28/2021 at 08:40 PM,hemorrhage
120002,Psi Gamma Eta,HI,hemorrhage_provider_education_and_protocol,all,4/1/2021,6/30/2021,95,100,Range,,08/19/2021 at 03:12 PM,08/19/2021 at 03:12 PM,hemorrhage
120002,Psi Gamma Eta,HI,hemorrhage_risk_assessment,all,7/1/2022,9/30/2022,55,100,Range,,10/28/2022 at 05:36 PM,03/15/2023 at 02:38 PM,hemorrhage
120002,Psi Gamma Eta,HI,hemorrhage_risk_assessment,all,4/1/2022,6/30/2022,45,100,Range,,08/11/2022 at 04:30 PM,10/28/2022 at 08:37 PM,hemorrhage
120002,Psi Gamma Eta,HI,hemorrhage_risk_assessment,all,1/1/2022,3/31/2022,25,100,Range,,08/05/2022 at 05:31 PM,08/05/2022 at 05:31 PM,hemorrhage
120002,Psi Gamma Eta,HI,hemorrhage_risk_assessment,all,10/1/2021,12/31/2021,35,100,Range,,03/14/2022 at 11:44 PM,03/14/2022 at 11:44 PM,hemorrhage
120002,Psi Gamma Eta,HI,hemorrhage_risk_assessment,all,7/1/2021,9/30/2021,45,100,Range,,10/28/2021 at 08:40 PM,11/04/2021 at 08:06 PM,hemorrhage
120002,Psi Gamma Eta,HI,hemorrhage_risk_assessment,all,4/1/2021,6/30/2021,25,100,Range,,08/20/2021 at 08:01 PM,08/20/2021 at 08:01 PM,hemorrhage
120002,Psi Gamma Eta,HI,medication_assisted_treatment_referral,all,1/1/2023,3/31/2023,0,19,Numerator/Denominator,,04/29/2023 at 06:54 PM,04/29/2023 at 06:54 PM,cppsud
120002,Psi Gamma Eta,HI,medication_assisted_treatment_referral,all,10/1/2022,12/31/2022,0,29,Numerator/Denominator,,03/08/2023 at 04:14 PM,03/08/2023 at 04:14 PM,cppsud
120002,Psi Gamma Eta,HI,medication_assisted_treatment_referral,all,4/1/2025,6/30/2025,1,1,Numerator/Denominator,,08/04/2025 at 05:44 PM,08/04/2025 at 05:44 PM,cppsud
120002,Psi Gamma Eta,HI,medication_assisted_treatment_referral,all,7/1/2022,9/30/2022,0,35,Numerator/Denominator,,03/08/2023 at 04:13 PM,03/08/2023 at 04:13 PM,cppsud
120002,Psi Gamma Eta,HI,medication_assisted_treatment_referral,all,1/1/2025,3/31/2025,0,1,Numerator/Denominator,,05/09/2025 at 09:54 PM,05/09/2025 at 09:54 PM,cppsud
120002,Psi Gamma Eta,HI,medication_assisted_treatment_referral,all,10/1/2024,12/31/2024,0,0,Numerator/Denominator,,02/10/2025 at 07:48 PM,02/10/2025 at 07:48 PM,cppsud
120002,Psi Gamma Eta,HI,medication_assisted_treatment_referral,all,7/1/2024,9/30/2024,0,0,Numerator/Denominator,,01/08/2025 at 08:19 PM,01/08/2025 at 08:19 PM,cppsud
120002,Psi Gamma Eta,HI,medication_assisted_treatment_referral,all,4/1/2024,6/30/2024,3,3,Numerator/Denominator,,09/25/2024 at 04:45 PM,09/25/2024 at 04:45 PM,cppsud
120002,Psi Gamma Eta,HI,medication_assisted_treatment_referral,all,1/1/2024,3/31/2024,0,0,Numerator/Denominator,,09/25/2024 at 04:34 PM,09/25/2024 at 04:34 PM,cppsud
120002,Psi Gamma Eta,HI,medication_assisted_treatment_referral,all,10/1/2023,12/31/2023,0,0,Numerator/Denominator,,01/08/2024 at 01:15 PM,01/08/2024 at 01:15 PM,cppsud
120002,Psi Gamma Eta,HI,medication_assisted_treatment_referral,all,7/1/2023,9/30/2023,0,0,Numerator/Denominator,,01/04/2024 at 03:52 PM,01/04/2024 at 03:52 PM,cppsud
120002,Psi Gamma Eta,HI,medication_assisted_treatment_referral,all,4/1/2023,6/30/2023,1,1,Numerator/Denominator,,01/04/2024 at 03:49 PM,01/04/2024 at 03:49 PM,cppsud
120002,Psi Gamma Eta,HI,medication_counseling,all,10/1/2022,12/31/2022,0,29,Numerator/Denominator,,03/08/2023 at 04:14 PM,03/08/2023 at 04:14 PM,cppsud
120002,Psi Gamma Eta,HI,medication_counseling,all,10/1/2024,12/31/2024,0,0,Numerator/Denominator,,02/10/2025 at 07:48 PM,02/10/2025 at 07:48 PM,cppsud
120002,Psi Gamma Eta,HI,medication_counseling,all,7/1/2022,9/30/2022,0,35,Numerator/Denominator,,03/08/2023 at 04:13 PM,03/08/2023 at 04:13 PM,cppsud
120002,Psi Gamma Eta,HI,medication_counseling,all,7/1/2024,9/30/2024,0,0,Numerator/Denominator,,01/08/2025 at 08:19 PM,01/08/2025 at 08:19 PM,cppsud
120002,Psi Gamma Eta,HI,medication_counseling,all,4/1/2024,6/30/2024,3,3,Numerator/Denominator,,09/25/2024 at 04:43 PM,09/25/2024 at 04:43 PM,cppsud
120002,Psi Gamma Eta,HI,medication_counseling,all,1/1/2024,3/31/2024,0,0,Numerator/Denominator,,09/25/2024 at 04:34 PM,09/25/2024 at 04:34 PM,cppsud
120002,Psi Gamma Eta,HI,medication_counseling,all,10/1/2023,12/31/2023,0,0,Numerator/Denominator,,01/08/2024 at 01:15 PM,01/08/2024 at 01:15 PM,cppsud
120002,Psi Gamma Eta,HI,medication_counseling,all,7/1/2023,9/30/2023,0,0,Numerator/Denominator,,01/04/2024 at 03:52 PM,01/04/2024 at 03:52 PM,cppsud
120002,Psi Gamma Eta,HI,medication_counseling,all,4/1/2025,6/30/2025,0,0,Numerator/Denominator,,08/04/2025 at 05:04 PM,08/04/2025 at 05:04 PM,cppsud
120002,Psi Gamma Eta,HI,medication_counseling,all,4/1/2023,6/30/2023,1,1,Numerator/Denominator,,01/04/2024 at 03:43 PM,01/04/2024 at 03:43 PM,cppsud
120002,Psi Gamma Eta,HI,medication_counseling,all,1/1/2023,3/31/2023,0,24,Numerator/Denominator,,04/29/2023 at 06:40 PM,04/29/2023 at 06:54 PM,cppsud
120002,Psi Gamma Eta,HI,medication_counseling,all,1/1/2025,3/31/2025,1,1,Numerator/Denominator,,05/09/2025 at 09:54 PM,05/09/2025 at 09:54 PM,cppsud
120002,Psi Gamma Eta,HI,naloxone_counseling,all,4/1/2024,6/30/2024,0,7,Numerator/Denominator,,09/25/2024 at 04:43 PM,09/25/2024 at 04:43 PM,cppsud
120002,Psi Gamma Eta,HI,naloxone_counseling,all,1/1/2024,3/31/2024,0,1,Numerator/Denominator,,09/25/2024 at 04:34 PM,09/25/2024 at 04:34 PM,cppsud
120002,Psi Gamma Eta,HI,naloxone_counseling,all,10/1/2023,12/31/2023,0,4,Numerator/Denominator,,01/08/2024 at 01:15 PM,01/08/2024 at 01:15 PM,cppsud
120002,Psi Gamma Eta,HI,naloxone_counseling,all,7/1/2023,9/30/2023,0,1,Numerator/Denominator,,01/04/2024 at 03:52 PM,01/04/2024 at 03:52 PM,cppsud
120002,Psi Gamma Eta,HI,naloxone_counseling,all,4/1/2023,6/30/2023,1,6,Numerator/Denominator,,01/04/2024 at 03:49 PM,01/04/2024 at 03:49 PM,cppsud
120002,Psi Gamma Eta,HI,naloxone_counseling,all,1/1/2023,3/31/2023,0,24,Numerator/Denominator,,04/29/2023 at 06:40 PM,04/29/2023 at 06:54 PM,cppsud
120002,Psi Gamma Eta,HI,naloxone_counseling,all,10/1/2022,12/31/2022,0,29,Numerator/Denominator,,03/08/2023 at 04:14 PM,03/08/2023 at 04:14 PM,cppsud
120002,Psi Gamma Eta,HI,naloxone_counseling,all,4/1/2025,6/30/2025,0,3,Numerator/Denominator,,08/04/2025 at 05:04 PM,08/04/2025 at 05:04 PM,cppsud
120002,Psi Gamma Eta,HI,naloxone_counseling,all,7/1/2022,9/30/2022,0,35,Numerator/Denominator,,03/08/2023 at 04:13 PM,03/08/2023 at 04:13 PM,cppsud
120002,Psi Gamma Eta,HI,naloxone_counseling,all,1/1/2025,3/31/2025,0,2,Numerator/Denominator,,05/09/2025 at 09:54 PM,05/09/2025 at 09:54 PM,cppsud
120002,Psi Gamma Eta,HI,naloxone_counseling,all,10/1/2024,12/31/2024,0,3,Numerator/Denominator,,02/10/2025 at 07:48 PM,02/10/2025 at 07:48 PM,cppsud
120002,Psi Gamma Eta,HI,naloxone_counseling,all,7/1/2024,9/30/2024,0,4,Numerator/Denominator,,01/08/2025 at 08:19 PM,01/08/2025 at 08:19 PM,cppsud
120002,Psi Gamma Eta,HI,naloxone_prescription,all,1/1/2024,3/31/2024,0,1,Numerator/Denominator,,09/25/2024 at 04:34 PM,09/25/2024 at 04:34 PM,cppsud
120002,Psi Gamma Eta,HI,naloxone_prescription,all,10/1/2023,12/31/2023,0,4,Numerator/Denominator,,01/08/2024 at 01:15 PM,03/25/2024 at 02:01 PM,cppsud
120002,Psi Gamma Eta,HI,naloxone_prescription,all,7/1/2023,9/30/2023,0,1,Numerator/Denominator,,01/04/2024 at 03:52 PM,03/25/2024 at 02:03 PM,cppsud
120002,Psi Gamma Eta,HI,naloxone_prescription,all,4/1/2023,6/30/2023,1,1,Numerator/Denominator,,01/04/2024 at 03:49 PM,03/25/2024 at 02:07 PM,cppsud
120002,Psi Gamma Eta,HI,naloxone_prescription,all,1/1/2023,3/31/2023,0,19,Numerator/Denominator,,04/29/2023 at 06:54 PM,03/25/2024 at 02:08 PM,cppsud
120002,Psi Gamma Eta,HI,naloxone_prescription,all,10/1/2022,12/31/2022,0,,Numerator/Denominator,,03/08/2023 at 04:14 PM,03/08/2023 at 04:14 PM,cppsud
120002,Psi Gamma Eta,HI,naloxone_prescription,all,4/1/2025,6/30/2025,1,6,Numerator/Denominator,,08/04/2025 at 05:47 PM,08/04/2025 at 05:47 PM,cppsud
120002,Psi Gamma Eta,HI,naloxone_prescription,all,7/1/2022,9/30/2022,0,,Numerator/Denominator,,03/08/2023 at 04:13 PM,03/08/2023 at 04:13 PM,cppsud
120002,Psi Gamma Eta,HI,naloxone_prescription,all,1/1/2025,3/31/2025,0,2,Numerator/Denominator,,05/09/2025 at 09:54 PM,05/09/2025 at 09:54 PM,cppsud
120002,Psi Gamma Eta,HI,naloxone_prescription,all,10/1/2024,12/31/2024,0,3,Numerator/Denominator,,02/10/2025 at 07:48 PM,02/10/2025 at 07:48 PM,cppsud
120002,Psi Gamma Eta,HI,naloxone_prescription,all,7/1/2024,9/30/2024,0,4,Numerator/Denominator,,01/08/2025 at 08:19 PM,01/08/2025 at 08:19 PM,cppsud
120002,Psi Gamma Eta,HI,naloxone_prescription,all,4/1/2024,6/30/2024,0,7,Numerator/Denominator,,09/25/2024 at 04:45 PM,09/25/2024 at 04:45 PM,cppsud
120002,Psi Gamma Eta,HI,nursing_equity_education,all,1/1/2023,3/31/2023,95,100,Range,,04/29/2023 at 07:02 PM,04/29/2023 at 07:02 PM,"preeclampsia,hemorrhage,cesarean_reduction"
120002,Psi Gamma Eta,HI,nursing_equity_education,all,10/1/2022,12/31/2022,95,100,Range,,02/13/2023 at 07:05 PM,03/16/2023 at 07:08 PM,"preeclampsia,hemorrhage,cesarean_reduction"
120002,Psi Gamma Eta,HI,other_hypertensive_symptoms_check_scheduling,all,1/1/2023,3/31/2023,27,27,Numerator/Denominator,,05/05/2023 at 07:07 PM,05/05/2023 at 07:07 PM,preeclampsia
120002,Psi Gamma Eta,HI,other_hypertensive_symptoms_check_scheduling,all,10/1/2022,12/31/2022,0,0,Numerator/Denominator,,02/13/2023 at 07:58 PM,02/13/2023 at 08:08 PM,preeclampsia
120002,Psi Gamma Eta,HI,post_hemorrhage_patient_support,all,10/1/2022,12/31/2022,0,0,Numerator/Denominator,,02/13/2023 at 07:40 PM,03/08/2023 at 01:57 AM,hemorrhage
120002,Psi Gamma Eta,HI,post_hemorrhage_patient_support,all,7/1/2022,9/30/2022,,,Numerator/Denominator,,10/28/2022 at 05:39 PM,10/28/2022 at 09:25 PM,hemorrhage
120002,Psi Gamma Eta,HI,post_hemorrhage_patient_support,all,1/1/2023,3/31/2023,0,0,Numerator/Denominator,,04/29/2023 at 07:02 PM,04/29/2023 at 07:02 PM,hemorrhage
120002,Psi Gamma Eta,HI,preeclampsia_emergency_dept_nursing_education,all,1/1/2023,3/31/2023,5,100,Range,,05/05/2023 at 07:07 PM,05/05/2023 at 07:07 PM,preeclampsia
120002,Psi Gamma Eta,HI,preeclampsia_emergency_dept_nursing_education,all,10/1/2022,12/31/2022,5,100,Range,,02/13/2023 at 07:58 PM,03/15/2023 at 02:36 PM,preeclampsia
120002,Psi Gamma Eta,HI,preeclampsia_nursing_education,all,10/1/2022,12/31/2022,5,100,Range,,02/13/2023 at 07:58 PM,03/15/2023 at 02:36 PM,"preeclampsia,texas_preeclampsia"
120002,Psi Gamma Eta,HI,preeclampsia_nursing_education,all,7/1/2022,9/30/2022,95,100,Range,,10/28/2022 at 05:33 PM,03/15/2023 at 02:37 PM,"preeclampsia,texas_preeclampsia"
120002,Psi Gamma Eta,HI,preeclampsia_nursing_education,all,4/1/2022,6/30/2022,95,100,Range,,08/11/2022 at 04:29 PM,10/28/2022 at 05:21 PM,"preeclampsia,texas_preeclampsia"
120002,Psi Gamma Eta,HI,preeclampsia_nursing_education,all,1/1/2022,3/31/2022,95,100,Range,,08/05/2022 at 05:20 PM,08/05/2022 at 05:20 PM,"preeclampsia,texas_preeclampsia"
120002,Psi Gamma Eta,HI,preeclampsia_nursing_education,all,10/1/2021,12/31/2021,95,100,Range,,03/14/2022 at 11:41 PM,03/14/2022 at 11:41 PM,"preeclampsia,texas_preeclampsia"
120002,Psi Gamma Eta,HI,preeclampsia_nursing_education,all,7/1/2021,9/30/2021,95,100,Range,,10/28/2021 at 08:18 PM,10/28/2021 at 08:18 PM,"preeclampsia,texas_preeclampsia"
120002,Psi Gamma Eta,HI,preeclampsia_nursing_education,all,4/1/2021,6/30/2021,95,100,Range,,08/17/2021 at 04:01 PM,08/17/2021 at 04:01 PM,"preeclampsia,texas_preeclampsia"
120002,Psi Gamma Eta,HI,preeclampsia_nursing_education,all,1/1/2023,3/31/2023,95,100,Range,,05/05/2023 at 04:53 PM,05/05/2023 at 04:53 PM,"preeclampsia,texas_preeclampsia"
120002,Psi Gamma Eta,HI,preeclampsia_nursing_education_and_protocol,all,7/1/2021,9/30/2021,95,100,Range,,10/28/2021 at 08:18 PM,10/28/2021 at 08:18 PM,"preeclampsia,texas_preeclampsia"
120002,Psi Gamma Eta,HI,preeclampsia_nursing_education_and_protocol,all,4/1/2021,6/30/2021,95,100,Range,,08/17/2021 at 04:01 PM,08/17/2021 at 04:01 PM,"preeclampsia,texas_preeclampsia"
120002,Psi Gamma Eta,HI,preeclampsia_provider_education,all,1/1/2023,3/31/2023,5,100,Range,,05/05/2023 at 07:07 PM,05/05/2023 at 07:07 PM,"preeclampsia,texas_preeclampsia"
120002,Psi Gamma Eta,HI,preeclampsia_provider_education,all,10/1/2022,12/31/2022,5,100,Range,,02/13/2023 at 07:58 PM,03/15/2023 at 02:36 PM,"preeclampsia,texas_preeclampsia"
120002,Psi Gamma Eta,HI,preeclampsia_provider_education,all,7/1/2022,9/30/2022,5,100,Range,,10/28/2022 at 05:33 PM,03/15/2023 at 02:37 PM,"preeclampsia,texas_preeclampsia"
120002,Psi Gamma Eta,HI,preeclampsia_provider_education,all,4/1/2022,6/30/2022,5,100,Range,,08/11/2022 at 04:29 PM,10/28/2022 at 05:21 PM,"preeclampsia,texas_preeclampsia"
120002,Psi Gamma Eta,HI,preeclampsia_provider_education,all,1/1/2022,3/31/2022,5,100,Range,,08/05/2022 at 05:20 PM,08/05/2022 at 05:20 PM,"preeclampsia,texas_preeclampsia"
120002,Psi Gamma Eta,HI,preeclampsia_provider_education,all,10/1/2021,12/31/2021,5,100,Range,,03/14/2022 at 11:41 PM,03/14/2022 at 11:41 PM,"preeclampsia,texas_preeclampsia"
120002,Psi Gamma Eta,HI,preeclampsia_provider_education,all,7/1/2021,9/30/2021,5,100,Range,,10/28/2021 at 08:18 PM,10/28/2021 at 08:18 PM,"preeclampsia,texas_preeclampsia"
120002,Psi Gamma Eta,HI,preeclampsia_provider_education,all,4/1/2021,6/30/2021,5,100,Range,,08/17/2021 at 04:01 PM,08/17/2021 at 04:01 PM,"preeclampsia,texas_preeclampsia"
120002,Psi Gamma Eta,HI,preeclampsia_provider_education_and_protocol,all,7/1/2021,9/30/2021,95,100,Range,,10/28/2021 at 08:18 PM,10/28/2021 at 08:18 PM,"preeclampsia,texas_preeclampsia"
120002,Psi Gamma Eta,HI,preeclampsia_provider_education_and_protocol,all,4/1/2021,6/30/2021,95,100,Range,,08/19/2021 at 03:10 PM,08/19/2021 at 03:10 PM,"preeclampsia,texas_preeclampsia"
120002,Psi Gamma Eta,HI,provider_equity_education,all,1/1/2023,3/31/2023,95,100,Range,,04/29/2023 at 07:02 PM,04/29/2023 at 07:02 PM,"preeclampsia,hemorrhage,cesarean_reduction"
120002,Psi Gamma Eta,HI,provider_equity_education,all,10/1/2022,12/31/2022,95,100,Range,,02/13/2023 at 07:05 PM,03/16/2023 at 07:08 PM,"preeclampsia,hemorrhage,cesarean_reduction"
120002,Psi Gamma Eta,HI,quant_blood_loss,all,1/1/2023,3/31/2023,54,90,Numerator/Denominator,,04/29/2023 at 07:02 PM,04/29/2023 at 07:02 PM,hemorrhage
120002,Psi Gamma Eta,HI,quant_blood_loss,all,10/1/2022,12/31/2022,56,90,Numerator/Denominator,,02/13/2023 at 07:40 PM,02/13/2023 at 07:40 PM,hemorrhage
120002,Psi Gamma Eta,HI,quant_blood_loss,all,7/1/2022,9/30/2022,47,90,Numerator/Denominator,,10/28/2022 at 09:25 PM,10/28/2022 at 09:25 PM,hemorrhage
120002,Psi Gamma Eta,HI,quantified_blood_loss,all,1/1/2022,3/31/2022,35,100,Range,,08/05/2022 at 05:31 PM,08/05/2022 at 05:31 PM,hemorrhage
120002,Psi Gamma Eta,HI,quantified_blood_loss,all,10/1/2021,12/31/2021,55,100,Range,,03/14/2022 at 11:44 PM,03/14/2022 at 11:44 PM,hemorrhage
120002,Psi Gamma Eta,HI,quantified_blood_loss,all,7/1/2021,9/30/2021,45,100,Range,,11/04/2021 at 08:06 PM,11/04/2021 at 08:06 PM,hemorrhage
120002,Psi Gamma Eta,HI,quantified_blood_loss,all,4/1/2021,6/30/2021,45,100,Range,,08/19/2021 at 03:12 PM,08/19/2021 at 03:12 PM,hemorrhage
120002,Psi Gamma Eta,HI,quantified_blood_loss,all,7/1/2022,9/30/2022,55,100,Range,,10/28/2022 at 05:41 PM,03/15/2023 at 02:38 PM,hemorrhage
120002,Psi Gamma Eta,HI,quantified_blood_loss,all,4/1/2022,6/30/2022,45,100,Range,,08/11/2022 at 04:30 PM,10/28/2022 at 08:37 PM,hemorrhage
120002,Psi Gamma Eta,HI,recovery_treatment_services_counseling,all,4/1/2024,6/30/2024,6,7,Numerator/Denominator,,09/25/2024 at 04:43 PM,09/25/2024 at 04:43 PM,cppsud
120002,Psi Gamma Eta,HI,recovery_treatment_services_counseling,all,1/1/2024,3/31/2024,1,1,Numerator/Denominator,,09/25/2024 at 04:34 PM,09/25/2024 at 04:34 PM,cppsud
120002,Psi Gamma Eta,HI,recovery_treatment_services_counseling,all,10/1/2023,12/31/2023,1,4,Numerator/Denominator,,01/08/2024 at 01:15 PM,01/08/2024 at 01:15 PM,cppsud
120002,Psi Gamma Eta,HI,recovery_treatment_services_counseling,all,7/1/2023,9/30/2023,1,1,Numerator/Denominator,,01/04/2024 at 03:52 PM,01/04/2024 at 03:52 PM,cppsud
120002,Psi Gamma Eta,HI,recovery_treatment_services_counseling,all,4/1/2023,6/30/2023,4,6,Numerator/Denominator,,01/04/2024 at 03:43 PM,01/04/2024 at 03:49 PM,cppsud
120002,Psi Gamma Eta,HI,recovery_treatment_services_counseling,all,1/1/2023,3/31/2023,2,24,Numerator/Denominator,,04/29/2023 at 06:40 PM,04/29/2023 at 06:54 PM,cppsud
120002,Psi Gamma Eta,HI,recovery_treatment_services_counseling,all,10/1/2022,12/31/2022,0,29,Numerator/Denominator,,03/08/2023 at 04:14 PM,03/08/2023 at 04:14 PM,cppsud
120002,Psi Gamma Eta,HI,recovery_treatment_services_counseling,all,4/1/2025,6/30/2025,1,3,Numerator/Denominator,,08/04/2025 at 05:04 PM,08/04/2025 at 05:45 PM,cppsud
120002,Psi Gamma Eta,HI,recovery_treatment_services_counseling,all,7/1/2022,9/30/2022,1,35,Numerator/Denominator,,03/08/2023 at 04:13 PM,03/08/2023 at 04:13 PM,cppsud
120002,Psi Gamma Eta,HI,recovery_treatment_services_counseling,all,1/1/2025,3/31/2025,1,2,Numerator/Denominator,,05/09/2025 at 09:54 PM,05/09/2025 at 09:54 PM,cppsud
120002,Psi Gamma Eta,HI,recovery_treatment_services_counseling,all,10/1/2024,12/31/2024,2,3,Numerator/Denominator,,02/10/2025 at 07:48 PM,02/10/2025 at 07:48 PM,cppsud
120002,Psi Gamma Eta,HI,recovery_treatment_services_counseling,all,7/1/2024,9/30/2024,2,4,Numerator/Denominator,,01/08/2025 at 08:19 PM,01/08/2025 at 08:19 PM,cppsud
120002,Psi Gamma Eta,HI,recovery_treatment_services_referral,all,1/1/2024,3/31/2024,1,1,Numerator/Denominator,,09/25/2024 at 04:34 PM,09/25/2024 at 04:34 PM,cppsud
120002,Psi Gamma Eta,HI,recovery_treatment_services_referral,all,10/1/2023,12/31/2023,3,4,Numerator/Denominator,,01/08/2024 at 01:15 PM,01/08/2024 at 01:15 PM,cppsud
120002,Psi Gamma Eta,HI,recovery_treatment_services_referral,all,7/1/2023,9/30/2023,1,1,Numerator/Denominator,,01/04/2024 at 03:52 PM,01/04/2024 at 03:52 PM,cppsud
120002,Psi Gamma Eta,HI,recovery_treatment_services_referral,all,4/1/2023,6/30/2023,4,6,Numerator/Denominator,,01/04/2024 at 03:49 PM,01/04/2024 at 03:49 PM,cppsud
120002,Psi Gamma Eta,HI,recovery_treatment_services_referral,all,1/1/2023,3/31/2023,0,19,Numerator/Denominator,,04/29/2023 at 06:54 PM,04/29/2023 at 06:54 PM,cppsud
120002,Psi Gamma Eta,HI,recovery_treatment_services_referral,all,10/1/2022,12/31/2022,0,29,Numerator/Denominator,,03/08/2023 at 04:14 PM,03/08/2023 at 04:14 PM,cppsud
120002,Psi Gamma Eta,HI,recovery_treatment_services_referral,all,4/1/2025,6/30/2025,3,6,Numerator/Denominator,,08/04/2025 at 05:44 PM,08/04/2025 at 05:47 PM,cppsud
120002,Psi Gamma Eta,HI,recovery_treatment_services_referral,all,7/1/2022,9/30/2022,0,35,Numerator/Denominator,,03/08/2023 at 04:13 PM,03/08/2023 at 04:13 PM,cppsud
120002,Psi Gamma Eta,HI,recovery_treatment_services_referral,all,1/1/2025,3/31/2025,0,1,Numerator/Denominator,,05/09/2025 at 09:54 PM,05/09/2025 at 09:54 PM,cppsud
120002,Psi Gamma Eta,HI,recovery_treatment_services_referral,all,10/1/2024,12/31/2024,1,3,Numerator/Denominator,,02/10/2025 at 07:48 PM,02/10/2025 at 07:48 PM,cppsud
120002,Psi Gamma Eta,HI,recovery_treatment_services_referral,all,7/1/2024,9/30/2024,2,4,Numerator/Denominator,,01/08/2025 at 08:19 PM,01/08/2025 at 08:19 PM,cppsud
120002,Psi Gamma Eta,HI,recovery_treatment_services_referral,all,4/1/2024,6/30/2024,6,7,Numerator/Denominator,,09/25/2024 at 04:45 PM,09/25/2024 at 04:45 PM,cppsud
120002,Psi Gamma Eta,HI,respectful_equitable_care_provider_and_nursing_education,all,10/1/2023,12/31/2023,5,100,Range,,01/08/2024 at 01:15 PM,01/08/2024 at 01:15 PM,"cppsud,ppdt,ccoc,sepsis,mental_health"
120002,Psi Gamma Eta,HI,respectful_equitable_care_provider_and_nursing_education,all,7/1/2023,9/30/2023,5,100,Range,,01/04/2024 at 03:52 PM,01/04/2024 at 03:52 PM,"cppsud,ppdt,ccoc,sepsis,mental_health"
120002,Psi Gamma Eta,HI,respectful_equitable_care_provider_and_nursing_education,all,4/1/2023,6/30/2023,5,100,Range,,01/04/2024 at 03:49 PM,01/04/2024 at 03:49 PM,"cppsud,ppdt,ccoc,sepsis,mental_health"
120002,Psi Gamma Eta,HI,respectful_equitable_care_provider_and_nursing_education,all,1/1/2023,3/31/2023,5,100,Range,,04/29/2023 at 06:40 PM,04/29/2023 at 06:40 PM,"cppsud,ppdt,ccoc,sepsis,mental_health"
120002,Psi Gamma Eta,HI,respectful_equitable_care_provider_and_nursing_education,all,10/1/2022,12/31/2022,5,100,Range,,02/02/2023 at 08:10 PM,03/15/2023 at 02:37 PM,"cppsud,ppdt,ccoc,sepsis,mental_health"
120002,Psi Gamma Eta,HI,respectful_equitable_care_provider_and_nursing_education,all,4/1/2025,6/30/2025,45,100,Range,,08/04/2025 at 05:44 PM,08/04/2025 at 05:44 PM,"cppsud,ppdt,ccoc,sepsis,mental_health"
120002,Psi Gamma Eta,HI,respectful_equitable_care_provider_and_nursing_education,all,7/1/2022,9/30/2022,5,100,Range,,02/02/2023 at 08:08 PM,03/15/2023 at 03:50 PM,"cppsud,ppdt,ccoc,sepsis,mental_health"
120002,Psi Gamma Eta,HI,respectful_equitable_care_provider_and_nursing_education,all,1/1/2025,3/31/2025,55,100,Range,,05/09/2025 at 09:56 PM,05/09/2025 at 09:56 PM,"cppsud,ppdt,ccoc,sepsis,mental_health"
120002,Psi Gamma Eta,HI,respectful_equitable_care_provider_and_nursing_education,all,10/1/2024,12/31/2024,55,100,Range,,02/10/2025 at 07:48 PM,02/10/2025 at 07:56 PM,"cppsud,ppdt,ccoc,sepsis,mental_health"
120002,Psi Gamma Eta,HI,respectful_equitable_care_provider_and_nursing_education,all,7/1/2024,9/30/2024,45,100,Range,,01/08/2025 at 08:19 PM,01/08/2025 at 08:19 PM,"cppsud,ppdt,ccoc,sepsis,mental_health"
120002,Psi Gamma Eta,HI,respectful_equitable_care_provider_and_nursing_education,all,4/1/2024,6/30/2024,85,100,Range,,09/24/2024 at 02:49 PM,09/24/2024 at 02:49 PM,"cppsud,ppdt,ccoc,sepsis,mental_health"
120002,Psi Gamma Eta,HI,respectful_equitable_care_provider_and_nursing_education,all,1/1/2024,3/31/2024,85,100,Range,,09/24/2024 at 02:48 PM,09/24/2024 at 02:48 PM,"cppsud,ppdt,ccoc,sepsis,mental_health"
120002,Psi Gamma Eta,HI,severe_htn_treatment,all,1/1/2022,3/31/2022,0,0,Numerator/Denominator,,08/05/2022 at 05:21 PM,08/05/2022 at 05:21 PM,"preeclampsia,texas_preeclampsia"
120002,Psi Gamma Eta,HI,severe_htn_treatment,all,10/1/2021,12/31/2021,24,24,Numerator/Denominator,,03/14/2022 at 11:41 PM,03/14/2022 at 11:41 PM,"preeclampsia,texas_preeclampsia"
120002,Psi Gamma Eta,HI,severe_htn_treatment,all,7/1/2021,9/30/2021,4,15,Numerator/Denominator,,10/28/2021 at 08:18 PM,10/28/2021 at 08:18 PM,"preeclampsia,texas_preeclampsia"
120002,Psi Gamma Eta,HI,severe_htn_treatment,all,4/1/2021,6/30/2021,8,15,Numerator/Denominator,,10/01/2021 at 05:34 PM,10/05/2021 at 04:39 PM,"preeclampsia,texas_preeclampsia"
120002,Psi Gamma Eta,HI,severe_htn_treatment,all,1/1/2023,3/31/2023,22,22,Numerator/Denominator,,05/05/2023 at 04:53 PM,05/05/2023 at 04:53 PM,"preeclampsia,texas_preeclampsia"
120002,Psi Gamma Eta,HI,severe_htn_treatment,all,10/1/2022,12/31/2022,25,26,Numerator/Denominator,,02/13/2023 at 06:53 PM,02/13/2023 at 06:53 PM,"preeclampsia,texas_preeclampsia"
120002,Psi Gamma Eta,HI,severe_htn_treatment,all,7/1/2022,9/30/2022,27,27,Numerator/Denominator,,10/28/2022 at 05:13 PM,10/28/2022 at 05:13 PM,"preeclampsia,texas_preeclampsia"
120002,Psi Gamma Eta,HI,severe_htn_treatment,all,4/1/2022,6/30/2022,100,100,Numerator/Denominator,,08/11/2022 at 04:29 PM,08/11/2022 at 04:29 PM,"preeclampsia,texas_preeclampsia"
120002,Psi Gamma Eta,HI,severe_hypertension_symptoms_check_scheduling,all,1/1/2023,3/31/2023,22,22,Numerator/Denominator,,05/05/2023 at 04:53 PM,05/05/2023 at 04:53 PM,preeclampsia
120002,Psi Gamma Eta,HI,severe_hypertension_symptoms_check_scheduling,all,10/1/2022,12/31/2022,0,26,Numerator/Denominator,,02/13/2023 at 07:58 PM,02/13/2023 at 07:58 PM,preeclampsia
120002,Psi Gamma Eta,HI,sud_provider_and_nursing_education,all,7/1/2023,9/30/2023,5,100,Range,,01/04/2024 at 03:52 PM,01/04/2024 at 03:52 PM,cppsud
120002,Psi Gamma Eta,HI,sud_provider_and_nursing_education,all,4/1/2023,6/30/2023,5,100,Range,,01/04/2024 at 03:49 PM,01/04/2024 at 03:49 PM,cppsud
120002,Psi Gamma Eta,HI,sud_provider_and_nursing_education,all,1/1/2023,3/31/2023,5,100,Range,,04/29/2023 at 06:40 PM,04/29/2023 at 06:40 PM,cppsud
120002,Psi Gamma Eta,HI,sud_provider_and_nursing_education,all,10/1/2022,12/31/2022,5,100,Range,,02/02/2023 at 08:10 PM,03/15/2023 at 02:37 PM,cppsud
120002,Psi Gamma Eta,HI,sud_provider_and_nursing_education,all,4/1/2025,6/30/2025,35,100,Range,,08/04/2025 at 05:44 PM,08/04/2025 at 05:44 PM,cppsud
120002,Psi Gamma Eta,HI,sud_provider_and_nursing_education,all,7/1/2022,9/30/2022,5,100,Range,,02/02/2023 at 08:08 PM,03/15/2023 at 03:50 PM,cppsud
120002,Psi Gamma Eta,HI,sud_provider_and_nursing_education,all,1/1/2025,3/31/2025,35,100,Range,,05/09/2025 at 09:56 PM,05/09/2025 at 09:56 PM,cppsud
120002,Psi Gamma Eta,HI,sud_provider_and_nursing_education,all,10/1/2024,12/31/2024,35,100,Range,,02/10/2025 at 07:48 PM,02/10/2025 at 07:48 PM,cppsud
120002,Psi Gamma Eta,HI,sud_provider_and_nursing_education,all,7/1/2024,9/30/2024,35,100,Range,,01/08/2025 at 08:19 PM,01/08/2025 at 08:19 PM,cppsud
120002,Psi Gamma Eta,HI,sud_provider_and_nursing_education,all,4/1/2024,6/30/2024,65,100,Range,,09/24/2024 at 02:49 PM,09/24/2024 at 02:49 PM,cppsud
120002,Psi Gamma Eta,HI,sud_provider_and_nursing_education,all,1/1/2024,3/31/2024,55,100,Range,,09/24/2024 at 02:48 PM,09/24/2024 at 02:48 PM,cppsud
120002,Psi Gamma Eta,HI,sud_provider_and_nursing_education,all,10/1/2023,12/31/2023,5,100,Range,,01/08/2024 at 01:15 PM,01/08/2024 at 01:15 PM,cppsud
120002,Psi Gamma Eta,HI,sud_universal_screening,all,10/1/2023,12/31/2023,296,296,Numerator/Denominator,,01/08/2024 at 01:15 PM,01/08/2024 at 01:15 PM,cppsud
120002,Psi Gamma Eta,HI,sud_universal_screening,all,7/1/2023,9/30/2023,325,325,Numerator/Denominator,,01/04/2024 at 03:52 PM,01/04/2024 at 03:52 PM,cppsud
120002,Psi Gamma Eta,HI,sud_universal_screening,all,10/1/2022,12/31/2022,377,377,Numerator/Denominator,,02/02/2023 at 08:10 PM,02/02/2023 at 08:10 PM,cppsud
120002,Psi Gamma Eta,HI,sud_universal_screening,all,4/1/2023,6/30/2023,309,309,Numerator/Denominator,,01/04/2024 at 03:43 PM,01/04/2024 at 03:43 PM,cppsud
120002,Psi Gamma Eta,HI,sud_universal_screening,all,7/1/2022,9/30/2022,336,336,Numerator/Denominator,,02/02/2023 at 08:08 PM,02/02/2023 at 08:08 PM,cppsud
120002,Psi Gamma Eta,HI,sud_universal_screening,all,1/1/2023,3/31/2023,333,333,Numerator/Denominator,,04/29/2023 at 06:38 PM,04/29/2023 at 06:40 PM,cppsud
120002,Psi Gamma Eta,HI,sud_universal_screening,all,4/1/2025,6/30/2025,10,372,Numerator/Denominator,,08/04/2025 at 05:18 PM,08/04/2025 at 05:18 PM,cppsud
120002,Psi Gamma Eta,HI,sud_universal_screening,all,1/1/2025,3/31/2025,0,344,Numerator/Denominator,,05/09/2025 at 09:54 PM,05/09/2025 at 09:54 PM,cppsud
120002,Psi Gamma Eta,HI,sud_universal_screening,all,10/1/2024,12/31/2024,0,341,Numerator/Denominator,,02/10/2025 at 07:48 PM,02/10/2025 at 07:48 PM,cppsud
120002,Psi Gamma Eta,HI,sud_universal_screening,all,7/1/2024,9/30/2024,0,332,Numerator/Denominator,,01/08/2025 at 08:19 PM,01/08/2025 at 08:19 PM,cppsud
120002,Psi Gamma Eta,HI,sud_universal_screening,all,4/1/2024,6/30/2024,0,287,Numerator/Denominator,,09/24/2024 at 02:49 PM,09/24/2024 at 02:49 PM,cppsud
120002,Psi Gamma Eta,HI,sud_universal_screening,all,1/1/2024,3/31/2024,0,397,Numerator/Denominator,,09/24/2024 at 02:48 PM,09/24/2024 at 02:48 PM,cppsud
120002,Psi Gamma Eta,HI,topics_covered_hemorrhage,all,7/1/2022,9/30/2022,0,1,Numerator/Denominator,,10/28/2022 at 05:33 PM,03/15/2023 at 02:37 PM,"preeclampsia,hemorrhage"
120002,Psi Gamma Eta,HI,topics_covered_hemorrhage,all,4/1/2022,6/30/2022,0,1,Numerator/Denominator,,08/11/2022 at 04:29 PM,10/28/2022 at 05:21 PM,"preeclampsia,hemorrhage"
120002,Psi Gamma Eta,HI,topics_covered_hemorrhage,all,1/1/2022,3/31/2022,0,1,Numerator/Denominator,,08/05/2022 at 05:20 PM,08/05/2022 at 05:20 PM,"preeclampsia,hemorrhage"
120002,Psi Gamma Eta,HI,topics_covered_hemorrhage,all,10/1/2021,12/31/2021,0,1,Numerator/Denominator,,03/14/2022 at 11:41 PM,03/14/2022 at 11:41 PM,"preeclampsia,hemorrhage"
120002,Psi Gamma Eta,HI,topics_covered_hemorrhage,all,7/1/2021,9/30/2021,0,1,Numerator/Denominator,,10/28/2021 at 08:18 PM,10/28/2021 at 08:18 PM,"preeclampsia,hemorrhage"
120002,Psi Gamma Eta,HI,topics_covered_hemorrhage,all,1/1/2023,3/31/2023,0,1,Numerator/Denominator,,04/29/2023 at 07:02 PM,04/29/2023 at 07:02 PM,"preeclampsia,hemorrhage"
120002,Psi Gamma Eta,HI,topics_covered_hemorrhage,all,10/1/2022,12/31/2022,0,1,Numerator/Denominator,,02/13/2023 at 06:53 PM,03/16/2023 at 07:08 PM,"preeclampsia,hemorrhage"
120002,Psi Gamma Eta,HI,topics_covered_other,all,1/1/2023,3/31/2023,0,1,Numerator/Denominator,,04/29/2023 at 07:02 PM,04/29/2023 at 07:02 PM,"preeclampsia,hemorrhage"
120002,Psi Gamma Eta,HI,topics_covered_other,all,10/1/2022,12/31/2022,0,1,Numerator/Denominator,,02/13/2023 at 06:53 PM,03/16/2023 at 07:08 PM,"preeclampsia,hemorrhage"
120002,Psi Gamma Eta,HI,topics_covered_other,all,7/1/2022,9/30/2022,0,1,Numerator/Denominator,,10/28/2022 at 05:33 PM,03/15/2023 at 02:37 PM,"preeclampsia,hemorrhage"
120002,Psi Gamma Eta,HI,topics_covered_other,all,4/1/2022,6/30/2022,0,1,Numerator/Denominator,,08/11/2022 at 04:29 PM,10/28/2022 at 05:21 PM,"preeclampsia,hemorrhage"
120002,Psi Gamma Eta,HI,topics_covered_other,all,1/1/2022,3/31/2022,0,1,Numerator/Denominator,,08/05/2022 at 05:20 PM,08/05/2022 at 05:20 PM,"preeclampsia,hemorrhage"
120002,Psi Gamma Eta,HI,topics_covered_other,all,10/1/2021,12/31/2021,0,1,Numerator/Denominator,,03/14/2022 at 11:41 PM,03/14/2022 at 11:41 PM,"preeclampsia,hemorrhage"
120002,Psi Gamma Eta,HI,topics_covered_other,all,7/1/2021,9/30/2021,0,1,Numerator/Denominator,,10/28/2021 at 08:18 PM,10/28/2021 at 08:18 PM,"preeclampsia,hemorrhage"
120002,Psi Gamma Eta,HI,topics_covered_severe_hypertension,all,10/1/2021,12/31/2021,0,1,Numerator/Denominator,,03/14/2022 at 11:41 PM,03/14/2022 at 11:41 PM,"preeclampsia,hemorrhage"
120002,Psi Gamma Eta,HI,topics_covered_severe_hypertension,all,7/1/2021,9/30/2021,0,1,Numerator/Denominator,,10/28/2021 at 08:18 PM,10/28/2021 at 08:18 PM,"preeclampsia,hemorrhage"
120002,Psi Gamma Eta,HI,topics_covered_severe_hypertension,all,1/1/2023,3/31/2023,0,1,Numerator/Denominator,,04/29/2023 at 07:02 PM,04/29/2023 at 07:02 PM,"preeclampsia,hemorrhage"
120002,Psi Gamma Eta,HI,topics_covered_severe_hypertension,all,10/1/2022,12/31/2022,0,1,Numerator/Denominator,,02/13/2023 at 06:53 PM,03/16/2023 at 07:08 PM,"preeclampsia,hemorrhage"
120002,Psi Gamma Eta,HI,topics_covered_severe_hypertension,all,7/1/2022,9/30/2022,0,1,Numerator/Denominator,,10/28/2022 at 05:33 PM,03/15/2023 at 02:37 PM,"preeclampsia,hemorrhage"
120002,Psi Gamma Eta,HI,topics_covered_severe_hypertension,all,4/1/2022,6/30/2022,0,1,Numerator/Denominator,,08/11/2022 at 04:29 PM,10/28/2022 at 05:21 PM,"preeclampsia,hemorrhage"
120002,Psi Gamma Eta,HI,topics_covered_severe_hypertension,all,1/1/2022,3/31/2022,0,1,Numerator/Denominator,,08/05/2022 at 05:20 PM,08/05/2022 at 05:20 PM,"preeclampsia,hemorrhage"
120002,Psi Gamma Eta,HI,unit_drill_count,all,4/1/2022,6/30/2022,0,1,Raw Value,,08/11/2022 at 04:29 PM,10/28/2022 at 05:21 PM,"preeclampsia,hemorrhage,texas_preeclampsia"
120002,Psi Gamma Eta,HI,unit_drill_count,all,1/1/2022,3/31/2022,0,1,Raw Value,,08/05/2022 at 05:20 PM,08/05/2022 at 05:20 PM,"preeclampsia,hemorrhage,texas_preeclampsia"
120002,Psi Gamma Eta,HI,unit_drill_count,all,10/1/2021,12/31/2021,0,1,Raw Value,,03/14/2022 at 11:41 PM,03/14/2022 at 11:41 PM,"preeclampsia,hemorrhage,texas_preeclampsia"
120002,Psi Gamma Eta,HI,unit_drill_count,all,7/1/2021,9/30/2021,0,1,Raw Value,,10/28/2021 at 08:18 PM,10/28/2021 at 08:18 PM,"preeclampsia,hemorrhage,texas_preeclampsia"
120002,Psi Gamma Eta,HI,unit_drill_count,all,4/1/2021,6/30/2021,0,1,Raw Value,,08/17/2021 at 04:01 PM,08/17/2021 at 04:01 PM,"preeclampsia,hemorrhage,texas_preeclampsia"
120002,Psi Gamma Eta,HI,unit_drill_count,all,1/1/2023,3/31/2023,0,1,Raw Value,,04/29/2023 at 07:02 PM,04/29/2023 at 07:02 PM,"preeclampsia,hemorrhage,texas_preeclampsia"
120002,Psi Gamma Eta,HI,unit_drill_count,all,10/1/2022,12/31/2022,0,1,Raw Value,,02/02/2023 at 07:09 PM,03/16/2023 at 07:08 PM,"preeclampsia,hemorrhage,texas_preeclampsia"
120002,Psi Gamma Eta,HI,unit_drill_count,all,7/1/2022,9/30/2022,0,1,Raw Value,,10/28/2022 at 05:34 PM,03/15/2023 at 02:37 PM,"preeclampsia,hemorrhage,texas_preeclampsia"
120002,Psi Gamma Eta,HI,warning_signs_patient_education,all,10/1/2022,12/31/2022,5,1,Raw Value,,02/13/2023 at 06:53 PM,03/15/2023 at 02:36 PM,
120005,Delta Pi Omicron,HI,biological_parent_discharge,all,1/1/2024,3/31/2024,2,2,Numerator/Denominator,,04/11/2024 at 05:01 PM,04/11/2024 at 05:01 PM,cppsud
120005,Delta Pi Omicron,HI,biological_parent_discharge,all,10/1/2023,12/31/2023,1,6,Numerator/Denominator,,01/10/2024 at 02:28 PM,01/10/2024 at 02:34 PM,cppsud
120005,Delta Pi Omicron,HI,biological_parent_discharge,all,7/1/2023,9/30/2023,3,6,Numerator/Denominator,,10/09/2023 at 06:50 PM,10/09/2023 at 06:50 PM,cppsud
120005,Delta Pi Omicron,HI,biological_parent_discharge,all,4/1/2023,6/30/2023,3,5,Numerator/Denominator,,10/03/2023 at 09:51 PM,02/14/2024 at 04:19 PM,cppsud
120005,Delta Pi Omicron,HI,biological_parent_discharge,all,1/1/2023,3/31/2023,3,6,Numerator/Denominator,,06/21/2023 at 04:12 PM,06/21/2023 at 04:12 PM,cppsud
120005,Delta Pi Omicron,HI,biological_parent_discharge,all,10/1/2022,12/31/2022,0,7,Numerator/Denominator,,03/09/2023 at 04:59 PM,02/14/2024 at 03:30 PM,cppsud
120005,Delta Pi Omicron,HI,biological_parent_discharge,all,4/1/2025,6/30/2025,0,3,Numerator/Denominator,,07/08/2025 at 04:25 PM,07/08/2025 at 04:25 PM,cppsud
120005,Delta Pi Omicron,HI,biological_parent_discharge,all,7/1/2022,9/30/2022,0,2,Numerator/Denominator,,03/03/2023 at 12:57 PM,03/03/2023 at 12:57 PM,cppsud
120005,Delta Pi Omicron,HI,biological_parent_discharge,all,1/1/2025,3/31/2025,2,5,Numerator/Denominator,,04/09/2025 at 01:34 PM,04/09/2025 at 01:34 PM,cppsud
120005,Delta Pi Omicron,HI,biological_parent_discharge,all,10/1/2024,12/31/2024,4,10,Numerator/Denominator,,01/09/2025 at 01:04 PM,01/09/2025 at 01:04 PM,cppsud
120005,Delta Pi Omicron,HI,biological_parent_discharge,all,7/1/2024,9/30/2024,1,3,Numerator/Denominator,,10/16/2024 at 05:02 PM,10/16/2024 at 05:02 PM,cppsud
120005,Delta Pi Omicron,HI,biological_parent_discharge,all,4/1/2024,6/30/2024,3,4,Numerator/Denominator,,07/17/2024 at 02:49 PM,07/17/2024 at 02:49 PM,cppsud
120005,Delta Pi Omicron,HI,hem_risk_assessment,all,10/1/2022,12/31/2022,236,236,Numerator/Denominator,,02/16/2023 at 05:10 PM,02/16/2023 at 05:10 PM,hemorrhage
120005,Delta Pi Omicron,HI,hem_risk_assessment,all,7/1/2022,9/30/2022,249,249,Numerator/Denominator,,12/05/2022 at 07:22 PM,12/05/2022 at 07:22 PM,hemorrhage
120005,Delta Pi Omicron,HI,hemorrhage_nursing_education,all,10/1/2021,12/31/2021,95,100,Range,,02/18/2022 at 06:16 PM,02/18/2022 at 06:16 PM,hemorrhage
120005,Delta Pi Omicron,HI,hemorrhage_nursing_education,all,7/1/2021,9/30/2021,95,100,Range,,10/13/2021 at 07:28 PM,01/30/2023 at 05:30 PM,hemorrhage
120005,Delta Pi Omicron,HI,hemorrhage_nursing_education,all,4/1/2021,6/30/2021,95,100,Range,,10/13/2021 at 07:28 PM,01/30/2023 at 05:30 PM,hemorrhage
120005,Delta Pi Omicron,HI,hemorrhage_nursing_education,all,10/1/2022,12/31/2022,95,100,Range,,01/30/2023 at 03:40 PM,01/30/2023 at 03:40 PM,hemorrhage
120005,Delta Pi Omicron,HI,hemorrhage_nursing_education,all,7/1/2022,9/30/2022,95,100,Range,,12/05/2022 at 07:22 PM,12/05/2022 at 07:22 PM,hemorrhage
120005,Delta Pi Omicron,HI,hemorrhage_nursing_education,all,4/1/2022,6/30/2022,95,100,Range,,09/14/2022 at 06:33 PM,03/13/2023 at 07:52 PM,hemorrhage
120005,Delta Pi Omicron,HI,hemorrhage_nursing_education,all,1/1/2022,3/31/2022,95,100,Range,,09/14/2022 at 06:32 PM,01/30/2023 at 05:31 PM,hemorrhage
120005,Delta Pi Omicron,HI,hemorrhage_nursing_education_and_protocol,all,7/1/2021,9/30/2021,95,100,Range,,10/13/2021 at 07:28 PM,10/13/2021 at 07:28 PM,hemorrhage
120005,Delta Pi Omicron,HI,hemorrhage_nursing_education_and_protocol,all,4/1/2021,6/30/2021,95,100,Range,,10/13/2021 at 07:28 PM,10/13/2021 at 07:28 PM,hemorrhage
120005,Delta Pi Omicron,HI,hemorrhage_provider_education,all,4/1/2022,6/30/2022,25,100,Range,,09/14/2022 at 06:33 PM,03/13/2023 at 07:52 PM,hemorrhage
120005,Delta Pi Omicron,HI,hemorrhage_provider_education,all,1/1/2022,3/31/2022,25,100,Range,,09/14/2022 at 06:32 PM,01/30/2023 at 05:31 PM,hemorrhage
120005,Delta Pi Omicron,HI,hemorrhage_provider_education,all,10/1/2021,12/31/2021,95,100,Range,,02/18/2022 at 06:16 PM,02/22/2022 at 06:33 PM,hemorrhage
120005,Delta Pi Omicron,HI,hemorrhage_provider_education,all,7/1/2021,9/30/2021,95,100,Range,,10/13/2021 at 07:28 PM,01/30/2023 at 05:30 PM,hemorrhage
120005,Delta Pi Omicron,HI,hemorrhage_provider_education,all,4/1/2021,6/30/2021,95,100,Range,,10/13/2021 at 07:28 PM,01/30/2023 at 05:30 PM,hemorrhage
120005,Delta Pi Omicron,HI,hemorrhage_provider_education,all,10/1/2022,12/31/2022,85,100,Range,,01/30/2023 at 03:40 PM,01/30/2023 at 03:40 PM,hemorrhage
120005,Delta Pi Omicron,HI,hemorrhage_provider_education,all,7/1/2022,9/30/2022,55,100,Range,,12/05/2022 at 07:22 PM,12/05/2022 at 07:22 PM,hemorrhage
120005,Delta Pi Omicron,HI,hemorrhage_provider_education_and_protocol,all,7/1/2021,9/30/2021,25,100,Range,,10/13/2021 at 07:28 PM,10/13/2021 at 07:28 PM,hemorrhage
120005,Delta Pi Omicron,HI,hemorrhage_provider_education_and_protocol,all,4/1/2021,6/30/2021,25,100,Range,,10/13/2021 at 07:28 PM,10/13/2021 at 07:28 PM,hemorrhage
120005,Delta Pi Omicron,HI,hemorrhage_risk_assessment,all,7/1/2022,9/30/2022,95,100,Range,,12/05/2022 at 07:22 PM,12/05/2022 at 07:22 PM,hemorrhage
120005,Delta Pi Omicron,HI,hemorrhage_risk_assessment,all,4/1/2022,6/30/2022,95,100,Range,,09/14/2022 at 06:33 PM,03/13/2023 at 07:52 PM,hemorrhage
120005,Delta Pi Omicron,HI,hemorrhage_risk_assessment,all,1/1/2022,3/31/2022,95,100,Range,,09/14/2022 at 06:32 PM,01/30/2023 at 05:31 PM,hemorrhage
120005,Delta Pi Omicron,HI,hemorrhage_risk_assessment,all,10/1/2021,12/31/2021,95,100,Range,,02/18/2022 at 06:16 PM,02/18/2022 at 06:16 PM,hemorrhage
120005,Delta Pi Omicron,HI,hemorrhage_risk_assessment,all,7/1/2021,9/30/2021,95,100,Range,,10/13/2021 at 07:28 PM,01/30/2023 at 05:30 PM,hemorrhage
120005,Delta Pi Omicron,HI,hemorrhage_risk_assessment,all,4/1/2021,6/30/2021,95,100,Range,,10/13/2021 at 07:28 PM,01/30/2023 at 05:30 PM,hemorrhage
120005,Delta Pi Omicron,HI,medication_assisted_treatment_referral,all,7/1/2022,9/30/2022,0,0,Numerator/Denominator,,03/03/2023 at 12:57 PM,03/03/2023 at 12:57 PM,cppsud
120005,Delta Pi Omicron,HI,medication_assisted_treatment_referral,all,1/1/2025,3/31/2025,0,2,Numerator/Denominator,,04/09/2025 at 01:34 PM,04/09/2025 at 01:34 PM,cppsud
120005,Delta Pi Omicron,HI,medication_assisted_treatment_referral,all,10/1/2024,12/31/2024,0,1,Numerator/Denominator,,01/09/2025 at 01:04 PM,01/09/2025 at 01:04 PM,cppsud
120005,Delta Pi Omicron,HI,medication_assisted_treatment_referral,all,7/1/2024,9/30/2024,0,0,Numerator/Denominator,,10/16/2024 at 05:02 PM,10/16/2024 at 05:02 PM,cppsud
120005,Delta Pi Omicron,HI,medication_assisted_treatment_referral,all,4/1/2024,6/30/2024,0,1,Numerator/Denominator,,07/17/2024 at 02:49 PM,07/17/2024 at 02:49 PM,cppsud
120005,Delta Pi Omicron,HI,medication_assisted_treatment_referral,all,1/1/2024,3/31/2024,0,1,Numerator/Denominator,,04/11/2024 at 05:01 PM,04/11/2024 at 05:01 PM,cppsud
120005,Delta Pi Omicron,HI,medication_assisted_treatment_referral,all,10/1/2023,12/31/2023,1,1,Numerator/Denominator,,01/10/2024 at 02:28 PM,01/10/2024 at 02:34 PM,cppsud
120005,Delta Pi Omicron,HI,medication_assisted_treatment_referral,all,7/1/2023,9/30/2023,0,0,Numerator/Denominator,,10/09/2023 at 06:50 PM,10/09/2023 at 06:50 PM,cppsud
120005,Delta Pi Omicron,HI,medication_assisted_treatment_referral,all,4/1/2023,6/30/2023,1,1,Numerator/Denominator,,10/03/2023 at 09:51 PM,02/14/2024 at 04:19 PM,cppsud
120005,Delta Pi Omicron,HI,medication_assisted_treatment_referral,all,1/1/2023,3/31/2023,0,4,Numerator/Denominator,,06/21/2023 at 04:12 PM,06/21/2023 at 04:12 PM,cppsud
120005,Delta Pi Omicron,HI,medication_assisted_treatment_referral,all,10/1/2022,12/31/2022,0,0,Numerator/Denominator,,03/09/2023 at 04:59 PM,03/09/2023 at 05:00 PM,cppsud
120005,Delta Pi Omicron,HI,medication_assisted_treatment_referral,all,4/1/2025,6/30/2025,0,0,Numerator/Denominator,,07/08/2025 at 04:25 PM,07/08/2025 at 04:25 PM,cppsud
120005,Delta Pi Omicron,HI,medication_counseling,all,7/1/2023,9/30/2023,3,6,Numerator/Denominator,,12/12/2023 at 03:07 PM,12/12/2023 at 03:07 PM,cppsud
120005,Delta Pi Omicron,HI,medication_counseling,all,4/1/2023,6/30/2023,0,1,Numerator/Denominator,,10/03/2023 at 09:51 PM,10/03/2023 at 09:51 PM,cppsud
120005,Delta Pi Omicron,HI,medication_counseling,all,4/1/2025,6/30/2025,0,0,Numerator/Denominator,,07/08/2025 at 04:25 PM,07/08/2025 at 04:25 PM,cppsud
120005,Delta Pi Omicron,HI,medication_counseling,all,1/1/2025,3/31/2025,0,2,Numerator/Denominator,,04/09/2025 at 01:34 PM,04/09/2025 at 01:34 PM,cppsud
120005,Delta Pi Omicron,HI,medication_counseling,all,10/1/2024,12/31/2024,0,1,Numerator/Denominator,,01/09/2025 at 01:04 PM,01/09/2025 at 01:04 PM,cppsud
120005,Delta Pi Omicron,HI,medication_counseling,all,7/1/2024,9/30/2024,0,0,Numerator/Denominator,,10/16/2024 at 05:02 PM,10/16/2024 at 05:02 PM,cppsud
120005,Delta Pi Omicron,HI,medication_counseling,all,1/1/2023,3/31/2023,0,4,Numerator/Denominator,,06/21/2023 at 04:12 PM,06/21/2023 at 04:12 PM,cppsud
120005,Delta Pi Omicron,HI,medication_counseling,all,4/1/2024,6/30/2024,0,1,Numerator/Denominator,,07/17/2024 at 01:51 PM,07/17/2024 at 01:51 PM,cppsud
120005,Delta Pi Omicron,HI,medication_counseling,all,10/1/2022,12/31/2022,0,0,Numerator/Denominator,,03/06/2023 at 06:49 PM,03/06/2023 at 06:49 PM,cppsud
120005,Delta Pi Omicron,HI,medication_counseling,all,1/1/2024,3/31/2024,0,1,Numerator/Denominator,,04/11/2024 at 05:01 PM,04/11/2024 at 05:01 PM,cppsud
120005,Delta Pi Omicron,HI,medication_counseling,all,7/1/2022,9/30/2022,0,0,Numerator/Denominator,,03/03/2023 at 12:57 PM,03/03/2023 at 12:57 PM,cppsud
120005,Delta Pi Omicron,HI,medication_counseling,all,10/1/2023,12/31/2023,0,6,Numerator/Denominator,,01/10/2024 at 02:28 PM,01/10/2024 at 02:28 PM,cppsud
120005,Delta Pi Omicron,HI,naloxone_counseling,all,1/1/2023,3/31/2023,0,6,Numerator/Denominator,,06/21/2023 at 04:12 PM,06/21/2023 at 04:12 PM,cppsud
120005,Delta Pi Omicron,HI,naloxone_counseling,all,10/1/2022,12/31/2022,0,7,Numerator/Denominator,,03/09/2023 at 04:59 PM,03/09/2023 at 04:59 PM,cppsud
120005,Delta Pi Omicron,HI,naloxone_counseling,all,4/1/2025,6/30/2025,0,0,Numerator/Denominator,,07/08/2025 at 04:25 PM,07/08/2025 at 04:25 PM,cppsud
120005,Delta Pi Omicron,HI,naloxone_counseling,all,7/1/2022,9/30/2022,0,2,Numerator/Denominator,,03/03/2023 at 12:57 PM,03/03/2023 at 12:57 PM,cppsud
120005,Delta Pi Omicron,HI,naloxone_counseling,all,1/1/2025,3/31/2025,1,2,Numerator/Denominator,,04/09/2025 at 01:34 PM,04/09/2025 at 01:34 PM,cppsud
120005,Delta Pi Omicron,HI,naloxone_counseling,all,10/1/2024,12/31/2024,0,1,Numerator/Denominator,,01/09/2025 at 01:04 PM,01/09/2025 at 01:04 PM,cppsud
120005,Delta Pi Omicron,HI,naloxone_counseling,all,7/1/2024,9/30/2024,0,0,Numerator/Denominator,,10/16/2024 at 05:02 PM,10/16/2024 at 05:02 PM,cppsud
120005,Delta Pi Omicron,HI,naloxone_counseling,all,4/1/2024,6/30/2024,0,1,Numerator/Denominator,,07/17/2024 at 01:51 PM,07/17/2024 at 01:51 PM,cppsud
120005,Delta Pi Omicron,HI,naloxone_counseling,all,1/1/2024,3/31/2024,1,2,Numerator/Denominator,,04/11/2024 at 05:01 PM,04/11/2024 at 05:01 PM,cppsud
120005,Delta Pi Omicron,HI,naloxone_counseling,all,10/1/2023,12/31/2023,0,6,Numerator/Denominator,,01/10/2024 at 02:28 PM,01/10/2024 at 02:28 PM,cppsud
120005,Delta Pi Omicron,HI,naloxone_counseling,all,7/1/2023,9/30/2023,3,6,Numerator/Denominator,,12/12/2023 at 03:07 PM,12/12/2023 at 03:07 PM,cppsud
120005,Delta Pi Omicron,HI,naloxone_counseling,all,4/1/2023,6/30/2023,1,5,Numerator/Denominator,,10/03/2023 at 09:51 PM,02/14/2024 at 04:19 PM,cppsud
120005,Delta Pi Omicron,HI,naloxone_prescription,all,10/1/2022,12/31/2022,0,7,Numerator/Denominator,,03/09/2023 at 04:59 PM,02/14/2024 at 03:30 PM,cppsud
120005,Delta Pi Omicron,HI,naloxone_prescription,all,4/1/2025,6/30/2025,4,4,Numerator/Denominator,,07/08/2025 at 04:25 PM,07/08/2025 at 04:25 PM,cppsud
120005,Delta Pi Omicron,HI,naloxone_prescription,all,7/1/2022,9/30/2022,0,2,Numerator/Denominator,,03/03/2023 at 12:57 PM,02/14/2024 at 03:31 PM,cppsud
120005,Delta Pi Omicron,HI,naloxone_prescription,all,1/1/2025,3/31/2025,4,4,Numerator/Denominator,,04/09/2025 at 01:34 PM,04/09/2025 at 01:34 PM,cppsud
120005,Delta Pi Omicron,HI,naloxone_prescription,all,10/1/2024,12/31/2024,5,5,Numerator/Denominator,,01/09/2025 at 01:04 PM,01/09/2025 at 01:04 PM,cppsud
120005,Delta Pi Omicron,HI,naloxone_prescription,all,7/1/2024,9/30/2024,2,2,Numerator/Denominator,,10/16/2024 at 05:02 PM,10/16/2024 at 05:02 PM,cppsud
120005,Delta Pi Omicron,HI,naloxone_prescription,all,4/1/2024,6/30/2024,2,3,Numerator/Denominator,,07/17/2024 at 02:49 PM,07/17/2024 at 02:49 PM,cppsud
120005,Delta Pi Omicron,HI,naloxone_prescription,all,1/1/2024,3/31/2024,2,2,Numerator/Denominator,,04/11/2024 at 05:01 PM,04/11/2024 at 05:01 PM,cppsud
120005,Delta Pi Omicron,HI,naloxone_prescription,all,10/1/2023,12/31/2023,0,6,Numerator/Denominator,,01/10/2024 at 02:28 PM,02/14/2024 at 03:23 PM,cppsud
120005,Delta Pi Omicron,HI,naloxone_prescription,all,7/1/2023,9/30/2023,0,6,Numerator/Denominator,,01/10/2024 at 02:20 PM,02/14/2024 at 03:24 PM,cppsud
120005,Delta Pi Omicron,HI,naloxone_prescription,all,4/1/2023,6/30/2023,5,5,Numerator/Denominator,,10/03/2023 at 09:51 PM,02/14/2024 at 04:19 PM,cppsud
120005,Delta Pi Omicron,HI,naloxone_prescription,all,1/1/2023,3/31/2023,0,6,Numerator/Denominator,,06/21/2023 at 04:12 PM,02/14/2024 at 03:29 PM,cppsud
120005,Delta Pi Omicron,HI,nursing_equity_education,all,10/1/2022,12/31/2022,5,100,Range,,01/30/2023 at 05:46 PM,02/14/2024 at 07:18 PM,"preeclampsia,hemorrhage,cesarean_reduction"
120005,Delta Pi Omicron,HI,other_hypertensive_symptoms_check_scheduling,all,10/1/2022,12/31/2022,0,6,Numerator/Denominator,,01/30/2023 at 03:36 PM,01/30/2023 at 05:46 PM,preeclampsia
120005,Delta Pi Omicron,HI,post_hemorrhage_patient_support,all,10/1/2022,12/31/2022,27,28,Numerator/Denominator,,03/03/2023 at 12:44 PM,03/03/2023 at 12:44 PM,hemorrhage
120005,Delta Pi Omicron,HI,preeclampsia_emergency_dept_nursing_education,all,10/1/2022,12/31/2022,45,100,Range,,01/20/2023 at 08:10 PM,02/14/2024 at 07:18 PM,preeclampsia
120005,Delta Pi Omicron,HI,preeclampsia_nursing_education,all,10/1/2022,12/31/2022,95,100,Range,,01/20/2023 at 08:10 PM,02/14/2024 at 07:18 PM,"preeclampsia,texas_preeclampsia"
120005,Delta Pi Omicron,HI,preeclampsia_nursing_education,all,7/1/2022,9/30/2022,95,100,Range,,12/05/2022 at 07:23 PM,12/05/2022 at 07:23 PM,"preeclampsia,texas_preeclampsia"
120005,Delta Pi Omicron,HI,preeclampsia_nursing_education,all,4/1/2022,6/30/2022,95,100,Range,,09/14/2022 at 06:22 PM,09/14/2022 at 06:22 PM,"preeclampsia,texas_preeclampsia"
120005,Delta Pi Omicron,HI,preeclampsia_nursing_education,all,1/1/2022,3/31/2022,95,100,Range,,09/14/2022 at 06:20 PM,09/14/2022 at 06:20 PM,"preeclampsia,texas_preeclampsia"
120005,Delta Pi Omicron,HI,preeclampsia_nursing_education,all,10/1/2021,12/31/2021,95,100,Range,,02/18/2022 at 05:48 PM,02/18/2022 at 05:48 PM,"preeclampsia,texas_preeclampsia"
120005,Delta Pi Omicron,HI,preeclampsia_nursing_education,all,4/1/2021,6/30/2021,65,100,Range,,10/13/2021 at 07:26 PM,01/30/2023 at 05:29 PM,"preeclampsia,texas_preeclampsia"
120005,Delta Pi Omicron,HI,preeclampsia_nursing_education,all,7/1/2021,9/30/2021,95,100,Range,,10/12/2021 at 04:55 PM,01/30/2023 at 05:30 PM,"preeclampsia,texas_preeclampsia"
120005,Delta Pi Omicron,HI,preeclampsia_nursing_education_and_protocol,all,4/1/2021,6/30/2021,65,100,Range,,10/13/2021 at 07:26 PM,10/13/2021 at 07:26 PM,"preeclampsia,texas_preeclampsia"
120005,Delta Pi Omicron,HI,preeclampsia_nursing_education_and_protocol,all,7/1/2021,9/30/2021,95,100,Range,,10/12/2021 at 04:55 PM,10/12/2021 at 04:55 PM,"preeclampsia,texas_preeclampsia"
120005,Delta Pi Omicron,HI,preeclampsia_provider_education,all,10/1/2022,12/31/2022,85,100,Range,,01/20/2023 at 08:10 PM,02/14/2024 at 07:18 PM,"preeclampsia,texas_preeclampsia"
120005,Delta Pi Omicron,HI,preeclampsia_provider_education,all,7/1/2022,9/30/2022,55,100,Range,,12/05/2022 at 07:23 PM,12/05/2022 at 07:23 PM,"preeclampsia,texas_preeclampsia"
120005,Delta Pi Omicron,HI,preeclampsia_provider_education,all,4/1/2022,6/30/2022,25,100,Range,,09/14/2022 at 06:22 PM,09/14/2022 at 06:22 PM,"preeclampsia,texas_preeclampsia"
120005,Delta Pi Omicron,HI,preeclampsia_provider_education,all,1/1/2022,3/31/2022,25,100,Range,,09/14/2022 at 06:20 PM,09/14/2022 at 06:20 PM,"preeclampsia,texas_preeclampsia"
120005,Delta Pi Omicron,HI,preeclampsia_provider_education,all,10/1/2021,12/31/2021,95,100,Range,,02/18/2022 at 05:48 PM,02/22/2022 at 06:34 PM,"preeclampsia,texas_preeclampsia"
120005,Delta Pi Omicron,HI,preeclampsia_provider_education,all,4/1/2021,6/30/2021,25,100,Range,,10/13/2021 at 07:27 PM,01/30/2023 at 05:29 PM,"preeclampsia,texas_preeclampsia"
120005,Delta Pi Omicron,HI,preeclampsia_provider_education,all,7/1/2021,9/30/2021,95,100,Range,,10/12/2021 at 04:55 PM,01/30/2023 at 05:30 PM,"preeclampsia,texas_preeclampsia"
120005,Delta Pi Omicron,HI,preeclampsia_provider_education_and_protocol,all,7/1/2021,9/30/2021,5,100,Range,,10/13/2021 at 07:29 PM,10/13/2021 at 07:29 PM,"preeclampsia,texas_preeclampsia"
120005,Delta Pi Omicron,HI,preeclampsia_provider_education_and_protocol,all,4/1/2021,6/30/2021,25,100,Range,,10/13/2021 at 07:27 PM,10/13/2021 at 07:27 PM,"preeclampsia,texas_preeclampsia"
120005,Delta Pi Omicron,HI,provider_equity_education,all,10/1/2022,12/31/2022,5,100,Range,,01/30/2023 at 05:46 PM,02/14/2024 at 07:18 PM,"preeclampsia,hemorrhage,cesarean_reduction"
120005,Delta Pi Omicron,HI,quant_blood_loss,all,10/1/2022,12/31/2022,0,236,Numerator/Denominator,,02/16/2023 at 05:17 PM,02/16/2023 at 05:17 PM,hemorrhage
120005,Delta Pi Omicron,HI,quant_blood_loss,all,7/1/2022,9/30/2022,,249,Numerator/Denominator,,12/05/2022 at 07:22 PM,12/05/2022 at 07:22 PM,hemorrhage
120005,Delta Pi Omicron,HI,quantified_blood_loss,all,7/1/2022,9/30/2022,55,100,Range,,12/05/2022 at 07:22 PM,12/05/2022 at 07:22 PM,hemorrhage
120005,Delta Pi Omicron,HI,quantified_blood_loss,all,4/1/2022,6/30/2022,65,100,Range,,09/14/2022 at 06:33 PM,03/13/2023 at 07:52 PM,hemorrhage
120005,Delta Pi Omicron,HI,quantified_blood_loss,all,1/1/2022,3/31/2022,65,100,Range,,09/14/2022 at 06:32 PM,01/30/2023 at 05:31 PM,hemorrhage
120005,Delta Pi Omicron,HI,quantified_blood_loss,all,10/1/2021,12/31/2021,5,100,Range,,02/18/2022 at 06:16 PM,02/18/2022 at 06:16 PM,hemorrhage
120005,Delta Pi Omicron,HI,quantified_blood_loss,all,7/1/2021,9/30/2021,5,100,Range,,10/13/2021 at 07:28 PM,01/30/2023 at 05:30 PM,hemorrhage
120005,Delta Pi Omicron,HI,quantified_blood_loss,all,4/1/2021,6/30/2021,5,100,Range,,10/13/2021 at 07:28 PM,01/30/2023 at 05:30 PM,hemorrhage
120005,Delta Pi Omicron,HI,recovery_treatment_services_counseling,all,4/1/2023,6/30/2023,1,5,Numerator/Denominator,,10/03/2023 at 09:51 PM,02/14/2024 at 04:19 PM,cppsud
120005,Delta Pi Omicron,HI,recovery_treatment_services_counseling,all,1/1/2023,3/31/2023,0,6,Numerator/Denominator,,06/21/2023 at 04:12 PM,06/21/2023 at 04:12 PM,cppsud
120005,Delta Pi Omicron,HI,recovery_treatment_services_counseling,all,10/1/2022,12/31/2022,0,7,Numerator/Denominator,,03/06/2023 at 06:49 PM,03/09/2023 at 04:59 PM,cppsud
120005,Delta Pi Omicron,HI,recovery_treatment_services_counseling,all,4/1/2025,6/30/2025,0,0,Numerator/Denominator,,07/08/2025 at 04:25 PM,07/08/2025 at 04:25 PM,cppsud
120005,Delta Pi Omicron,HI,recovery_treatment_services_counseling,all,7/1/2022,9/30/2022,2,2,Numerator/Denominator,,03/03/2023 at 12:57 PM,03/03/2023 at 12:57 PM,cppsud
120005,Delta Pi Omicron,HI,recovery_treatment_services_counseling,all,1/1/2025,3/31/2025,1,2,Numerator/Denominator,,04/09/2025 at 01:34 PM,04/09/2025 at 01:34 PM,cppsud
120005,Delta Pi Omicron,HI,recovery_treatment_services_counseling,all,10/1/2024,12/31/2024,0,1,Numerator/Denominator,,01/09/2025 at 01:04 PM,01/09/2025 at 01:04 PM,cppsud
120005,Delta Pi Omicron,HI,recovery_treatment_services_counseling,all,7/1/2024,9/30/2024,0,0,Numerator/Denominator,,10/16/2024 at 05:02 PM,10/16/2024 at 05:02 PM,cppsud
120005,Delta Pi Omicron,HI,recovery_treatment_services_counseling,all,4/1/2024,6/30/2024,0,1,Numerator/Denominator,,07/17/2024 at 01:51 PM,07/17/2024 at 01:51 PM,cppsud
120005,Delta Pi Omicron,HI,recovery_treatment_services_counseling,all,1/1/2024,3/31/2024,0,3,Numerator/Denominator,,04/11/2024 at 05:01 PM,04/11/2024 at 05:01 PM,cppsud
120005,Delta Pi Omicron,HI,recovery_treatment_services_counseling,all,10/1/2023,12/31/2023,0,6,Numerator/Denominator,,01/10/2024 at 02:28 PM,01/10/2024 at 02:28 PM,cppsud
120005,Delta Pi Omicron,HI,recovery_treatment_services_counseling,all,7/1/2023,9/30/2023,0,6,Numerator/Denominator,,12/12/2023 at 03:07 PM,12/12/2023 at 03:07 PM,cppsud
120005,Delta Pi Omicron,HI,recovery_treatment_services_referral,all,1/1/2023,3/31/2023,0,6,Numerator/Denominator,,06/21/2023 at 04:12 PM,06/21/2023 at 04:12 PM,cppsud
120005,Delta Pi Omicron,HI,recovery_treatment_services_referral,all,10/1/2022,12/31/2022,0,7,Numerator/Denominator,,03/09/2023 at 04:59 PM,03/09/2023 at 04:59 PM,cppsud
120005,Delta Pi Omicron,HI,recovery_treatment_services_referral,all,4/1/2025,6/30/2025,0,4,Numerator/Denominator,,07/08/2025 at 04:25 PM,07/08/2025 at 04:25 PM,cppsud
120005,Delta Pi Omicron,HI,recovery_treatment_services_referral,all,7/1/2022,9/30/2022,2,2,Numerator/Denominator,,03/03/2023 at 12:57 PM,03/03/2023 at 12:57 PM,cppsud
120005,Delta Pi Omicron,HI,recovery_treatment_services_referral,all,1/1/2025,3/31/2025,0,5,Numerator/Denominator,,04/09/2025 at 01:34 PM,04/09/2025 at 01:34 PM,cppsud
120005,Delta Pi Omicron,HI,recovery_treatment_services_referral,all,10/1/2024,12/31/2024,0,5,Numerator/Denominator,,01/09/2025 at 01:04 PM,01/09/2025 at 01:04 PM,cppsud
120005,Delta Pi Omicron,HI,recovery_treatment_services_referral,all,7/1/2024,9/30/2024,0,2,Numerator/Denominator,,10/16/2024 at 05:02 PM,10/16/2024 at 05:02 PM,cppsud
120005,Delta Pi Omicron,HI,recovery_treatment_services_referral,all,4/1/2024,6/30/2024,0,3,Numerator/Denominator,,07/17/2024 at 02:49 PM,07/17/2024 at 02:49 PM,cppsud
120005,Delta Pi Omicron,HI,recovery_treatment_services_referral,all,1/1/2024,3/31/2024,0,3,Numerator/Denominator,,04/11/2024 at 05:01 PM,04/11/2024 at 05:01 PM,cppsud
120005,Delta Pi Omicron,HI,recovery_treatment_services_referral,all,10/1/2023,12/31/2023,1,1,Numerator/Denominator,,01/10/2024 at 02:28 PM,01/10/2024 at 02:34 PM,cppsud
120005,Delta Pi Omicron,HI,recovery_treatment_services_referral,all,7/1/2023,9/30/2023,0,6,Numerator/Denominator,,01/10/2024 at 02:20 PM,01/10/2024 at 02:20 PM,cppsud
120005,Delta Pi Omicron,HI,recovery_treatment_services_referral,all,4/1/2023,6/30/2023,1,5,Numerator/Denominator,,10/03/2023 at 09:51 PM,02/14/2024 at 04:19 PM,cppsud
120005,Delta Pi Omicron,HI,respectful_equitable_care_provider_and_nursing_education,all,10/1/2022,12/31/2022,5,100,Range,,03/09/2023 at 04:59 PM,02/14/2024 at 03:30 PM,"cppsud,ppdt,ccoc,sepsis,mental_health"
120005,Delta Pi Omicron,HI,respectful_equitable_care_provider_and_nursing_education,all,4/1/2025,6/30/2025,85,100,Range,,07/08/2025 at 04:26 PM,07/08/2025 at 04:26 PM,"cppsud,ppdt,ccoc,sepsis,mental_health"
120005,Delta Pi Omicron,HI,respectful_equitable_care_provider_and_nursing_education,all,7/1/2022,9/30/2022,5,100,Range,,03/03/2023 at 12:57 PM,02/14/2024 at 03:31 PM,"cppsud,ppdt,ccoc,sepsis,mental_health"
120005,Delta Pi Omicron,HI,respectful_equitable_care_provider_and_nursing_education,all,1/1/2025,3/31/2025,85,100,Range,,04/09/2025 at 02:20 PM,04/09/2025 at 02:20 PM,"cppsud,ppdt,ccoc,sepsis,mental_health"
120005,Delta Pi Omicron,HI,respectful_equitable_care_provider_and_nursing_education,all,10/1/2024,12/31/2024,85,100,Range,,01/09/2025 at 01:06 PM,01/09/2025 at 01:06 PM,"cppsud,ppdt,ccoc,sepsis,mental_health"
120005,Delta Pi Omicron,HI,respectful_equitable_care_provider_and_nursing_education,all,7/1/2024,9/30/2024,85,100,Range,,10/15/2024 at 06:36 PM,10/16/2024 at 05:02 PM,"cppsud,ppdt,ccoc,sepsis,mental_health"
120005,Delta Pi Omicron,HI,respectful_equitable_care_provider_and_nursing_education,all,4/1/2024,6/30/2024,85,100,Range,,07/17/2024 at 02:49 PM,07/17/2024 at 02:49 PM,"cppsud,ppdt,ccoc,sepsis,mental_health"
120005,Delta Pi Omicron,HI,respectful_equitable_care_provider_and_nursing_education,all,1/1/2024,3/31/2024,85,100,Range,,04/11/2024 at 05:01 PM,04/11/2024 at 05:01 PM,"cppsud,ppdt,ccoc,sepsis,mental_health"
120005,Delta Pi Omicron,HI,respectful_equitable_care_provider_and_nursing_education,all,10/1/2023,12/31/2023,95,100,Range,,01/10/2024 at 02:28 PM,02/14/2024 at 03:23 PM,"cppsud,ppdt,ccoc,sepsis,mental_health"
120005,Delta Pi Omicron,HI,respectful_equitable_care_provider_and_nursing_education,all,7/1/2023,9/30/2023,95,100,Range,,01/10/2024 at 02:20 PM,02/14/2024 at 03:24 PM,"cppsud,ppdt,ccoc,sepsis,mental_health"
120005,Delta Pi Omicron,HI,respectful_equitable_care_provider_and_nursing_education,all,4/1/2023,6/30/2023,5,100,Range,,10/03/2023 at 09:51 PM,02/14/2024 at 04:19 PM,"cppsud,ppdt,ccoc,sepsis,mental_health"
120005,Delta Pi Omicron,HI,respectful_equitable_care_provider_and_nursing_education,all,1/1/2023,3/31/2023,75,100,Range,,06/21/2023 at 04:12 PM,02/14/2024 at 03:29 PM,"cppsud,ppdt,ccoc,sepsis,mental_health"
120005,Delta Pi Omicron,HI,severe_htn_treatment,all,10/1/2022,12/31/2022,6,10,Numerator/Denominator,,01/20/2023 at 08:10 PM,01/30/2023 at 03:36 PM,"preeclampsia,texas_preeclampsia"
120005,Delta Pi Omicron,HI,severe_htn_treatment,all,7/1/2022,9/30/2022,4,6,Numerator/Denominator,,12/05/2022 at 07:23 PM,12/05/2022 at 07:23 PM,"preeclampsia,texas_preeclampsia"
120005,Delta Pi Omicron,HI,severe_htn_treatment,all,4/1/2022,6/30/2022,7,10,Numerator/Denominator,,09/14/2022 at 06:22 PM,09/14/2022 at 06:22 PM,"preeclampsia,texas_preeclampsia"
120005,Delta Pi Omicron,HI,severe_htn_treatment,all,1/1/2022,3/31/2022,10,13,Numerator/Denominator,,09/14/2022 at 06:19 PM,09/14/2022 at 06:21 PM,"preeclampsia,texas_preeclampsia"
120005,Delta Pi Omicron,HI,severe_htn_treatment,all,10/1/2021,12/31/2021,6,12,Numerator/Denominator,,02/18/2022 at 06:12 PM,02/18/2022 at 06:12 PM,"preeclampsia,texas_preeclampsia"
120005,Delta Pi Omicron,HI,severe_htn_treatment,all,7/1/2021,9/30/2021,6,12,Numerator/Denominator,,10/13/2021 at 07:29 PM,10/13/2021 at 07:29 PM,"preeclampsia,texas_preeclampsia"
120005,Delta Pi Omicron,HI,severe_htn_treatment,all,4/1/2021,6/30/2021,7,17,Numerator/Denominator,,10/13/2021 at 07:26 PM,10/13/2021 at 07:26 PM,"preeclampsia,texas_preeclampsia"
120005,Delta Pi Omicron,HI,severe_hypertension_symptoms_check_scheduling,all,10/1/2022,12/31/2022,0,6,Numerator/Denominator,,01/20/2023 at 08:10 PM,01/30/2023 at 05:46 PM,preeclampsia
120005,Delta Pi Omicron,HI,sud_provider_and_nursing_education,all,1/1/2023,3/31/2023,15,100,Range,,06/21/2023 at 04:12 PM,02/14/2024 at 03:29 PM,cppsud
120005,Delta Pi Omicron,HI,sud_provider_and_nursing_education,all,10/1/2022,12/31/2022,5,100,Range,,03/09/2023 at 04:59 PM,02/14/2024 at 03:30 PM,cppsud
120005,Delta Pi Omicron,HI,sud_provider_and_nursing_education,all,4/1/2025,6/30/2025,85,100,Range,,07/08/2025 at 04:26 PM,07/08/2025 at 04:26 PM,cppsud
120005,Delta Pi Omicron,HI,sud_provider_and_nursing_education,all,7/1/2022,9/30/2022,5,100,Range,,03/03/2023 at 12:57 PM,02/14/2024 at 03:31 PM,cppsud
120005,Delta Pi Omicron,HI,sud_provider_and_nursing_education,all,1/1/2025,3/31/2025,85,100,Range,,04/09/2025 at 02:20 PM,04/09/2025 at 02:20 PM,cppsud
120005,Delta Pi Omicron,HI,sud_provider_and_nursing_education,all,10/1/2024,12/31/2024,85,100,Range,,01/09/2025 at 01:06 PM,01/09/2025 at 01:06 PM,cppsud
120005,Delta Pi Omicron,HI,sud_provider_and_nursing_education,all,7/1/2024,9/30/2024,85,100,Range,,10/15/2024 at 06:36 PM,10/16/2024 at 05:02 PM,cppsud
120005,Delta Pi Omicron,HI,sud_provider_and_nursing_education,all,4/1/2024,6/30/2024,5,100,Range,,07/17/2024 at 02:49 PM,07/17/2024 at 02:49 PM,cppsud
120005,Delta Pi Omicron,HI,sud_provider_and_nursing_education,all,1/1/2024,3/31/2024,5,100,Range,,04/11/2024 at 05:01 PM,04/11/2024 at 05:01 PM,cppsud
120005,Delta Pi Omicron,HI,sud_provider_and_nursing_education,all,10/1/2023,12/31/2023,55,100,Range,,01/10/2024 at 02:28 PM,02/14/2024 at 03:23 PM,cppsud
120005,Delta Pi Omicron,HI,sud_provider_and_nursing_education,all,7/1/2023,9/30/2023,55,100,Range,,01/10/2024 at 02:20 PM,02/14/2024 at 03:24 PM,cppsud
120005,Delta Pi Omicron,HI,sud_provider_and_nursing_education,all,4/1/2023,6/30/2023,5,100,Range,,10/09/2023 at 06:31 PM,02/14/2024 at 04:19 PM,cppsud
120005,Delta Pi Omicron,HI,sud_universal_screening,all,10/1/2024,12/31/2024,242,244,Numerator/Denominator,,01/09/2025 at 01:04 PM,01/09/2025 at 01:04 PM,cppsud
120005,Delta Pi Omicron,HI,sud_universal_screening,all,10/1/2022,12/31/2022,0,234,Numerator/Denominator,,03/06/2023 at 06:49 PM,03/06/2023 at 06:49 PM,cppsud
120005,Delta Pi Omicron,HI,sud_universal_screening,all,7/1/2024,9/30/2024,157,260,Numerator/Denominator,,10/16/2024 at 05:02 PM,10/16/2024 at 05:02 PM,cppsud
120005,Delta Pi Omicron,HI,sud_universal_screening,all,7/1/2022,9/30/2022,0,244,Numerator/Denominator,,03/03/2023 at 12:57 PM,03/03/2023 at 12:57 PM,cppsud
120005,Delta Pi Omicron,HI,sud_universal_screening,all,4/1/2024,6/30/2024,0,215,Numerator/Denominator,,07/17/2024 at 01:51 PM,07/17/2024 at 01:51 PM,cppsud
120005,Delta Pi Omicron,HI,sud_universal_screening,all,1/1/2024,3/31/2024,0,216,Numerator/Denominator,,04/11/2024 at 05:01 PM,04/11/2024 at 05:01 PM,cppsud
120005,Delta Pi Omicron,HI,sud_universal_screening,all,10/1/2023,12/31/2023,0,233,Numerator/Denominator,,01/10/2024 at 02:28 PM,01/10/2024 at 02:28 PM,cppsud
120005,Delta Pi Omicron,HI,sud_universal_screening,all,7/1/2023,9/30/2023,0,244,Numerator/Denominator,,12/12/2023 at 03:07 PM,12/12/2023 at 03:07 PM,cppsud
120005,Delta Pi Omicron,HI,sud_universal_screening,all,4/1/2023,6/30/2023,0,215,Numerator/Denominator,,10/03/2023 at 09:51 PM,10/03/2023 at 09:51 PM,cppsud
120005,Delta Pi Omicron,HI,sud_universal_screening,all,4/1/2025,6/30/2025,235,235,Numerator/Denominator,,07/08/2025 at 04:25 PM,07/08/2025 at 04:25 PM,cppsud
120005,Delta Pi Omicron,HI,sud_universal_screening,all,1/1/2025,3/31/2025,229,230,Numerator/Denominator,,04/09/2025 at 01:34 PM,04/09/2025 at 01:34 PM,cppsud
120005,Delta Pi Omicron,HI,sud_universal_screening,all,1/1/2023,3/31/2023,0,210,Numerator/Denominator,,06/21/2023 at 04:12 PM,06/21/2023 at 04:12 PM,cppsud
120005,Delta Pi Omicron,HI,topics_covered_hemorrhage,all,10/1/2022,12/31/2022,1,1,Numerator/Denominator,,01/20/2023 at 08:10 PM,02/14/2024 at 07:18 PM,"preeclampsia,hemorrhage"
120005,Delta Pi Omicron,HI,topics_covered_hemorrhage,all,7/1/2022,9/30/2022,1,1,Numerator/Denominator,,12/05/2022 at 07:22 PM,12/05/2022 at 07:22 PM,"preeclampsia,hemorrhage"
120005,Delta Pi Omicron,HI,topics_covered_hemorrhage,all,4/1/2022,6/30/2022,1,1,Numerator/Denominator,,09/14/2022 at 06:22 PM,03/13/2023 at 07:52 PM,"preeclampsia,hemorrhage"
120005,Delta Pi Omicron,HI,topics_covered_hemorrhage,all,1/1/2022,3/31/2022,1,1,Numerator/Denominator,,09/14/2022 at 06:20 PM,01/30/2023 at 05:31 PM,"preeclampsia,hemorrhage"
120005,Delta Pi Omicron,HI,topics_covered_hemorrhage,all,10/1/2021,12/31/2021,1,1,Numerator/Denominator,,02/18/2022 at 05:48 PM,02/18/2022 at 05:48 PM,"preeclampsia,hemorrhage"
120005,Delta Pi Omicron,HI,topics_covered_hemorrhage,all,4/1/2021,6/30/2021,1,1,Numerator/Denominator,,10/13/2021 at 07:26 PM,01/30/2023 at 05:29 PM,"preeclampsia,hemorrhage"
120005,Delta Pi Omicron,HI,topics_covered_hemorrhage,all,7/1/2021,9/30/2021,1,1,Numerator/Denominator,,10/12/2021 at 04:55 PM,01/30/2023 at 05:30 PM,"preeclampsia,hemorrhage"
120005,Delta Pi Omicron,HI,topics_covered_other,all,7/1/2021,9/30/2021,1,1,Numerator/Denominator,,10/12/2021 at 04:55 PM,01/30/2023 at 05:30 PM,"preeclampsia,hemorrhage"
120005,Delta Pi Omicron,HI,topics_covered_other,all,10/1/2022,12/31/2022,1,1,Numerator/Denominator,,01/20/2023 at 08:10 PM,02/14/2024 at 07:18 PM,"preeclampsia,hemorrhage"
120005,Delta Pi Omicron,HI,topics_covered_other,all,7/1/2022,9/30/2022,1,1,Numerator/Denominator,,12/05/2022 at 07:22 PM,12/05/2022 at 07:22 PM,"preeclampsia,hemorrhage"
120005,Delta Pi Omicron,HI,topics_covered_other,all,4/1/2022,6/30/2022,1,1,Numerator/Denominator,,09/14/2022 at 06:22 PM,03/13/2023 at 07:52 PM,"preeclampsia,hemorrhage"
120005,Delta Pi Omicron,HI,topics_covered_other,all,1/1/2022,3/31/2022,1,1,Numerator/Denominator,,09/14/2022 at 06:20 PM,01/30/2023 at 05:31 PM,"preeclampsia,hemorrhage"
120005,Delta Pi Omicron,HI,topics_covered_other,all,10/1/2021,12/31/2021,1,1,Numerator/Denominator,,02/18/2022 at 05:48 PM,02/18/2022 at 05:48 PM,"preeclampsia,hemorrhage"
120005,Delta Pi Omicron,HI,topics_covered_other,all,4/1/2021,6/30/2021,1,1,Numerator/Denominator,,10/13/2021 at 07:26 PM,01/30/2023 at 05:29 PM,"preeclampsia,hemorrhage"
120005,Delta Pi Omicron,HI,topics_covered_severe_hypertension,all,4/1/2022,6/30/2022,1,1,Numerator/Denominator,,09/14/2022 at 06:22 PM,03/13/2023 at 07:52 PM,"preeclampsia,hemorrhage"
120005,Delta Pi Omicron,HI,topics_covered_severe_hypertension,all,1/1/2022,3/31/2022,1,1,Numerator/Denominator,,09/14/2022 at 06:20 PM,01/30/2023 at 05:31 PM,"preeclampsia,hemorrhage"
120005,Delta Pi Omicron,HI,topics_covered_severe_hypertension,all,10/1/2021,12/31/2021,1,1,Numerator/Denominator,,02/18/2022 at 05:48 PM,02/18/2022 at 05:48 PM,"preeclampsia,hemorrhage"
120005,Delta Pi Omicron,HI,topics_covered_severe_hypertension,all,4/1/2021,6/30/2021,1,1,Numerator/Denominator,,10/13/2021 at 07:26 PM,01/30/2023 at 05:29 PM,"preeclampsia,hemorrhage"
120005,Delta Pi Omicron,HI,topics_covered_severe_hypertension,all,7/1/2021,9/30/2021,1,1,Numerator/Denominator,,10/12/2021 at 04:55 PM,01/30/2023 at 05:30 PM,"preeclampsia,hemorrhage"
120005,Delta Pi Omicron,HI,topics_covered_severe_hypertension,all,10/1/2022,12/31/2022,1,1,Numerator/Denominator,,01/20/2023 at 08:10 PM,02/14/2024 at 07:18 PM,"preeclampsia,hemorrhage"
120005,Delta Pi Omicron,HI,topics_covered_severe_hypertension,all,7/1/2022,9/30/2022,1,1,Numerator/Denominator,,12/05/2022 at 07:22 PM,12/05/2022 at 07:22 PM,"preeclampsia,hemorrhage"
120005,Delta Pi Omicron,HI,unit_drill_count,all,10/1/2022,12/31/2022,2,1,Raw Value,,01/20/2023 at 08:10 PM,02/14/2024 at 07:18 PM,"preeclampsia,hemorrhage,texas_preeclampsia"
120005,Delta Pi Omicron,HI,unit_drill_count,all,7/1/2022,9/30/2022,3,1,Raw Value,,12/05/2022 at 07:22 PM,12/05/2022 at 07:22 PM,"preeclampsia,hemorrhage,texas_preeclampsia"
120005,Delta Pi Omicron,HI,unit_drill_count,all,4/1/2022,6/30/2022,2,1,Raw Value,,09/14/2022 at 06:22 PM,03/13/2023 at 07:52 PM,"preeclampsia,hemorrhage,texas_preeclampsia"
120005,Delta Pi Omicron,HI,unit_drill_count,all,1/1/2022,3/31/2022,2,1,Raw Value,,09/14/2022 at 06:20 PM,01/30/2023 at 05:31 PM,"preeclampsia,hemorrhage,texas_preeclampsia"
120005,Delta Pi Omicron,HI,unit_drill_count,all,10/1/2021,12/31/2021,3,1,Raw Value,,02/18/2022 at 05:48 PM,02/18/2022 at 05:48 PM,"preeclampsia,hemorrhage,texas_preeclampsia"
120005,Delta Pi Omicron,HI,unit_drill_count,all,4/1/2021,6/30/2021,2,1,Raw Value,,10/13/2021 at 07:26 PM,01/30/2023 at 05:29 PM,"preeclampsia,hemorrhage,texas_preeclampsia"
120005,Delta Pi Omicron,HI,unit_drill_count,all,7/1/2021,9/30/2021,2,1,Raw Value,,10/12/2021 at 04:55 PM,01/30/2023 at 05:30 PM,"preeclampsia,hemorrhage,texas_preeclampsia"
120006,Chi Nu Psi,HI,biological_parent_discharge,all,4/1/2023,6/30/2023,0,0,Numerator/Denominator,,02/26/2024 at 08:21 PM,02/26/2024 at 08:21 PM,cppsud
120006,Chi Nu Psi,HI,biological_parent_discharge,all,4/1/2025,6/30/2025,3,3,Numerator/Denominator,,07/31/2025 at 08:18 PM,07/31/2025 at 08:18 PM,cppsud
120006,Chi Nu Psi,HI,biological_parent_discharge,all,1/1/2023,3/31/2023,0,0,Numerator/Denominator,,02/26/2024 at 08:13 PM,02/26/2024 at 08:13 PM,cppsud
120006,Chi Nu Psi,HI,biological_parent_discharge,all,1/1/2025,3/31/2025,3,3,Numerator/Denominator,,04/28/2025 at 04:53 PM,04/28/2025 at 04:53 PM,cppsud
120006,Chi Nu Psi,HI,biological_parent_discharge,all,10/1/2024,12/31/2024,11,11,Numerator/Denominator,,01/28/2025 at 09:38 PM,01/28/2025 at 09:38 PM,cppsud
120006,Chi Nu Psi,HI,biological_parent_discharge,all,7/1/2024,9/30/2024,9,9,Numerator/Denominator,,10/29/2024 at 04:20 PM,10/29/2024 at 04:20 PM,cppsud
120006,Chi Nu Psi,HI,biological_parent_discharge,all,4/1/2024,6/30/2024,1,1,Numerator/Denominator,,07/18/2024 at 10:32 PM,07/18/2024 at 10:32 PM,cppsud
120006,Chi Nu Psi,HI,biological_parent_discharge,all,1/1/2024,3/31/2024,1,1,Numerator/Denominator,,05/13/2024 at 07:47 PM,05/13/2024 at 07:47 PM,cppsud
120006,Chi Nu Psi,HI,biological_parent_discharge,all,7/1/2022,9/30/2022,0,0,Numerator/Denominator,,03/22/2024 at 08:40 PM,03/22/2024 at 08:40 PM,cppsud
120006,Chi Nu Psi,HI,biological_parent_discharge,all,10/1/2022,12/31/2022,0,0,Numerator/Denominator,,03/22/2024 at 08:39 PM,03/22/2024 at 08:39 PM,cppsud
120006,Chi Nu Psi,HI,biological_parent_discharge,all,10/1/2023,12/31/2023,0,0,Numerator/Denominator,,02/26/2024 at 08:24 PM,02/26/2024 at 08:24 PM,cppsud
120006,Chi Nu Psi,HI,biological_parent_discharge,all,7/1/2023,9/30/2023,0,0,Numerator/Denominator,,02/26/2024 at 08:22 PM,02/26/2024 at 08:22 PM,cppsud
120006,Chi Nu Psi,HI,hem_risk_assessment,all,10/1/2022,12/31/2022,185,213,Numerator/Denominator,,03/14/2023 at 10:15 PM,03/14/2023 at 10:15 PM,hemorrhage
120006,Chi Nu Psi,HI,hemorrhage_nursing_education,all,10/1/2022,12/31/2022,95,100,Range,,03/14/2023 at 09:50 PM,03/14/2023 at 09:50 PM,hemorrhage
120006,Chi Nu Psi,HI,hemorrhage_nursing_education,all,7/1/2022,9/30/2022,95,100,Range,,03/14/2023 at 09:19 PM,03/14/2023 at 09:19 PM,hemorrhage
120006,Chi Nu Psi,HI,hemorrhage_nursing_education,all,4/1/2022,6/30/2022,95,100,Range,,09/02/2022 at 04:35 PM,09/02/2022 at 04:35 PM,hemorrhage
120006,Chi Nu Psi,HI,hemorrhage_nursing_education,all,1/1/2022,3/31/2022,95,100,Range,,09/02/2022 at 04:33 PM,09/02/2022 at 04:33 PM,hemorrhage
120006,Chi Nu Psi,HI,hemorrhage_nursing_education,all,10/1/2021,12/31/2021,95,100,Range,,02/03/2022 at 04:04 PM,02/03/2022 at 04:04 PM,hemorrhage
120006,Chi Nu Psi,HI,hemorrhage_nursing_education,all,7/1/2021,9/30/2021,95,100,Range,,02/03/2022 at 04:03 PM,02/03/2022 at 04:03 PM,hemorrhage
120006,Chi Nu Psi,HI,hemorrhage_nursing_education,all,4/1/2021,6/30/2021,95,100,Range,,08/11/2021 at 10:38 PM,08/11/2021 at 10:38 PM,hemorrhage
120006,Chi Nu Psi,HI,hemorrhage_nursing_education_and_protocol,all,4/1/2021,6/30/2021,95,100,Range,,08/11/2021 at 10:38 PM,08/11/2021 at 10:38 PM,hemorrhage
120006,Chi Nu Psi,HI,hemorrhage_provider_education,all,7/1/2021,9/30/2021,5,100,Range,,02/03/2022 at 04:03 PM,02/03/2022 at 04:03 PM,hemorrhage
120006,Chi Nu Psi,HI,hemorrhage_provider_education,all,4/1/2021,6/30/2021,5,100,Range,,02/03/2022 at 03:53 PM,02/03/2022 at 03:53 PM,hemorrhage
120006,Chi Nu Psi,HI,hemorrhage_provider_education,all,10/1/2022,12/31/2022,95,100,Range,,03/14/2023 at 09:54 PM,03/14/2023 at 09:54 PM,hemorrhage
120006,Chi Nu Psi,HI,hemorrhage_provider_education,all,7/1/2022,9/30/2022,95,100,Range,,03/14/2023 at 09:19 PM,03/14/2023 at 09:19 PM,hemorrhage
120006,Chi Nu Psi,HI,hemorrhage_provider_education,all,4/1/2022,6/30/2022,5,100,Range,,09/02/2022 at 04:41 PM,09/02/2022 at 04:41 PM,hemorrhage
120006,Chi Nu Psi,HI,hemorrhage_provider_education,all,1/1/2022,3/31/2022,5,100,Range,,09/02/2022 at 04:33 PM,09/02/2022 at 04:33 PM,hemorrhage
120006,Chi Nu Psi,HI,hemorrhage_provider_education,all,10/1/2021,12/31/2021,5,100,Range,,02/03/2022 at 04:04 PM,02/03/2022 at 04:04 PM,hemorrhage
120006,Chi Nu Psi,HI,hemorrhage_risk_assessment,all,7/1/2022,9/30/2022,85,100,Range,,03/14/2023 at 09:19 PM,03/14/2023 at 09:19 PM,hemorrhage
120006,Chi Nu Psi,HI,hemorrhage_risk_assessment,all,4/1/2022,6/30/2022,85,100,Range,,09/02/2022 at 04:35 PM,09/02/2022 at 04:35 PM,hemorrhage
120006,Chi Nu Psi,HI,hemorrhage_risk_assessment,all,1/1/2022,3/31/2022,95,100,Range,,09/02/2022 at 04:33 PM,09/02/2022 at 04:33 PM,hemorrhage
120006,Chi Nu Psi,HI,hemorrhage_risk_assessment,all,10/1/2021,12/31/2021,95,100,Range,,02/03/2022 at 04:04 PM,02/03/2022 at 04:04 PM,hemorrhage
120006,Chi Nu Psi,HI,hemorrhage_risk_assessment,all,7/1/2021,9/30/2021,95,100,Range,,02/03/2022 at 04:03 PM,02/03/2022 at 04:03 PM,hemorrhage
120006,Chi Nu Psi,HI,hemorrhage_risk_assessment,all,4/1/2021,6/30/2021,95,100,Range,,08/11/2021 at 10:38 PM,08/11/2021 at 10:38 PM,hemorrhage
120006,Chi Nu Psi,HI,medication_assisted_treatment_referral,all,10/1/2024,12/31/2024,2,2,Numerator/Denominator,,01/28/2025 at 09:38 PM,01/28/2025 at 09:38 PM,cppsud
120006,Chi Nu Psi,HI,medication_assisted_treatment_referral,all,7/1/2024,9/30/2024,1,1,Numerator/Denominator,,10/29/2024 at 04:20 PM,10/29/2024 at 06:28 PM,cppsud
120006,Chi Nu Psi,HI,medication_assisted_treatment_referral,all,4/1/2024,6/30/2024,1,1,Numerator/Denominator,,07/18/2024 at 10:32 PM,07/18/2024 at 10:32 PM,cppsud
120006,Chi Nu Psi,HI,medication_assisted_treatment_referral,all,1/1/2024,3/31/2024,0,1,Numerator/Denominator,,05/13/2024 at 07:47 PM,05/13/2024 at 07:47 PM,cppsud
120006,Chi Nu Psi,HI,medication_assisted_treatment_referral,all,7/1/2022,9/30/2022,0,0,Numerator/Denominator,,03/22/2024 at 08:40 PM,03/22/2024 at 08:40 PM,cppsud
120006,Chi Nu Psi,HI,medication_assisted_treatment_referral,all,10/1/2022,12/31/2022,0,0,Numerator/Denominator,,03/22/2024 at 08:39 PM,03/22/2024 at 08:39 PM,cppsud
120006,Chi Nu Psi,HI,medication_assisted_treatment_referral,all,10/1/2023,12/31/2023,0,0,Numerator/Denominator,,02/26/2024 at 08:24 PM,02/26/2024 at 08:24 PM,cppsud
120006,Chi Nu Psi,HI,medication_assisted_treatment_referral,all,7/1/2023,9/30/2023,0,0,Numerator/Denominator,,02/26/2024 at 08:22 PM,02/26/2024 at 08:22 PM,cppsud
120006,Chi Nu Psi,HI,medication_assisted_treatment_referral,all,4/1/2023,6/30/2023,0,0,Numerator/Denominator,,02/26/2024 at 08:21 PM,02/26/2024 at 08:21 PM,cppsud
120006,Chi Nu Psi,HI,medication_assisted_treatment_referral,all,4/1/2025,6/30/2025,1,1,Numerator/Denominator,,07/31/2025 at 08:18 PM,07/31/2025 at 08:18 PM,cppsud
120006,Chi Nu Psi,HI,medication_assisted_treatment_referral,all,1/1/2023,3/31/2023,0,0,Numerator/Denominator,,02/26/2024 at 08:13 PM,02/26/2024 at 08:13 PM,cppsud
120006,Chi Nu Psi,HI,medication_assisted_treatment_referral,all,1/1/2025,3/31/2025,1,1,Numerator/Denominator,,04/28/2025 at 04:53 PM,04/28/2025 at 04:53 PM,cppsud
120006,Chi Nu Psi,HI,medication_counseling,all,7/1/2024,9/30/2024,1,1,Numerator/Denominator,,10/29/2024 at 04:20 PM,10/29/2024 at 06:28 PM,cppsud
120006,Chi Nu Psi,HI,medication_counseling,all,4/1/2024,6/30/2024,1,1,Numerator/Denominator,,07/18/2024 at 10:32 PM,07/18/2024 at 10:32 PM,cppsud
120006,Chi Nu Psi,HI,medication_counseling,all,1/1/2024,3/31/2024,1,1,Numerator/Denominator,,05/13/2024 at 07:47 PM,05/13/2024 at 07:47 PM,cppsud
120006,Chi Nu Psi,HI,medication_counseling,all,10/1/2022,12/31/2022,0,0,Numerator/Denominator,,03/22/2024 at 08:39 PM,03/22/2024 at 08:39 PM,cppsud
120006,Chi Nu Psi,HI,medication_counseling,all,10/1/2023,12/31/2023,0,0,Numerator/Denominator,,02/26/2024 at 08:24 PM,02/26/2024 at 08:24 PM,cppsud
120006,Chi Nu Psi,HI,medication_counseling,all,7/1/2023,9/30/2023,0,0,Numerator/Denominator,,02/26/2024 at 08:22 PM,02/26/2024 at 08:22 PM,cppsud
120006,Chi Nu Psi,HI,medication_counseling,all,4/1/2023,6/30/2023,0,0,Numerator/Denominator,,02/26/2024 at 08:20 PM,02/26/2024 at 08:20 PM,cppsud
120006,Chi Nu Psi,HI,medication_counseling,all,1/1/2023,3/31/2023,0,0,Numerator/Denominator,,02/26/2024 at 08:13 PM,02/26/2024 at 08:13 PM,cppsud
120006,Chi Nu Psi,HI,medication_counseling,all,4/1/2025,6/30/2025,1,1,Numerator/Denominator,,07/31/2025 at 08:18 PM,07/31/2025 at 08:18 PM,cppsud
120006,Chi Nu Psi,HI,medication_counseling,all,7/1/2022,9/30/2022,0,0,Numerator/Denominator,,12/27/2023 at 08:09 PM,03/22/2024 at 08:40 PM,cppsud
120006,Chi Nu Psi,HI,medication_counseling,all,1/1/2025,3/31/2025,1,1,Numerator/Denominator,,04/28/2025 at 04:53 PM,04/28/2025 at 04:53 PM,cppsud
120006,Chi Nu Psi,HI,medication_counseling,all,10/1/2024,12/31/2024,2,11,Numerator/Denominator,,01/28/2025 at 09:38 PM,01/28/2025 at 09:38 PM,cppsud
120006,Chi Nu Psi,HI,naloxone_counseling,all,4/1/2024,6/30/2024,0,1,Numerator/Denominator,,07/18/2024 at 10:32 PM,07/18/2024 at 10:32 PM,cppsud
120006,Chi Nu Psi,HI,naloxone_counseling,all,1/1/2024,3/31/2024,0,1,Numerator/Denominator,,05/13/2024 at 07:47 PM,05/13/2024 at 07:47 PM,cppsud
120006,Chi Nu Psi,HI,naloxone_counseling,all,10/1/2022,12/31/2022,0,0,Numerator/Denominator,,03/22/2024 at 08:39 PM,03/22/2024 at 08:39 PM,cppsud
120006,Chi Nu Psi,HI,naloxone_counseling,all,10/1/2023,12/31/2023,0,0,Numerator/Denominator,,02/26/2024 at 08:24 PM,02/26/2024 at 08:24 PM,cppsud
120006,Chi Nu Psi,HI,naloxone_counseling,all,7/1/2023,9/30/2023,0,0,Numerator/Denominator,,02/26/2024 at 08:22 PM,02/26/2024 at 08:22 PM,cppsud
120006,Chi Nu Psi,HI,naloxone_counseling,all,4/1/2023,6/30/2023,0,0,Numerator/Denominator,,02/26/2024 at 08:20 PM,02/26/2024 at 08:20 PM,cppsud
120006,Chi Nu Psi,HI,naloxone_counseling,all,1/1/2023,3/31/2023,0,0,Numerator/Denominator,,02/26/2024 at 08:13 PM,02/26/2024 at 08:13 PM,cppsud
120006,Chi Nu Psi,HI,naloxone_counseling,all,4/1/2025,6/30/2025,0,1,Numerator/Denominator,,07/31/2025 at 08:18 PM,07/31/2025 at 08:18 PM,cppsud
120006,Chi Nu Psi,HI,naloxone_counseling,all,7/1/2022,9/30/2022,0,0,Numerator/Denominator,,12/27/2023 at 08:09 PM,03/22/2024 at 08:40 PM,cppsud
120006,Chi Nu Psi,HI,naloxone_counseling,all,1/1/2025,3/31/2025,0,1,Numerator/Denominator,,04/28/2025 at 04:53 PM,04/28/2025 at 04:53 PM,cppsud
120006,Chi Nu Psi,HI,naloxone_counseling,all,10/1/2024,12/31/2024,0,2,Numerator/Denominator,,01/28/2025 at 09:38 PM,01/28/2025 at 09:38 PM,cppsud
120006,Chi Nu Psi,HI,naloxone_counseling,all,7/1/2024,9/30/2024,1,1,Numerator/Denominator,,10/29/2024 at 04:20 PM,10/29/2024 at 06:28 PM,cppsud
120006,Chi Nu Psi,HI,naloxone_prescription,all,10/1/2022,12/31/2022,0,0,Numerator/Denominator,,03/22/2024 at 08:39 PM,03/22/2024 at 08:39 PM,cppsud
120006,Chi Nu Psi,HI,naloxone_prescription,all,10/1/2023,12/31/2023,0,0,Numerator/Denominator,,02/26/2024 at 08:24 PM,02/26/2024 at 08:24 PM,cppsud
120006,Chi Nu Psi,HI,naloxone_prescription,all,7/1/2023,9/30/2023,0,0,Numerator/Denominator,,02/26/2024 at 08:22 PM,02/26/2024 at 08:22 PM,cppsud
120006,Chi Nu Psi,HI,naloxone_prescription,all,4/1/2023,6/30/2023,0,0,Numerator/Denominator,,02/26/2024 at 08:21 PM,02/26/2024 at 08:21 PM,cppsud
120006,Chi Nu Psi,HI,naloxone_prescription,all,1/1/2023,3/31/2023,0,0,Numerator/Denominator,,02/26/2024 at 08:13 PM,02/26/2024 at 08:13 PM,cppsud
120006,Chi Nu Psi,HI,naloxone_prescription,all,4/1/2025,6/30/2025,0,1,Numerator/Denominator,,07/31/2025 at 08:18 PM,07/31/2025 at 08:18 PM,cppsud
120006,Chi Nu Psi,HI,naloxone_prescription,all,7/1/2022,9/30/2022,0,0,Numerator/Denominator,,12/27/2023 at 08:09 PM,03/22/2024 at 08:40 PM,cppsud
120006,Chi Nu Psi,HI,naloxone_prescription,all,1/1/2025,3/31/2025,0,3,Numerator/Denominator,,04/28/2025 at 04:53 PM,04/28/2025 at 04:53 PM,cppsud
120006,Chi Nu Psi,HI,naloxone_prescription,all,10/1/2024,12/31/2024,0,2,Numerator/Denominator,,01/28/2025 at 09:38 PM,01/28/2025 at 09:38 PM,cppsud
120006,Chi Nu Psi,HI,naloxone_prescription,all,7/1/2024,9/30/2024,1,9,Numerator/Denominator,,10/29/2024 at 04:20 PM,10/29/2024 at 04:20 PM,cppsud
120006,Chi Nu Psi,HI,naloxone_prescription,all,4/1/2024,6/30/2024,0,1,Numerator/Denominator,,07/18/2024 at 10:32 PM,07/18/2024 at 10:32 PM,cppsud
120006,Chi Nu Psi,HI,naloxone_prescription,all,1/1/2024,3/31/2024,0,1,Numerator/Denominator,,05/13/2024 at 07:47 PM,05/13/2024 at 07:47 PM,cppsud
120006,Chi Nu Psi,HI,nursing_equity_education,all,10/1/2022,12/31/2022,95,100,Range,,03/14/2023 at 09:50 PM,03/14/2023 at 09:54 PM,"preeclampsia,hemorrhage,cesarean_reduction"
120006,Chi Nu Psi,HI,oen_mothers_milk,all,7/1/2022,9/30/2022,0,1,Numerator/Denominator,,10/27/2022 at 06:15 PM,10/27/2022 at 06:15 PM,opioid
120006,Chi Nu Psi,HI,other_hypertensive_symptoms_check_scheduling,all,10/1/2022,12/31/2022,2,2,Numerator/Denominator,,03/14/2023 at 09:50 PM,03/14/2023 at 09:52 PM,preeclampsia
120006,Chi Nu Psi,HI,pnc_site_universal_screening,all,7/1/2022,9/30/2022,6,6,Numerator/Denominator,,10/27/2022 at 06:15 PM,10/27/2022 at 06:15 PM,opioid
120006,Chi Nu Psi,HI,post_hemorrhage_patient_support,all,10/1/2022,12/31/2022,1,1,Numerator/Denominator,,01/23/2023 at 07:29 PM,03/14/2023 at 10:15 PM,hemorrhage
120006,Chi Nu Psi,HI,preeclampsia_emergency_dept_nursing_education,all,10/1/2022,12/31/2022,95,100,Range,,03/14/2023 at 09:50 PM,03/14/2023 at 09:50 PM,preeclampsia
120006,Chi Nu Psi,HI,preeclampsia_nursing_education,all,10/1/2022,12/31/2022,95,100,Range,,03/14/2023 at 09:50 PM,03/14/2023 at 09:50 PM,"preeclampsia,texas_preeclampsia"
120006,Chi Nu Psi,HI,preeclampsia_nursing_education,all,7/1/2022,9/30/2022,95,100,Range,,03/14/2023 at 09:07 PM,03/14/2023 at 09:07 PM,"preeclampsia,texas_preeclampsia"
120006,Chi Nu Psi,HI,preeclampsia_nursing_education,all,1/1/2022,3/31/2022,95,100,Range,,09/02/2022 at 04:23 PM,09/02/2022 at 04:23 PM,"preeclampsia,texas_preeclampsia"
120006,Chi Nu Psi,HI,preeclampsia_nursing_education,all,4/1/2022,6/30/2022,95,100,Range,,09/02/2022 at 04:19 PM,09/02/2022 at 04:19 PM,"preeclampsia,texas_preeclampsia"
120006,Chi Nu Psi,HI,preeclampsia_nursing_education,all,10/1/2021,12/31/2021,95,100,Range,,02/03/2022 at 04:06 PM,02/03/2022 at 04:06 PM,"preeclampsia,texas_preeclampsia"
120006,Chi Nu Psi,HI,preeclampsia_nursing_education,all,7/1/2021,9/30/2021,95,100,Range,,02/03/2022 at 04:06 PM,02/03/2022 at 04:06 PM,"preeclampsia,texas_preeclampsia"
120006,Chi Nu Psi,HI,preeclampsia_nursing_education,all,4/1/2021,6/30/2021,35,100,Range,,08/11/2021 at 10:34 PM,03/22/2024 at 08:41 PM,"preeclampsia,texas_preeclampsia"
120006,Chi Nu Psi,HI,preeclampsia_nursing_education_and_protocol,all,4/1/2021,6/30/2021,35,100,Range,,08/11/2021 at 10:34 PM,08/11/2021 at 10:34 PM,"preeclampsia,texas_preeclampsia"
120006,Chi Nu Psi,HI,preeclampsia_provider_education,all,10/1/2022,12/31/2022,95,100,Range,,03/14/2023 at 09:50 PM,03/14/2023 at 09:50 PM,"preeclampsia,texas_preeclampsia"
120006,Chi Nu Psi,HI,preeclampsia_provider_education,all,7/1/2022,9/30/2022,95,100,Range,,03/14/2023 at 09:07 PM,03/14/2023 at 09:07 PM,"preeclampsia,texas_preeclampsia"
120006,Chi Nu Psi,HI,preeclampsia_provider_education,all,4/1/2022,6/30/2022,5,100,Range,,09/02/2022 at 04:40 PM,09/02/2022 at 04:40 PM,"preeclampsia,texas_preeclampsia"
120006,Chi Nu Psi,HI,preeclampsia_provider_education,all,1/1/2022,3/31/2022,5,100,Range,,09/02/2022 at 04:24 PM,09/02/2022 at 04:24 PM,"preeclampsia,texas_preeclampsia"
120006,Chi Nu Psi,HI,preeclampsia_provider_education,all,4/1/2021,6/30/2021,5,100,Range,,02/18/2022 at 02:19 PM,03/22/2024 at 08:41 PM,"preeclampsia,texas_preeclampsia"
120006,Chi Nu Psi,HI,preeclampsia_provider_education,all,10/1/2021,12/31/2021,5,100,Range,,02/03/2022 at 04:06 PM,02/03/2022 at 04:06 PM,"preeclampsia,texas_preeclampsia"
120006,Chi Nu Psi,HI,preeclampsia_provider_education,all,7/1/2021,9/30/2021,5,100,Range,,02/03/2022 at 04:06 PM,02/03/2022 at 04:06 PM,"preeclampsia,texas_preeclampsia"
120006,Chi Nu Psi,HI,provider_equity_education,all,10/1/2022,12/31/2022,55,100,Range,,03/14/2023 at 09:50 PM,03/14/2023 at 09:50 PM,"preeclampsia,hemorrhage,cesarean_reduction"
120006,Chi Nu Psi,HI,quant_blood_loss,all,10/1/2022,12/31/2022,78,213,Numerator/Denominator,,03/14/2023 at 10:15 PM,03/14/2023 at 10:16 PM,hemorrhage
120006,Chi Nu Psi,HI,quantified_blood_loss,all,7/1/2022,9/30/2022,35,100,Range,,03/14/2023 at 09:19 PM,03/14/2023 at 09:19 PM,hemorrhage
120006,Chi Nu Psi,HI,quantified_blood_loss,all,4/1/2022,6/30/2022,35,100,Range,,09/02/2022 at 04:35 PM,09/02/2022 at 04:35 PM,hemorrhage
120006,Chi Nu Psi,HI,quantified_blood_loss,all,1/1/2022,3/31/2022,25,100,Range,,09/02/2022 at 04:33 PM,09/02/2022 at 04:33 PM,hemorrhage
120006,Chi Nu Psi,HI,quantified_blood_loss,all,10/1/2021,12/31/2021,55,100,Range,,02/03/2022 at 04:04 PM,02/03/2022 at 04:04 PM,hemorrhage
120006,Chi Nu Psi,HI,quantified_blood_loss,all,7/1/2021,9/30/2021,55,100,Range,,02/03/2022 at 04:03 PM,02/03/2022 at 04:03 PM,hemorrhage
120006,Chi Nu Psi,HI,quantified_blood_loss,all,4/1/2021,6/30/2021,35,100,Range,,08/11/2021 at 10:38 PM,08/11/2021 at 10:38 PM,hemorrhage
120006,Chi Nu Psi,HI,recovery_treatment_services_counseling,all,4/1/2023,6/30/2023,0,0,Numerator/Denominator,,02/26/2024 at 08:20 PM,02/26/2024 at 08:20 PM,cppsud
120006,Chi Nu Psi,HI,recovery_treatment_services_counseling,all,1/1/2023,3/31/2023,0,0,Numerator/Denominator,,02/26/2024 at 08:13 PM,02/26/2024 at 08:13 PM,cppsud
120006,Chi Nu Psi,HI,recovery_treatment_services_counseling,all,4/1/2025,6/30/2025,3,3,Numerator/Denominator,,07/31/2025 at 08:18 PM,07/31/2025 at 08:18 PM,cppsud
120006,Chi Nu Psi,HI,recovery_treatment_services_counseling,all,7/1/2022,9/30/2022,0,0,Numerator/Denominator,,12/27/2023 at 08:09 PM,03/22/2024 at 08:40 PM,cppsud
120006,Chi Nu Psi,HI,recovery_treatment_services_counseling,all,1/1/2025,3/31/2025,3,3,Numerator/Denominator,,04/28/2025 at 04:53 PM,04/28/2025 at 04:53 PM,cppsud
120006,Chi Nu Psi,HI,recovery_treatment_services_counseling,all,10/1/2024,12/31/2024,11,11,Numerator/Denominator,,01/28/2025 at 09:38 PM,01/28/2025 at 09:38 PM,cppsud
120006,Chi Nu Psi,HI,recovery_treatment_services_counseling,all,7/1/2024,9/30/2024,9,9,Numerator/Denominator,,10/29/2024 at 04:20 PM,10/29/2024 at 04:20 PM,cppsud
120006,Chi Nu Psi,HI,recovery_treatment_services_counseling,all,4/1/2024,6/30/2024,1,1,Numerator/Denominator,,07/18/2024 at 10:32 PM,07/18/2024 at 10:32 PM,cppsud
120006,Chi Nu Psi,HI,recovery_treatment_services_counseling,all,1/1/2024,3/31/2024,0,1,Numerator/Denominator,,05/13/2024 at 07:47 PM,05/13/2024 at 07:47 PM,cppsud
120006,Chi Nu Psi,HI,recovery_treatment_services_counseling,all,10/1/2022,12/31/2022,0,0,Numerator/Denominator,,03/22/2024 at 08:39 PM,03/22/2024 at 08:39 PM,cppsud
120006,Chi Nu Psi,HI,recovery_treatment_services_counseling,all,10/1/2023,12/31/2023,0,0,Numerator/Denominator,,02/26/2024 at 08:24 PM,02/26/2024 at 08:24 PM,cppsud
120006,Chi Nu Psi,HI,recovery_treatment_services_counseling,all,7/1/2023,9/30/2023,0,0,Numerator/Denominator,,02/26/2024 at 08:22 PM,02/26/2024 at 08:22 PM,cppsud
120006,Chi Nu Psi,HI,recovery_treatment_services_referral,all,4/1/2025,6/30/2025,1,1,Numerator/Denominator,,07/31/2025 at 08:18 PM,07/31/2025 at 08:18 PM,cppsud
120006,Chi Nu Psi,HI,recovery_treatment_services_referral,all,1/1/2023,3/31/2023,0,0,Numerator/Denominator,,02/26/2024 at 08:13 PM,02/26/2024 at 08:13 PM,cppsud
120006,Chi Nu Psi,HI,recovery_treatment_services_referral,all,1/1/2025,3/31/2025,3,3,Numerator/Denominator,,04/28/2025 at 04:53 PM,04/28/2025 at 04:53 PM,cppsud
120006,Chi Nu Psi,HI,recovery_treatment_services_referral,all,10/1/2024,12/31/2024,2,2,Numerator/Denominator,,01/28/2025 at 09:38 PM,01/28/2025 at 09:38 PM,cppsud
120006,Chi Nu Psi,HI,recovery_treatment_services_referral,all,7/1/2024,9/30/2024,9,9,Numerator/Denominator,,10/29/2024 at 04:20 PM,10/29/2024 at 06:32 PM,cppsud
120006,Chi Nu Psi,HI,recovery_treatment_services_referral,all,4/1/2024,6/30/2024,1,1,Numerator/Denominator,,07/18/2024 at 10:32 PM,07/18/2024 at 10:32 PM,cppsud
120006,Chi Nu Psi,HI,recovery_treatment_services_referral,all,1/1/2024,3/31/2024,0,1,Numerator/Denominator,,05/13/2024 at 07:47 PM,05/13/2024 at 07:47 PM,cppsud
120006,Chi Nu Psi,HI,recovery_treatment_services_referral,all,7/1/2022,9/30/2022,0,0,Numerator/Denominator,,03/22/2024 at 08:40 PM,03/22/2024 at 08:40 PM,cppsud
120006,Chi Nu Psi,HI,recovery_treatment_services_referral,all,10/1/2022,12/31/2022,0,0,Numerator/Denominator,,03/22/2024 at 08:39 PM,03/22/2024 at 08:39 PM,cppsud
120006,Chi Nu Psi,HI,recovery_treatment_services_referral,all,10/1/2023,12/31/2023,0,0,Numerator/Denominator,,02/26/2024 at 08:24 PM,02/26/2024 at 08:24 PM,cppsud
120006,Chi Nu Psi,HI,recovery_treatment_services_referral,all,7/1/2023,9/30/2023,0,0,Numerator/Denominator,,02/26/2024 at 08:22 PM,02/26/2024 at 08:22 PM,cppsud
120006,Chi Nu Psi,HI,recovery_treatment_services_referral,all,4/1/2023,6/30/2023,0,0,Numerator/Denominator,,02/26/2024 at 08:21 PM,02/26/2024 at 08:21 PM,cppsud
120006,Chi Nu Psi,HI,respectful_equitable_care_provider_and_nursing_education,all,1/1/2025,3/31/2025,95,100,Range,,04/28/2025 at 04:53 PM,04/28/2025 at 04:53 PM,"cppsud,ppdt,ccoc,sepsis,mental_health"
120006,Chi Nu Psi,HI,respectful_equitable_care_provider_and_nursing_education,all,10/1/2024,12/31/2024,95,100,Range,,01/28/2025 at 09:38 PM,01/28/2025 at 09:38 PM,"cppsud,ppdt,ccoc,sepsis,mental_health"
120006,Chi Nu Psi,HI,respectful_equitable_care_provider_and_nursing_education,all,7/1/2024,9/30/2024,95,100,Range,,10/29/2024 at 04:20 PM,10/29/2024 at 04:20 PM,"cppsud,ppdt,ccoc,sepsis,mental_health"
120006,Chi Nu Psi,HI,respectful_equitable_care_provider_and_nursing_education,all,4/1/2024,6/30/2024,85,100,Range,,07/18/2024 at 10:32 PM,07/18/2024 at 10:32 PM,"cppsud,ppdt,ccoc,sepsis,mental_health"
120006,Chi Nu Psi,HI,respectful_equitable_care_provider_and_nursing_education,all,1/1/2024,3/31/2024,95,100,Range,,05/13/2024 at 07:47 PM,05/13/2024 at 07:47 PM,"cppsud,ppdt,ccoc,sepsis,mental_health"
120006,Chi Nu Psi,HI,respectful_equitable_care_provider_and_nursing_education,all,10/1/2023,12/31/2023,95,100,Range,,02/26/2024 at 08:24 PM,02/26/2024 at 08:24 PM,"cppsud,ppdt,ccoc,sepsis,mental_health"
120006,Chi Nu Psi,HI,respectful_equitable_care_provider_and_nursing_education,all,7/1/2023,9/30/2023,55,100,Range,,02/26/2024 at 08:22 PM,02/26/2024 at 08:22 PM,"cppsud,ppdt,ccoc,sepsis,mental_health"
120006,Chi Nu Psi,HI,respectful_equitable_care_provider_and_nursing_education,all,4/1/2023,6/30/2023,55,100,Range,,02/26/2024 at 08:21 PM,02/26/2024 at 08:21 PM,"cppsud,ppdt,ccoc,sepsis,mental_health"
120006,Chi Nu Psi,HI,respectful_equitable_care_provider_and_nursing_education,all,1/1/2023,3/31/2023,55,100,Range,,02/26/2024 at 08:13 PM,02/26/2024 at 08:13 PM,"cppsud,ppdt,ccoc,sepsis,mental_health"
120006,Chi Nu Psi,HI,respectful_equitable_care_provider_and_nursing_education,all,10/1/2022,12/31/2022,95,100,Range,,03/14/2023 at 09:36 PM,03/22/2024 at 08:39 PM,"cppsud,ppdt,ccoc,sepsis,mental_health"
120006,Chi Nu Psi,HI,respectful_equitable_care_provider_and_nursing_education,all,4/1/2025,6/30/2025,95,100,Range,,07/31/2025 at 08:18 PM,07/31/2025 at 08:18 PM,"cppsud,ppdt,ccoc,sepsis,mental_health"
120006,Chi Nu Psi,HI,respectful_equitable_care_provider_and_nursing_education,all,7/1/2022,9/30/2022,95,100,Range,,03/14/2023 at 09:35 PM,12/27/2023 at 08:09 PM,"cppsud,ppdt,ccoc,sepsis,mental_health"
120006,Chi Nu Psi,HI,severe_htn_treatment,all,10/1/2022,12/31/2022,0,2,Numerator/Denominator,,01/23/2023 at 07:21 PM,01/23/2023 at 07:21 PM,"preeclampsia,texas_preeclampsia"
120006,Chi Nu Psi,HI,severe_htn_treatment,all,7/1/2022,9/30/2022,0,0,Numerator/Denominator,,01/23/2023 at 07:21 PM,01/23/2023 at 07:21 PM,"preeclampsia,texas_preeclampsia"
120006,Chi Nu Psi,HI,severe_htn_treatment,all,4/1/2022,6/30/2022,1,12,Numerator/Denominator,,09/02/2022 at 04:19 PM,09/02/2022 at 04:19 PM,"preeclampsia,texas_preeclampsia"
120006,Chi Nu Psi,HI,severe_htn_treatment,all,1/1/2022,3/31/2022,0,3,Numerator/Denominator,,04/26/2022 at 07:31 PM,04/26/2022 at 07:31 PM,"preeclampsia,texas_preeclampsia"
120006,Chi Nu Psi,HI,severe_htn_treatment,all,10/1/2021,12/31/2021,1,2,Numerator/Denominator,,02/18/2022 at 11:32 AM,02/18/2022 at 01:02 PM,"preeclampsia,texas_preeclampsia"
120006,Chi Nu Psi,HI,severe_htn_treatment,all,7/1/2021,9/30/2021,0,0,Numerator/Denominator,,02/03/2022 at 03:20 PM,02/03/2022 at 03:21 PM,"preeclampsia,texas_preeclampsia"
120006,Chi Nu Psi,HI,severe_htn_treatment,all,4/1/2021,6/30/2021,,,Numerator/Denominator,,08/11/2021 at 10:34 PM,08/11/2021 at 10:39 PM,"preeclampsia,texas_preeclampsia"
120006,Chi Nu Psi,HI,severe_hypertension_symptoms_check_scheduling,all,10/1/2022,12/31/2022,0,2,Numerator/Denominator,,03/14/2023 at 09:50 PM,03/14/2023 at 09:50 PM,preeclampsia
120006,Chi Nu Psi,HI,sud_provider_and_nursing_education,all,7/1/2022,9/30/2022,5,100,Range,,03/14/2023 at 09:35 PM,12/27/2023 at 08:09 PM,cppsud
120006,Chi Nu Psi,HI,sud_provider_and_nursing_education,all,4/1/2025,6/30/2025,95,100,Range,,07/31/2025 at 08:18 PM,07/31/2025 at 08:18 PM,cppsud
120006,Chi Nu Psi,HI,sud_provider_and_nursing_education,all,1/1/2025,3/31/2025,95,100,Range,,04/28/2025 at 04:53 PM,04/28/2025 at 04:53 PM,cppsud
120006,Chi Nu Psi,HI,sud_provider_and_nursing_education,all,10/1/2024,12/31/2024,95,100,Range,,01/28/2025 at 09:38 PM,01/28/2025 at 09:38 PM,cppsud
120006,Chi Nu Psi,HI,sud_provider_and_nursing_education,all,7/1/2024,9/30/2024,95,100,Range,,10/29/2024 at 04:20 PM,10/29/2024 at 04:20 PM,cppsud
120006,Chi Nu Psi,HI,sud_provider_and_nursing_education,all,4/1/2024,6/30/2024,85,100,Range,,07/18/2024 at 10:32 PM,07/18/2024 at 10:32 PM,cppsud
120006,Chi Nu Psi,HI,sud_provider_and_nursing_education,all,7/1/2023,9/30/2023,55,100,Range,,02/26/2024 at 08:22 PM,02/26/2024 at 08:22 PM,cppsud
120006,Chi Nu Psi,HI,sud_provider_and_nursing_education,all,1/1/2024,3/31/2024,95,100,Range,,05/13/2024 at 07:47 PM,05/13/2024 at 07:47 PM,cppsud
120006,Chi Nu Psi,HI,sud_provider_and_nursing_education,all,4/1/2023,6/30/2023,55,100,Range,,02/26/2024 at 08:21 PM,02/26/2024 at 08:21 PM,cppsud
120006,Chi Nu Psi,HI,sud_provider_and_nursing_education,all,10/1/2023,12/31/2023,95,100,Range,,02/26/2024 at 08:24 PM,02/26/2024 at 08:24 PM,cppsud
120006,Chi Nu Psi,HI,sud_provider_and_nursing_education,all,1/1/2023,3/31/2023,55,100,Range,,02/26/2024 at 08:13 PM,02/26/2024 at 08:13 PM,cppsud
120006,Chi Nu Psi,HI,sud_provider_and_nursing_education,all,10/1/2022,12/31/2022,5,100,Range,,03/14/2023 at 09:36 PM,03/22/2024 at 08:39 PM,cppsud
120006,Chi Nu Psi,HI,sud_universal_screening,all,4/1/2023,6/30/2023,0,230,Numerator/Denominator,,02/26/2024 at 08:20 PM,02/26/2024 at 08:20 PM,cppsud
120006,Chi Nu Psi,HI,sud_universal_screening,all,1/1/2023,3/31/2023,0,219,Numerator/Denominator,,02/26/2024 at 08:13 PM,02/26/2024 at 08:13 PM,cppsud
120006,Chi Nu Psi,HI,sud_universal_screening,all,4/1/2025,6/30/2025,235,235,Numerator/Denominator,,07/31/2025 at 09:30 PM,07/31/2025 at 09:30 PM,cppsud
120006,Chi Nu Psi,HI,sud_universal_screening,all,7/1/2022,9/30/2022,0,0,Numerator/Denominator,,12/27/2023 at 08:09 PM,03/22/2024 at 08:40 PM,cppsud
120006,Chi Nu Psi,HI,sud_universal_screening,all,1/1/2025,3/31/2025,193,193,Numerator/Denominator,,04/28/2025 at 04:53 PM,04/28/2025 at 04:53 PM,cppsud
120006,Chi Nu Psi,HI,sud_universal_screening,all,10/1/2024,12/31/2024,259,259,Numerator/Denominator,,01/28/2025 at 09:38 PM,01/28/2025 at 09:38 PM,cppsud
120006,Chi Nu Psi,HI,sud_universal_screening,all,7/1/2024,9/30/2024,252,252,Numerator/Denominator,,10/29/2024 at 04:20 PM,10/29/2024 at 04:29 PM,cppsud
120006,Chi Nu Psi,HI,sud_universal_screening,all,4/1/2024,6/30/2024,0,228,Numerator/Denominator,,07/05/2024 at 08:22 PM,07/05/2024 at 08:22 PM,cppsud
120006,Chi Nu Psi,HI,sud_universal_screening,all,1/1/2024,3/31/2024,0,331,Numerator/Denominator,,05/13/2024 at 07:47 PM,05/13/2024 at 07:47 PM,cppsud
120006,Chi Nu Psi,HI,sud_universal_screening,all,10/1/2022,12/31/2022,0,0,Numerator/Denominator,,03/22/2024 at 08:39 PM,03/22/2024 at 08:39 PM,cppsud
120006,Chi Nu Psi,HI,sud_universal_screening,all,10/1/2023,12/31/2023,0,217,Numerator/Denominator,,02/26/2024 at 08:24 PM,02/26/2024 at 08:24 PM,cppsud
120006,Chi Nu Psi,HI,sud_universal_screening,all,7/1/2023,9/30/2023,0,211,Numerator/Denominator,,02/26/2024 at 08:22 PM,02/26/2024 at 08:22 PM,cppsud
120006,Chi Nu Psi,HI,topics_covered_hemorrhage,all,4/1/2021,6/30/2021,1,1,Numerator/Denominator,,08/11/2021 at 10:34 PM,03/22/2024 at 08:41 PM,"preeclampsia,hemorrhage"
120006,Chi Nu Psi,HI,topics_covered_hemorrhage,all,10/1/2022,12/31/2022,0,1,Numerator/Denominator,,03/14/2023 at 09:50 PM,03/14/2023 at 09:50 PM,"preeclampsia,hemorrhage"
120006,Chi Nu Psi,HI,topics_covered_hemorrhage,all,7/1/2022,9/30/2022,0,1,Numerator/Denominator,,03/14/2023 at 09:07 PM,03/14/2023 at 09:07 PM,"preeclampsia,hemorrhage"
120006,Chi Nu Psi,HI,topics_covered_hemorrhage,all,4/1/2022,6/30/2022,1,1,Numerator/Denominator,,09/02/2022 at 04:19 PM,09/02/2022 at 04:19 PM,"preeclampsia,hemorrhage"
120006,Chi Nu Psi,HI,topics_covered_hemorrhage,all,1/1/2022,3/31/2022,0,1,Numerator/Denominator,,04/26/2022 at 07:25 PM,04/26/2022 at 07:25 PM,"preeclampsia,hemorrhage"
120006,Chi Nu Psi,HI,topics_covered_hemorrhage,all,10/1/2021,12/31/2021,1,1,Numerator/Denominator,,02/03/2022 at 04:04 PM,02/03/2022 at 04:04 PM,"preeclampsia,hemorrhage"
120006,Chi Nu Psi,HI,topics_covered_hemorrhage,all,7/1/2021,9/30/2021,1,1,Numerator/Denominator,,02/03/2022 at 04:03 PM,02/03/2022 at 04:03 PM,"preeclampsia,hemorrhage"
120006,Chi Nu Psi,HI,topics_covered_other,all,1/1/2022,3/31/2022,0,1,Numerator/Denominator,,09/02/2022 at 04:23 PM,09/02/2022 at 04:23 PM,"preeclampsia,hemorrhage"
120006,Chi Nu Psi,HI,topics_covered_other,all,4/1/2022,6/30/2022,0,1,Numerator/Denominator,,09/02/2022 at 04:19 PM,09/02/2022 at 04:19 PM,"preeclampsia,hemorrhage"
120006,Chi Nu Psi,HI,topics_covered_other,all,10/1/2021,12/31/2021,1,1,Numerator/Denominator,,02/03/2022 at 04:04 PM,02/03/2022 at 04:04 PM,"preeclampsia,hemorrhage"
120006,Chi Nu Psi,HI,topics_covered_other,all,7/1/2021,9/30/2021,1,1,Numerator/Denominator,,02/03/2022 at 04:03 PM,02/03/2022 at 04:03 PM,"preeclampsia,hemorrhage"
120006,Chi Nu Psi,HI,topics_covered_other,all,4/1/2021,6/30/2021,1,1,Numerator/Denominator,,08/11/2021 at 10:34 PM,03/22/2024 at 08:41 PM,"preeclampsia,hemorrhage"
120006,Chi Nu Psi,HI,topics_covered_other,all,10/1/2022,12/31/2022,0,1,Numerator/Denominator,,03/14/2023 at 09:50 PM,03/14/2023 at 09:50 PM,"preeclampsia,hemorrhage"
120006,Chi Nu Psi,HI,topics_covered_other,all,7/1/2022,9/30/2022,1,1,Numerator/Denominator,,03/14/2023 at 09:07 PM,03/14/2023 at 09:07 PM,"preeclampsia,hemorrhage"
120006,Chi Nu Psi,HI,topics_covered_severe_hypertension,all,10/1/2022,12/31/2022,1,1,Numerator/Denominator,,03/14/2023 at 09:50 PM,03/14/2023 at 09:50 PM,"preeclampsia,hemorrhage"
120006,Chi Nu Psi,HI,topics_covered_severe_hypertension,all,7/1/2022,9/30/2022,0,1,Numerator/Denominator,,03/14/2023 at 09:07 PM,03/14/2023 at 09:07 PM,"preeclampsia,hemorrhage"
120006,Chi Nu Psi,HI,topics_covered_severe_hypertension,all,4/1/2022,6/30/2022,0,1,Numerator/Denominator,,09/02/2022 at 04:19 PM,09/02/2022 at 04:19 PM,"preeclampsia,hemorrhage"
120006,Chi Nu Psi,HI,topics_covered_severe_hypertension,all,1/1/2022,3/31/2022,1,1,Numerator/Denominator,,04/26/2022 at 07:25 PM,04/26/2022 at 07:25 PM,"preeclampsia,hemorrhage"
120006,Chi Nu Psi,HI,topics_covered_severe_hypertension,all,10/1/2021,12/31/2021,1,1,Numerator/Denominator,,02/03/2022 at 04:04 PM,02/03/2022 at 04:04 PM,"preeclampsia,hemorrhage"
120006,Chi Nu Psi,HI,topics_covered_severe_hypertension,all,7/1/2021,9/30/2021,1,1,Numerator/Denominator,,02/03/2022 at 04:03 PM,02/03/2022 at 04:03 PM,"preeclampsia,hemorrhage"
120006,Chi Nu Psi,HI,topics_covered_severe_hypertension,all,4/1/2021,6/30/2021,1,1,Numerator/Denominator,,08/11/2021 at 10:34 PM,03/22/2024 at 08:41 PM,"preeclampsia,hemorrhage"
120006,Chi Nu Psi,HI,unit_drill_count,all,7/1/2021,9/30/2021,3,1,Raw Value,,02/03/2022 at 04:03 PM,02/03/2022 at 04:03 PM,"preeclampsia,hemorrhage,texas_preeclampsia"
120006,Chi Nu Psi,HI,unit_drill_count,all,4/1/2021,6/30/2021,2,1,Raw Value,,08/11/2021 at 10:34 PM,03/22/2024 at 08:41 PM,"preeclampsia,hemorrhage,texas_preeclampsia"
120006,Chi Nu Psi,HI,unit_drill_count,all,10/1/2022,12/31/2022,1,1,Raw Value,,03/14/2023 at 09:50 PM,03/14/2023 at 09:50 PM,"preeclampsia,hemorrhage,texas_preeclampsia"
120006,Chi Nu Psi,HI,unit_drill_count,all,7/1/2022,9/30/2022,1,1,Raw Value,,03/14/2023 at 09:07 PM,03/14/2023 at 09:07 PM,"preeclampsia,hemorrhage,texas_preeclampsia"
120006,Chi Nu Psi,HI,unit_drill_count,all,4/1/2022,6/30/2022,1,1,Raw Value,,09/02/2022 at 04:19 PM,09/02/2022 at 04:19 PM,"preeclampsia,hemorrhage,texas_preeclampsia"
120006,Chi Nu Psi,HI,unit_drill_count,all,1/1/2022,3/31/2022,2,1,Raw Value,,04/26/2022 at 07:25 PM,04/26/2022 at 07:25 PM,"preeclampsia,hemorrhage,texas_preeclampsia"
120006,Chi Nu Psi,HI,unit_drill_count,all,10/1/2021,12/31/2021,3,1,Raw Value,,02/03/2022 at 04:04 PM,02/03/2022 at 04:04 PM,"preeclampsia,hemorrhage,texas_preeclampsia"
120006,Chi Nu Psi,HI,warning_signs_patient_education,all,10/1/2022,12/31/2022,5,1,Raw Value,,03/14/2023 at 09:50 PM,03/14/2023 at 09:50 PM,
120011,Omicron Alpha Alpha,HI,biological_parent_discharge,all,4/1/2023,6/30/2023,1,1,Numerator/Denominator,,07/13/2023 at 04:40 PM,07/13/2023 at 04:40 PM,cppsud
120011,Omicron Alpha Alpha,HI,biological_parent_discharge,all,1/1/2023,3/31/2023,3,3,Numerator/Denominator,,04/10/2023 at 07:09 PM,04/10/2023 at 07:09 PM,cppsud
120011,Omicron Alpha Alpha,HI,biological_parent_discharge,all,7/1/2022,9/30/2022,3,3,Numerator/Denominator,,04/03/2023 at 09:17 PM,04/03/2023 at 09:17 PM,cppsud
120011,Omicron Alpha Alpha,HI,biological_parent_discharge,all,4/1/2025,6/30/2025,2,2,Numerator/Denominator,,07/14/2025 at 06:28 PM,07/14/2025 at 06:28 PM,cppsud
120011,Omicron Alpha Alpha,HI,biological_parent_discharge,all,10/1/2022,12/31/2022,5,5,Numerator/Denominator,,03/28/2023 at 06:56 PM,03/28/2023 at 06:56 PM,cppsud
120011,Omicron Alpha Alpha,HI,biological_parent_discharge,all,1/1/2025,3/31/2025,3,3,Numerator/Denominator,,04/11/2025 at 05:59 PM,04/11/2025 at 05:59 PM,cppsud
120011,Omicron Alpha Alpha,HI,biological_parent_discharge,all,10/1/2024,12/31/2024,1,1,Numerator/Denominator,,01/09/2025 at 01:46 PM,01/09/2025 at 01:46 PM,cppsud
120011,Omicron Alpha Alpha,HI,biological_parent_discharge,all,7/1/2024,9/30/2024,4,4,Numerator/Denominator,,10/11/2024 at 10:02 PM,10/11/2024 at 10:02 PM,cppsud
120011,Omicron Alpha Alpha,HI,biological_parent_discharge,all,4/1/2024,6/30/2024,6,6,Numerator/Denominator,,07/15/2024 at 07:09 PM,07/15/2024 at 07:09 PM,cppsud
120011,Omicron Alpha Alpha,HI,biological_parent_discharge,all,1/1/2024,3/31/2024,0,0,Numerator/Denominator,,04/03/2024 at 05:18 PM,04/03/2024 at 05:18 PM,cppsud
120011,Omicron Alpha Alpha,HI,biological_parent_discharge,all,10/1/2023,12/31/2023,2,2,Numerator/Denominator,,01/09/2024 at 07:54 PM,01/09/2024 at 07:54 PM,cppsud
120011,Omicron Alpha Alpha,HI,biological_parent_discharge,all,7/1/2023,9/30/2023,9,9,Numerator/Denominator,,10/18/2023 at 05:00 PM,10/18/2023 at 05:00 PM,cppsud
120011,Omicron Alpha Alpha,HI,hem_risk_assessment,all,1/1/2023,3/31/2023,329,336,Numerator/Denominator,,04/10/2023 at 07:07 PM,04/10/2023 at 07:07 PM,hemorrhage
120011,Omicron Alpha Alpha,HI,hem_risk_assessment,all,10/1/2022,12/31/2022,375,375,Numerator/Denominator,,01/17/2023 at 08:35 PM,01/17/2023 at 08:35 PM,hemorrhage
120011,Omicron Alpha Alpha,HI,hemorrhage_nursing_education,all,4/1/2021,6/30/2021,95,100,Range,,10/06/2021 at 09:56 PM,10/06/2021 at 09:56 PM,hemorrhage
120011,Omicron Alpha Alpha,HI,hemorrhage_nursing_education,all,1/1/2023,3/31/2023,95,100,Range,,05/02/2023 at 09:16 PM,05/02/2023 at 09:16 PM,hemorrhage
120011,Omicron Alpha Alpha,HI,hemorrhage_nursing_education,all,10/1/2022,12/31/2022,95,100,Range,,01/09/2023 at 02:21 PM,01/09/2023 at 02:21 PM,hemorrhage
120011,Omicron Alpha Alpha,HI,hemorrhage_nursing_education,all,7/1/2022,9/30/2022,95,100,Range,,10/05/2022 at 07:22 PM,10/05/2022 at 07:22 PM,hemorrhage
120011,Omicron Alpha Alpha,HI,hemorrhage_nursing_education,all,4/1/2022,6/30/2022,95,100,Range,,07/12/2022 at 06:49 PM,07/12/2022 at 06:49 PM,hemorrhage
120011,Omicron Alpha Alpha,HI,hemorrhage_nursing_education,all,1/1/2022,3/31/2022,95,100,Range,,06/07/2022 at 06:23 PM,06/07/2022 at 06:23 PM,hemorrhage
120011,Omicron Alpha Alpha,HI,hemorrhage_nursing_education,all,10/1/2021,12/31/2021,95,100,Range,,03/17/2022 at 09:26 PM,03/17/2022 at 09:26 PM,hemorrhage
120011,Omicron Alpha Alpha,HI,hemorrhage_nursing_education,all,7/1/2021,9/30/2021,95,100,Range,,10/28/2021 at 06:55 PM,10/28/2021 at 06:55 PM,hemorrhage
120011,Omicron Alpha Alpha,HI,hemorrhage_nursing_education_and_protocol,all,4/1/2021,6/30/2021,95,100,Range,,10/06/2021 at 09:56 PM,10/06/2021 at 09:56 PM,hemorrhage
120011,Omicron Alpha Alpha,HI,hemorrhage_nursing_education_and_protocol,all,7/1/2021,9/30/2021,95,100,Range,,10/28/2021 at 06:55 PM,10/28/2021 at 06:55 PM,hemorrhage
120011,Omicron Alpha Alpha,HI,hemorrhage_provider_education,all,1/1/2023,3/31/2023,95,100,Range,,05/02/2023 at 09:16 PM,05/02/2023 at 09:16 PM,hemorrhage
120011,Omicron Alpha Alpha,HI,hemorrhage_provider_education,all,10/1/2022,12/31/2022,95,100,Range,,01/09/2023 at 02:21 PM,01/09/2023 at 02:21 PM,hemorrhage
120011,Omicron Alpha Alpha,HI,hemorrhage_provider_education,all,7/1/2022,9/30/2022,95,100,Range,,10/05/2022 at 07:22 PM,10/05/2022 at 07:22 PM,hemorrhage
120011,Omicron Alpha Alpha,HI,hemorrhage_provider_education,all,4/1/2022,6/30/2022,95,100,Range,,07/12/2022 at 06:49 PM,07/12/2022 at 06:49 PM,hemorrhage
120011,Omicron Alpha Alpha,HI,hemorrhage_provider_education,all,1/1/2022,3/31/2022,95,100,Range,,06/07/2022 at 06:22 PM,06/07/2022 at 06:22 PM,hemorrhage
120011,Omicron Alpha Alpha,HI,hemorrhage_provider_education,all,10/1/2021,12/31/2021,95,100,Range,,03/17/2022 at 09:26 PM,03/17/2022 at 09:26 PM,hemorrhage
120011,Omicron Alpha Alpha,HI,hemorrhage_provider_education,all,7/1/2021,9/30/2021,95,100,Range,,10/25/2021 at 05:08 PM,10/25/2021 at 05:08 PM,hemorrhage
120011,Omicron Alpha Alpha,HI,hemorrhage_provider_education,all,4/1/2021,6/30/2021,75,100,Range,,10/06/2021 at 09:56 PM,10/22/2021 at 05:54 PM,hemorrhage
120011,Omicron Alpha Alpha,HI,hemorrhage_provider_education_and_protocol,all,7/1/2021,9/30/2021,95,100,Range,,10/25/2021 at 05:08 PM,10/25/2021 at 05:08 PM,hemorrhage
120011,Omicron Alpha Alpha,HI,hemorrhage_provider_education_and_protocol,all,4/1/2021,6/30/2021,75,100,Range,,10/06/2021 at 09:56 PM,10/22/2021 at 05:54 PM,hemorrhage
120011,Omicron Alpha Alpha,HI,hemorrhage_risk_assessment,all,7/1/2022,9/30/2022,95,100,Range,,10/05/2022 at 07:22 PM,10/05/2022 at 07:22 PM,hemorrhage
120011,Omicron Alpha Alpha,HI,hemorrhage_risk_assessment,all,4/1/2022,6/30/2022,95,100,Range,,07/13/2022 at 05:30 PM,07/13/2022 at 05:30 PM,hemorrhage
120011,Omicron Alpha Alpha,HI,hemorrhage_risk_assessment,all,1/1/2022,3/31/2022,95,100,Range,,05/20/2022 at 07:13 PM,05/20/2022 at 07:13 PM,hemorrhage
120011,Omicron Alpha Alpha,HI,hemorrhage_risk_assessment,all,10/1/2021,12/31/2021,95,100,Range,,03/17/2022 at 09:28 PM,03/17/2022 at 09:28 PM,hemorrhage
120011,Omicron Alpha Alpha,HI,hemorrhage_risk_assessment,all,7/1/2021,9/30/2021,95,100,Range,,11/02/2021 at 03:12 PM,11/02/2021 at 03:12 PM,hemorrhage
120011,Omicron Alpha Alpha,HI,hemorrhage_risk_assessment,all,4/1/2021,6/30/2021,95,100,Range,,10/06/2021 at 09:56 PM,10/06/2021 at 09:56 PM,hemorrhage
120011,Omicron Alpha Alpha,HI,medication_assisted_treatment_referral,all,4/1/2023,6/30/2023,0,0,Numerator/Denominator,,07/13/2023 at 04:40 PM,07/13/2023 at 04:40 PM,cppsud
120011,Omicron Alpha Alpha,HI,medication_assisted_treatment_referral,all,1/1/2023,3/31/2023,0,3,Numerator/Denominator,,04/10/2023 at 07:09 PM,04/10/2023 at 07:09 PM,cppsud
120011,Omicron Alpha Alpha,HI,medication_assisted_treatment_referral,all,7/1/2022,9/30/2022,0,0,Numerator/Denominator,,04/03/2023 at 09:17 PM,04/03/2023 at 09:17 PM,cppsud
120011,Omicron Alpha Alpha,HI,medication_assisted_treatment_referral,all,4/1/2025,6/30/2025,1,1,Numerator/Denominator,,07/14/2025 at 06:28 PM,07/14/2025 at 06:28 PM,cppsud
120011,Omicron Alpha Alpha,HI,medication_assisted_treatment_referral,all,10/1/2022,12/31/2022,0,0,Numerator/Denominator,,03/28/2023 at 06:56 PM,03/28/2023 at 06:56 PM,cppsud
120011,Omicron Alpha Alpha,HI,medication_assisted_treatment_referral,all,1/1/2025,3/31/2025,0,1,Numerator/Denominator,,04/11/2025 at 05:59 PM,04/11/2025 at 05:59 PM,cppsud
120011,Omicron Alpha Alpha,HI,medication_assisted_treatment_referral,all,10/1/2024,12/31/2024,0,0,Numerator/Denominator,,01/09/2025 at 01:46 PM,01/09/2025 at 01:46 PM,cppsud
120011,Omicron Alpha Alpha,HI,medication_assisted_treatment_referral,all,7/1/2024,9/30/2024,1,1,Numerator/Denominator,,10/11/2024 at 10:02 PM,10/11/2024 at 10:02 PM,cppsud
120011,Omicron Alpha Alpha,HI,medication_assisted_treatment_referral,all,4/1/2024,6/30/2024,1,2,Numerator/Denominator,,07/15/2024 at 07:09 PM,07/15/2024 at 07:09 PM,cppsud
120011,Omicron Alpha Alpha,HI,medication_assisted_treatment_referral,all,1/1/2024,3/31/2024,0,0,Numerator/Denominator,,04/03/2024 at 05:18 PM,04/03/2024 at 05:18 PM,cppsud
120011,Omicron Alpha Alpha,HI,medication_assisted_treatment_referral,all,10/1/2023,12/31/2023,0,0,Numerator/Denominator,,01/09/2024 at 07:54 PM,01/09/2024 at 07:54 PM,cppsud
120011,Omicron Alpha Alpha,HI,medication_assisted_treatment_referral,all,7/1/2023,9/30/2023,1,1,Numerator/Denominator,,10/18/2023 at 05:00 PM,10/18/2023 at 05:00 PM,cppsud
120011,Omicron Alpha Alpha,HI,medication_counseling,all,1/1/2023,3/31/2023,0,2,Numerator/Denominator,,04/10/2023 at 07:09 PM,04/10/2023 at 07:09 PM,cppsud
120011,Omicron Alpha Alpha,HI,medication_counseling,all,7/1/2022,9/30/2022,0,0,Numerator/Denominator,,04/03/2023 at 09:17 PM,04/03/2023 at 09:17 PM,cppsud
120011,Omicron Alpha Alpha,HI,medication_counseling,all,4/1/2025,6/30/2025,1,1,Numerator/Denominator,,07/14/2025 at 06:28 PM,07/14/2025 at 06:28 PM,cppsud
120011,Omicron Alpha Alpha,HI,medication_counseling,all,10/1/2022,12/31/2022,0,0,Numerator/Denominator,,03/28/2023 at 06:56 PM,03/28/2023 at 06:56 PM,cppsud
120011,Omicron Alpha Alpha,HI,medication_counseling,all,1/1/2025,3/31/2025,0,1,Numerator/Denominator,,04/11/2025 at 05:59 PM,04/11/2025 at 05:59 PM,cppsud
120011,Omicron Alpha Alpha,HI,medication_counseling,all,10/1/2024,12/31/2024,0,0,Numerator/Denominator,,01/09/2025 at 01:46 PM,01/09/2025 at 01:46 PM,cppsud
120011,Omicron Alpha Alpha,HI,medication_counseling,all,7/1/2024,9/30/2024,1,4,Numerator/Denominator,,10/11/2024 at 10:02 PM,10/11/2024 at 10:02 PM,cppsud
120011,Omicron Alpha Alpha,HI,medication_counseling,all,4/1/2024,6/30/2024,1,2,Numerator/Denominator,,07/15/2024 at 07:09 PM,07/15/2024 at 07:09 PM,cppsud
120011,Omicron Alpha Alpha,HI,medication_counseling,all,1/1/2024,3/31/2024,0,0,Numerator/Denominator,,04/03/2024 at 05:18 PM,04/03/2024 at 05:18 PM,cppsud
120011,Omicron Alpha Alpha,HI,medication_counseling,all,10/1/2023,12/31/2023,0,0,Numerator/Denominator,,01/09/2024 at 07:54 PM,01/09/2024 at 07:54 PM,cppsud
120011,Omicron Alpha Alpha,HI,medication_counseling,all,7/1/2023,9/30/2023,1,1,Numerator/Denominator,,10/18/2023 at 05:00 PM,10/18/2023 at 05:00 PM,cppsud
120011,Omicron Alpha Alpha,HI,medication_counseling,all,4/1/2023,6/30/2023,0,0,Numerator/Denominator,,07/13/2023 at 04:40 PM,07/13/2023 at 04:40 PM,cppsud
120011,Omicron Alpha Alpha,HI,naloxone_counseling,all,7/1/2022,9/30/2022,0,3,Numerator/Denominator,,04/03/2023 at 09:17 PM,04/03/2023 at 09:17 PM,cppsud
120011,Omicron Alpha Alpha,HI,naloxone_counseling,all,4/1/2025,6/30/2025,1,2,Numerator/Denominator,,07/14/2025 at 06:28 PM,07/14/2025 at 06:28 PM,cppsud
120011,Omicron Alpha Alpha,HI,naloxone_counseling,all,10/1/2022,12/31/2022,0,5,Numerator/Denominator,,03/28/2023 at 06:56 PM,03/28/2023 at 06:56 PM,cppsud
120011,Omicron Alpha Alpha,HI,naloxone_counseling,all,1/1/2025,3/31/2025,0,3,Numerator/Denominator,,04/11/2025 at 05:59 PM,04/11/2025 at 05:59 PM,cppsud
120011,Omicron Alpha Alpha,HI,naloxone_counseling,all,10/1/2024,12/31/2024,0,2,Numerator/Denominator,,01/09/2025 at 01:46 PM,01/09/2025 at 01:46 PM,cppsud
120011,Omicron Alpha Alpha,HI,naloxone_counseling,all,7/1/2024,9/30/2024,0,4,Numerator/Denominator,,10/11/2024 at 10:02 PM,10/11/2024 at 10:02 PM,cppsud
120011,Omicron Alpha Alpha,HI,naloxone_counseling,all,4/1/2024,6/30/2024,1,5,Numerator/Denominator,,07/15/2024 at 07:09 PM,07/15/2024 at 07:09 PM,cppsud
120011,Omicron Alpha Alpha,HI,naloxone_counseling,all,1/1/2024,3/31/2024,0,0,Numerator/Denominator,,04/03/2024 at 05:18 PM,04/03/2024 at 05:18 PM,cppsud
120011,Omicron Alpha Alpha,HI,naloxone_counseling,all,10/1/2023,12/31/2023,0,3,Numerator/Denominator,,01/09/2024 at 07:54 PM,01/09/2024 at 07:54 PM,cppsud
120011,Omicron Alpha Alpha,HI,naloxone_counseling,all,7/1/2023,9/30/2023,1,7,Numerator/Denominator,,10/18/2023 at 05:00 PM,10/18/2023 at 05:00 PM,cppsud
120011,Omicron Alpha Alpha,HI,naloxone_counseling,all,4/1/2023,6/30/2023,0,1,Numerator/Denominator,,07/13/2023 at 04:40 PM,07/13/2023 at 04:40 PM,cppsud
120011,Omicron Alpha Alpha,HI,naloxone_counseling,all,1/1/2023,3/31/2023,1,3,Numerator/Denominator,,04/10/2023 at 07:09 PM,04/10/2023 at 07:09 PM,cppsud
120011,Omicron Alpha Alpha,HI,naloxone_prescription,all,10/1/2023,12/31/2023,0,3,Numerator/Denominator,,01/09/2024 at 07:54 PM,02/23/2024 at 08:51 PM,cppsud
120011,Omicron Alpha Alpha,HI,naloxone_prescription,all,7/1/2023,9/30/2023,1,7,Numerator/Denominator,,10/18/2023 at 05:00 PM,02/23/2024 at 08:52 PM,cppsud
120011,Omicron Alpha Alpha,HI,naloxone_prescription,all,4/1/2025,6/30/2025,1,2,Numerator/Denominator,,07/14/2025 at 06:28 PM,07/14/2025 at 06:28 PM,cppsud
120011,Omicron Alpha Alpha,HI,naloxone_prescription,all,1/1/2025,3/31/2025,0,3,Numerator/Denominator,,04/11/2025 at 05:59 PM,04/11/2025 at 05:59 PM,cppsud
120011,Omicron Alpha Alpha,HI,naloxone_prescription,all,10/1/2024,12/31/2024,0,2,Numerator/Denominator,,01/09/2025 at 01:46 PM,01/09/2025 at 01:46 PM,cppsud
120011,Omicron Alpha Alpha,HI,naloxone_prescription,all,4/1/2023,6/30/2023,0,1,Numerator/Denominator,,07/13/2023 at 04:40 PM,02/23/2024 at 08:53 PM,cppsud
120011,Omicron Alpha Alpha,HI,naloxone_prescription,all,7/1/2024,9/30/2024,0,4,Numerator/Denominator,,10/11/2024 at 10:02 PM,10/11/2024 at 10:02 PM,cppsud
120011,Omicron Alpha Alpha,HI,naloxone_prescription,all,1/1/2023,3/31/2023,1,3,Numerator/Denominator,,04/10/2023 at 07:09 PM,02/23/2024 at 08:54 PM,cppsud
120011,Omicron Alpha Alpha,HI,naloxone_prescription,all,4/1/2024,6/30/2024,1,5,Numerator/Denominator,,07/15/2024 at 07:09 PM,07/15/2024 at 07:09 PM,cppsud
120011,Omicron Alpha Alpha,HI,naloxone_prescription,all,7/1/2022,9/30/2022,0,3,Numerator/Denominator,,04/03/2023 at 09:17 PM,02/23/2024 at 08:55 PM,cppsud
120011,Omicron Alpha Alpha,HI,naloxone_prescription,all,1/1/2024,3/31/2024,0,0,Numerator/Denominator,,04/03/2024 at 05:18 PM,04/03/2024 at 05:18 PM,cppsud
120011,Omicron Alpha Alpha,HI,naloxone_prescription,all,10/1/2022,12/31/2022,5,5,Numerator/Denominator,,03/28/2023 at 06:56 PM,02/23/2024 at 08:54 PM,cppsud
120011,Omicron Alpha Alpha,HI,nursing_equity_education,all,1/1/2023,3/31/2023,95,100,Range,,05/02/2023 at 09:13 PM,05/02/2023 at 09:13 PM,"preeclampsia,hemorrhage,cesarean_reduction"
120011,Omicron Alpha Alpha,HI,nursing_equity_education,all,10/1/2022,12/31/2022,95,100,Range,,01/09/2023 at 02:21 PM,01/09/2023 at 02:21 PM,"preeclampsia,hemorrhage,cesarean_reduction"
120011,Omicron Alpha Alpha,HI,other_hypertensive_symptoms_check_scheduling,all,1/1/2023,3/31/2023,16,18,Numerator/Denominator,,04/10/2023 at 07:04 PM,04/10/2023 at 07:04 PM,preeclampsia
120011,Omicron Alpha Alpha,HI,other_hypertensive_symptoms_check_scheduling,all,10/1/2022,12/31/2022,22,24,Numerator/Denominator,,01/31/2023 at 06:17 PM,01/31/2023 at 06:17 PM,preeclampsia
120011,Omicron Alpha Alpha,HI,post_hemorrhage_patient_support,all,1/1/2023,3/31/2023,0,42,Numerator/Denominator,,04/10/2023 at 07:07 PM,05/02/2023 at 09:17 PM,hemorrhage
120011,Omicron Alpha Alpha,HI,post_hemorrhage_patient_support,all,10/1/2022,12/31/2022,0,46,Numerator/Denominator,,02/01/2023 at 07:46 PM,02/14/2023 at 09:04 PM,hemorrhage
120011,Omicron Alpha Alpha,HI,preeclampsia_emergency_dept_nursing_education,all,1/1/2023,3/31/2023,65,100,Range,,05/02/2023 at 09:13 PM,05/02/2023 at 09:13 PM,preeclampsia
120011,Omicron Alpha Alpha,HI,preeclampsia_emergency_dept_nursing_education,all,10/1/2022,12/31/2022,95,100,Range,,01/09/2023 at 03:20 PM,01/09/2023 at 03:20 PM,preeclampsia
120011,Omicron Alpha Alpha,HI,preeclampsia_nursing_education,all,10/1/2022,12/31/2022,95,100,Range,,01/09/2023 at 03:20 PM,01/09/2023 at 03:20 PM,"preeclampsia,texas_preeclampsia"
120011,Omicron Alpha Alpha,HI,preeclampsia_nursing_education,all,7/1/2022,9/30/2022,95,100,Range,,10/05/2022 at 07:18 PM,10/05/2022 at 07:18 PM,"preeclampsia,texas_preeclampsia"
120011,Omicron Alpha Alpha,HI,preeclampsia_nursing_education,all,4/1/2022,6/30/2022,95,100,Range,,07/12/2022 at 06:47 PM,10/27/2022 at 08:01 PM,"preeclampsia,texas_preeclampsia"
120011,Omicron Alpha Alpha,HI,preeclampsia_nursing_education,all,1/1/2022,3/31/2022,95,100,Range,,06/07/2022 at 06:21 PM,06/07/2022 at 06:21 PM,"preeclampsia,texas_preeclampsia"
120011,Omicron Alpha Alpha,HI,preeclampsia_nursing_education,all,10/1/2021,12/31/2021,95,100,Range,,03/17/2022 at 08:59 PM,03/17/2022 at 08:59 PM,"preeclampsia,texas_preeclampsia"
120011,Omicron Alpha Alpha,HI,preeclampsia_nursing_education,all,7/1/2021,9/30/2021,95,100,Range,,10/28/2021 at 06:55 PM,10/28/2021 at 06:55 PM,"preeclampsia,texas_preeclampsia"
120011,Omicron Alpha Alpha,HI,preeclampsia_nursing_education,all,4/1/2021,6/30/2021,95,100,Range,,10/06/2021 at 09:56 PM,10/06/2021 at 09:56 PM,"preeclampsia,texas_preeclampsia"
120011,Omicron Alpha Alpha,HI,preeclampsia_nursing_education,all,1/1/2023,3/31/2023,95,100,Range,,05/02/2023 at 09:13 PM,05/02/2023 at 09:13 PM,"preeclampsia,texas_preeclampsia"
120011,Omicron Alpha Alpha,HI,preeclampsia_nursing_education_and_protocol,all,7/1/2021,9/30/2021,95,100,Range,,10/28/2021 at 06:55 PM,10/28/2021 at 06:55 PM,"preeclampsia,texas_preeclampsia"
120011,Omicron Alpha Alpha,HI,preeclampsia_nursing_education_and_protocol,all,4/1/2021,6/30/2021,95,100,Range,,10/06/2021 at 09:56 PM,10/06/2021 at 09:56 PM,"preeclampsia,texas_preeclampsia"
120011,Omicron Alpha Alpha,HI,preeclampsia_provider_education,all,1/1/2023,3/31/2023,95,100,Range,,05/02/2023 at 09:13 PM,05/02/2023 at 09:13 PM,"preeclampsia,texas_preeclampsia"
120011,Omicron Alpha Alpha,HI,preeclampsia_provider_education,all,10/1/2022,12/31/2022,95,100,Range,,01/09/2023 at 03:20 PM,01/09/2023 at 03:20 PM,"preeclampsia,texas_preeclampsia"
120011,Omicron Alpha Alpha,HI,preeclampsia_provider_education,all,7/1/2022,9/30/2022,95,100,Range,,10/05/2022 at 07:18 PM,10/05/2022 at 07:18 PM,"preeclampsia,texas_preeclampsia"
120011,Omicron Alpha Alpha,HI,preeclampsia_provider_education,all,4/1/2022,6/30/2022,95,100,Range,,07/12/2022 at 06:47 PM,10/27/2022 at 08:01 PM,"preeclampsia,texas_preeclampsia"
120011,Omicron Alpha Alpha,HI,preeclampsia_provider_education,all,1/1/2022,3/31/2022,95,100,Range,,06/09/2022 at 05:57 PM,06/09/2022 at 05:57 PM,"preeclampsia,texas_preeclampsia"
120011,Omicron Alpha Alpha,HI,preeclampsia_provider_education,all,10/1/2021,12/31/2021,95,100,Range,,03/17/2022 at 08:59 PM,03/17/2022 at 08:59 PM,"preeclampsia,texas_preeclampsia"
120011,Omicron Alpha Alpha,HI,preeclampsia_provider_education,all,7/1/2021,9/30/2021,95,100,Range,,10/25/2021 at 05:08 PM,10/25/2021 at 05:08 PM,"preeclampsia,texas_preeclampsia"
120011,Omicron Alpha Alpha,HI,preeclampsia_provider_education,all,4/1/2021,6/30/2021,65,100,Range,,10/06/2021 at 09:35 PM,10/22/2021 at 05:55 PM,"preeclampsia,texas_preeclampsia"
120011,Omicron Alpha Alpha,HI,preeclampsia_provider_education_and_protocol,all,7/1/2021,9/30/2021,95,100,Range,,10/25/2021 at 05:08 PM,10/25/2021 at 05:08 PM,"preeclampsia,texas_preeclampsia"
120011,Omicron Alpha Alpha,HI,preeclampsia_provider_education_and_protocol,all,4/1/2021,6/30/2021,65,100,Range,,10/06/2021 at 09:35 PM,10/22/2021 at 05:55 PM,"preeclampsia,texas_preeclampsia"
120011,Omicron Alpha Alpha,HI,provider_equity_education,all,1/1/2023,3/31/2023,95,100,Range,,05/02/2023 at 09:13 PM,05/02/2023 at 09:13 PM,"preeclampsia,hemorrhage,cesarean_reduction"
120011,Omicron Alpha Alpha,HI,provider_equity_education,all,10/1/2022,12/31/2022,95,100,Range,,01/09/2023 at 02:21 PM,01/09/2023 at 02:21 PM,"preeclampsia,hemorrhage,cesarean_reduction"
120011,Omicron Alpha Alpha,HI,quant_blood_loss,all,1/1/2023,3/31/2023,285,336,Numerator/Denominator,,04/10/2023 at 07:07 PM,04/10/2023 at 07:07 PM,hemorrhage
120011,Omicron Alpha Alpha,HI,quant_blood_loss,all,10/1/2022,12/31/2022,344,375,Numerator/Denominator,,01/17/2023 at 08:35 PM,01/17/2023 at 08:35 PM,hemorrhage
120011,Omicron Alpha Alpha,HI,quant_blood_loss,all,7/1/2022,9/30/2022,,,Numerator/Denominator,,10/05/2022 at 07:22 PM,10/05/2022 at 07:24 PM,hemorrhage
120011,Omicron Alpha Alpha,HI,quantified_blood_loss,all,10/1/2021,12/31/2021,95,100,Range,,03/17/2022 at 09:28 PM,03/17/2022 at 09:28 PM,hemorrhage
120011,Omicron Alpha Alpha,HI,quantified_blood_loss,all,7/1/2021,9/30/2021,85,100,Range,,11/02/2021 at 03:12 PM,11/02/2021 at 03:12 PM,hemorrhage
120011,Omicron Alpha Alpha,HI,quantified_blood_loss,all,4/1/2021,6/30/2021,95,100,Range,,10/06/2021 at 09:56 PM,10/06/2021 at 09:56 PM,hemorrhage
120011,Omicron Alpha Alpha,HI,quantified_blood_loss,all,7/1/2022,9/30/2022,85,100,Range,,10/05/2022 at 07:22 PM,10/05/2022 at 07:22 PM,hemorrhage
120011,Omicron Alpha Alpha,HI,quantified_blood_loss,all,4/1/2022,6/30/2022,85,100,Range,,07/13/2022 at 05:30 PM,07/13/2022 at 05:30 PM,hemorrhage
120011,Omicron Alpha Alpha,HI,quantified_blood_loss,all,1/1/2022,3/31/2022,85,100,Range,,05/20/2022 at 07:13 PM,05/20/2022 at 07:13 PM,hemorrhage
120011,Omicron Alpha Alpha,HI,recovery_treatment_services_counseling,all,4/1/2024,6/30/2024,2,5,Numerator/Denominator,,07/15/2024 at 07:09 PM,07/15/2024 at 07:09 PM,cppsud
120011,Omicron Alpha Alpha,HI,recovery_treatment_services_counseling,all,1/1/2024,3/31/2024,0,0,Numerator/Denominator,,04/03/2024 at 05:18 PM,04/03/2024 at 05:18 PM,cppsud
120011,Omicron Alpha Alpha,HI,recovery_treatment_services_counseling,all,10/1/2023,12/31/2023,1,3,Numerator/Denominator,,01/09/2024 at 07:54 PM,01/09/2024 at 07:54 PM,cppsud
120011,Omicron Alpha Alpha,HI,recovery_treatment_services_counseling,all,7/1/2023,9/30/2023,1,7,Numerator/Denominator,,10/18/2023 at 05:00 PM,10/18/2023 at 05:00 PM,cppsud
120011,Omicron Alpha Alpha,HI,recovery_treatment_services_counseling,all,4/1/2023,6/30/2023,0,1,Numerator/Denominator,,07/13/2023 at 04:40 PM,07/13/2023 at 04:40 PM,cppsud
120011,Omicron Alpha Alpha,HI,recovery_treatment_services_counseling,all,1/1/2023,3/31/2023,1,3,Numerator/Denominator,,04/10/2023 at 07:09 PM,04/10/2023 at 07:09 PM,cppsud
120011,Omicron Alpha Alpha,HI,recovery_treatment_services_counseling,all,7/1/2022,9/30/2022,1,3,Numerator/Denominator,,04/03/2023 at 09:17 PM,04/03/2023 at 09:17 PM,cppsud
120011,Omicron Alpha Alpha,HI,recovery_treatment_services_counseling,all,4/1/2025,6/30/2025,0,2,Numerator/Denominator,,07/14/2025 at 06:28 PM,07/14/2025 at 06:28 PM,cppsud
120011,Omicron Alpha Alpha,HI,recovery_treatment_services_counseling,all,10/1/2022,12/31/2022,3,5,Numerator/Denominator,,03/28/2023 at 06:56 PM,03/28/2023 at 06:56 PM,cppsud
120011,Omicron Alpha Alpha,HI,recovery_treatment_services_counseling,all,1/1/2025,3/31/2025,2,3,Numerator/Denominator,,04/11/2025 at 05:59 PM,04/11/2025 at 05:59 PM,cppsud
120011,Omicron Alpha Alpha,HI,recovery_treatment_services_counseling,all,10/1/2024,12/31/2024,2,2,Numerator/Denominator,,01/09/2025 at 01:46 PM,01/09/2025 at 01:46 PM,cppsud
120011,Omicron Alpha Alpha,HI,recovery_treatment_services_counseling,all,7/1/2024,9/30/2024,1,4,Numerator/Denominator,,10/11/2024 at 10:02 PM,10/11/2024 at 10:02 PM,cppsud
120011,Omicron Alpha Alpha,HI,recovery_treatment_services_referral,all,7/1/2023,9/30/2023,1,7,Numerator/Denominator,,10/18/2023 at 05:00 PM,10/18/2023 at 05:00 PM,cppsud
120011,Omicron Alpha Alpha,HI,recovery_treatment_services_referral,all,4/1/2023,6/30/2023,0,1,Numerator/Denominator,,07/13/2023 at 04:40 PM,07/13/2023 at 04:40 PM,cppsud
120011,Omicron Alpha Alpha,HI,recovery_treatment_services_referral,all,4/1/2025,6/30/2025,0,2,Numerator/Denominator,,07/14/2025 at 06:28 PM,07/14/2025 at 06:28 PM,cppsud
120011,Omicron Alpha Alpha,HI,recovery_treatment_services_referral,all,1/1/2023,3/31/2023,1,3,Numerator/Denominator,,04/10/2023 at 07:09 PM,04/10/2023 at 07:09 PM,cppsud
120011,Omicron Alpha Alpha,HI,recovery_treatment_services_referral,all,1/1/2025,3/31/2025,2,3,Numerator/Denominator,,04/11/2025 at 05:59 PM,04/11/2025 at 05:59 PM,cppsud
120011,Omicron Alpha Alpha,HI,recovery_treatment_services_referral,all,7/1/2022,9/30/2022,1,3,Numerator/Denominator,,04/03/2023 at 09:17 PM,04/03/2023 at 09:17 PM,cppsud
120011,Omicron Alpha Alpha,HI,recovery_treatment_services_referral,all,10/1/2024,12/31/2024,2,2,Numerator/Denominator,,01/09/2025 at 01:46 PM,01/09/2025 at 01:46 PM,cppsud
120011,Omicron Alpha Alpha,HI,recovery_treatment_services_referral,all,10/1/2022,12/31/2022,3,5,Numerator/Denominator,,03/28/2023 at 06:56 PM,03/28/2023 at 06:56 PM,cppsud
120011,Omicron Alpha Alpha,HI,recovery_treatment_services_referral,all,7/1/2024,9/30/2024,1,4,Numerator/Denominator,,10/11/2024 at 10:02 PM,10/11/2024 at 10:02 PM,cppsud
120011,Omicron Alpha Alpha,HI,recovery_treatment_services_referral,all,4/1/2024,6/30/2024,2,5,Numerator/Denominator,,07/15/2024 at 07:09 PM,07/15/2024 at 07:09 PM,cppsud
120011,Omicron Alpha Alpha,HI,recovery_treatment_services_referral,all,1/1/2024,3/31/2024,0,0,Numerator/Denominator,,04/03/2024 at 05:18 PM,04/03/2024 at 05:18 PM,cppsud
120011,Omicron Alpha Alpha,HI,recovery_treatment_services_referral,all,10/1/2023,12/31/2023,1,3,Numerator/Denominator,,01/09/2024 at 07:54 PM,01/09/2024 at 07:54 PM,cppsud
120011,Omicron Alpha Alpha,HI,respectful_equitable_care_provider_and_nursing_education,all,1/1/2023,3/31/2023,5,100,Range,,04/10/2023 at 07:09 PM,04/10/2023 at 07:09 PM,"cppsud,ppdt,ccoc,sepsis,mental_health"
120011,Omicron Alpha Alpha,HI,respectful_equitable_care_provider_and_nursing_education,all,10/1/2022,12/31/2022,95,100,Range,,01/09/2023 at 03:19 PM,01/09/2023 at 03:19 PM,"cppsud,ppdt,ccoc,sepsis,mental_health"
120011,Omicron Alpha Alpha,HI,respectful_equitable_care_provider_and_nursing_education,all,4/1/2025,6/30/2025,95,100,Range,,07/31/2025 at 04:13 PM,07/31/2025 at 04:13 PM,"cppsud,ppdt,ccoc,sepsis,mental_health"
120011,Omicron Alpha Alpha,HI,respectful_equitable_care_provider_and_nursing_education,all,7/1/2022,9/30/2022,95,100,Range,,10/05/2022 at 07:25 PM,10/05/2022 at 07:25 PM,"cppsud,ppdt,ccoc,sepsis,mental_health"
120011,Omicron Alpha Alpha,HI,respectful_equitable_care_provider_and_nursing_education,all,1/1/2025,3/31/2025,95,100,Range,,04/11/2025 at 05:59 PM,04/11/2025 at 05:59 PM,"cppsud,ppdt,ccoc,sepsis,mental_health"
120011,Omicron Alpha Alpha,HI,respectful_equitable_care_provider_and_nursing_education,all,10/1/2024,12/31/2024,95,100,Range,,01/09/2025 at 01:46 PM,01/09/2025 at 01:46 PM,"cppsud,ppdt,ccoc,sepsis,mental_health"
120011,Omicron Alpha Alpha,HI,respectful_equitable_care_provider_and_nursing_education,all,7/1/2024,9/30/2024,95,100,Range,,10/11/2024 at 10:02 PM,10/11/2024 at 10:02 PM,"cppsud,ppdt,ccoc,sepsis,mental_health"
120011,Omicron Alpha Alpha,HI,respectful_equitable_care_provider_and_nursing_education,all,4/1/2024,6/30/2024,95,100,Range,,07/15/2024 at 07:09 PM,07/15/2024 at 07:09 PM,"cppsud,ppdt,ccoc,sepsis,mental_health"
120011,Omicron Alpha Alpha,HI,respectful_equitable_care_provider_and_nursing_education,all,1/1/2024,3/31/2024,95,100,Range,,04/03/2024 at 05:18 PM,04/03/2024 at 05:18 PM,"cppsud,ppdt,ccoc,sepsis,mental_health"
120011,Omicron Alpha Alpha,HI,respectful_equitable_care_provider_and_nursing_education,all,10/1/2023,12/31/2023,95,100,Range,,01/09/2024 at 07:54 PM,01/09/2024 at 07:54 PM,"cppsud,ppdt,ccoc,sepsis,mental_health"
120011,Omicron Alpha Alpha,HI,respectful_equitable_care_provider_and_nursing_education,all,7/1/2023,9/30/2023,95,100,Range,,10/18/2023 at 05:00 PM,10/18/2023 at 05:00 PM,"cppsud,ppdt,ccoc,sepsis,mental_health"
120011,Omicron Alpha Alpha,HI,respectful_equitable_care_provider_and_nursing_education,all,4/1/2023,6/30/2023,95,100,Range,,07/13/2023 at 04:40 PM,07/13/2023 at 04:40 PM,"cppsud,ppdt,ccoc,sepsis,mental_health"
120011,Omicron Alpha Alpha,HI,severe_htn_treatment,all,4/1/2021,6/30/2021,8,20,Numerator/Denominator,,10/18/2021 at 09:32 PM,07/14/2022 at 03:50 PM,"preeclampsia,texas_preeclampsia"
120011,Omicron Alpha Alpha,HI,severe_htn_treatment,all,1/1/2023,3/31/2023,13,18,Numerator/Denominator,,04/10/2023 at 07:04 PM,04/10/2023 at 07:04 PM,"preeclampsia,texas_preeclampsia"
120011,Omicron Alpha Alpha,HI,severe_htn_treatment,all,10/1/2022,12/31/2022,13,24,Numerator/Denominator,,01/17/2023 at 08:32 PM,01/17/2023 at 08:32 PM,"preeclampsia,texas_preeclampsia"
120011,Omicron Alpha Alpha,HI,severe_htn_treatment,all,7/1/2022,9/30/2022,8,14,Numerator/Denominator,,10/05/2022 at 07:18 PM,10/05/2022 at 07:18 PM,"preeclampsia,texas_preeclampsia"
120011,Omicron Alpha Alpha,HI,severe_htn_treatment,all,4/1/2022,6/30/2022,7,23,Numerator/Denominator,,07/13/2022 at 05:29 PM,07/13/2022 at 05:29 PM,"preeclampsia,texas_preeclampsia"
120011,Omicron Alpha Alpha,HI,severe_htn_treatment,all,1/1/2022,3/31/2022,7,13,Numerator/Denominator,,05/20/2022 at 08:12 PM,07/13/2022 at 05:24 PM,"preeclampsia,texas_preeclampsia"
120011,Omicron Alpha Alpha,HI,severe_htn_treatment,all,10/1/2021,12/31/2021,8,21,Numerator/Denominator,,03/17/2022 at 09:25 PM,03/17/2022 at 09:25 PM,"preeclampsia,texas_preeclampsia"
120011,Omicron Alpha Alpha,HI,severe_htn_treatment,all,7/1/2021,9/30/2021,2,8,Numerator/Denominator,,10/22/2021 at 05:51 PM,03/17/2022 at 09:17 PM,"preeclampsia,texas_preeclampsia"
120011,Omicron Alpha Alpha,HI,severe_hypertension_symptoms_check_scheduling,all,1/1/2023,3/31/2023,19,23,Numerator/Denominator,,04/10/2023 at 07:04 PM,04/10/2023 at 07:04 PM,preeclampsia
120011,Omicron Alpha Alpha,HI,severe_hypertension_symptoms_check_scheduling,all,10/1/2022,12/31/2022,28,32,Numerator/Denominator,,01/31/2023 at 06:17 PM,01/31/2023 at 06:17 PM,preeclampsia
120011,Omicron Alpha Alpha,HI,sud_provider_and_nursing_education,all,10/1/2022,12/31/2022,5,100,Range,,01/09/2023 at 03:19 PM,01/09/2023 at 03:19 PM,cppsud
120011,Omicron Alpha Alpha,HI,sud_provider_and_nursing_education,all,4/1/2025,6/30/2025,55,100,Range,,07/31/2025 at 04:13 PM,07/31/2025 at 04:13 PM,cppsud
120011,Omicron Alpha Alpha,HI,sud_provider_and_nursing_education,all,7/1/2022,9/30/2022,5,100,Range,,10/05/2022 at 07:25 PM,10/05/2022 at 07:25 PM,cppsud
120011,Omicron Alpha Alpha,HI,sud_provider_and_nursing_education,all,1/1/2025,3/31/2025,55,100,Range,,04/11/2025 at 05:59 PM,04/11/2025 at 05:59 PM,cppsud
120011,Omicron Alpha Alpha,HI,sud_provider_and_nursing_education,all,10/1/2024,12/31/2024,55,100,Range,,02/07/2025 at 09:42 PM,02/07/2025 at 09:42 PM,cppsud
120011,Omicron Alpha Alpha,HI,sud_provider_and_nursing_education,all,7/1/2024,9/30/2024,55,100,Range,,10/11/2024 at 10:02 PM,10/11/2024 at 10:02 PM,cppsud
120011,Omicron Alpha Alpha,HI,sud_provider_and_nursing_education,all,4/1/2024,6/30/2024,15,100,Range,,07/15/2024 at 07:09 PM,07/15/2024 at 07:09 PM,cppsud
120011,Omicron Alpha Alpha,HI,sud_provider_and_nursing_education,all,1/1/2024,3/31/2024,15,100,Range,,04/03/2024 at 05:18 PM,04/03/2024 at 05:18 PM,cppsud
120011,Omicron Alpha Alpha,HI,sud_provider_and_nursing_education,all,10/1/2023,12/31/2023,15,100,Range,,01/09/2024 at 07:54 PM,01/09/2024 at 07:54 PM,cppsud
120011,Omicron Alpha Alpha,HI,sud_provider_and_nursing_education,all,7/1/2023,9/30/2023,25,100,Range,,10/18/2023 at 05:00 PM,10/18/2023 at 05:00 PM,cppsud
120011,Omicron Alpha Alpha,HI,sud_provider_and_nursing_education,all,4/1/2023,6/30/2023,5,100,Range,,07/13/2023 at 04:40 PM,07/13/2023 at 04:40 PM,cppsud
120011,Omicron Alpha Alpha,HI,sud_provider_and_nursing_education,all,1/1/2023,3/31/2023,5,100,Range,,04/10/2023 at 07:09 PM,04/10/2023 at 07:09 PM,cppsud
120011,Omicron Alpha Alpha,HI,sud_universal_screening,all,10/1/2022,12/31/2022,343,375,Numerator/Denominator,,03/28/2023 at 06:56 PM,03/28/2023 at 06:56 PM,cppsud
120011,Omicron Alpha Alpha,HI,sud_universal_screening,all,1/1/2025,3/31/2025,287,331,Numerator/Denominator,,04/11/2025 at 05:59 PM,04/11/2025 at 05:59 PM,cppsud
120011,Omicron Alpha Alpha,HI,sud_universal_screening,all,10/1/2024,12/31/2024,336,387,Numerator/Denominator,,01/09/2025 at 01:46 PM,01/09/2025 at 01:46 PM,cppsud
120011,Omicron Alpha Alpha,HI,sud_universal_screening,all,7/1/2024,9/30/2024,322,361,Numerator/Denominator,,10/11/2024 at 10:02 PM,10/11/2024 at 10:02 PM,cppsud
120011,Omicron Alpha Alpha,HI,sud_universal_screening,all,4/1/2024,6/30/2024,304,345,Numerator/Denominator,,07/15/2024 at 07:09 PM,07/15/2024 at 07:09 PM,cppsud
120011,Omicron Alpha Alpha,HI,sud_universal_screening,all,1/1/2024,3/31/2024,296,329,Numerator/Denominator,,04/03/2024 at 05:18 PM,04/03/2024 at 05:18 PM,cppsud
120011,Omicron Alpha Alpha,HI,sud_universal_screening,all,10/1/2023,12/31/2023,308,354,Numerator/Denominator,,01/09/2024 at 07:54 PM,01/09/2024 at 07:54 PM,cppsud
120011,Omicron Alpha Alpha,HI,sud_universal_screening,all,7/1/2023,9/30/2023,310,359,Numerator/Denominator,,10/18/2023 at 05:00 PM,10/18/2023 at 05:00 PM,cppsud
120011,Omicron Alpha Alpha,HI,sud_universal_screening,all,4/1/2023,6/30/2023,341,370,Numerator/Denominator,,07/13/2023 at 04:40 PM,07/13/2023 at 04:40 PM,cppsud
120011,Omicron Alpha Alpha,HI,sud_universal_screening,all,1/1/2023,3/31/2023,300,336,Numerator/Denominator,,04/10/2023 at 07:09 PM,04/10/2023 at 07:09 PM,cppsud
120011,Omicron Alpha Alpha,HI,sud_universal_screening,all,7/1/2022,9/30/2022,324,348,Numerator/Denominator,,04/03/2023 at 09:17 PM,04/03/2023 at 09:17 PM,cppsud
120011,Omicron Alpha Alpha,HI,sud_universal_screening,all,4/1/2025,6/30/2025,308,373,Numerator/Denominator,,07/14/2025 at 06:28 PM,07/14/2025 at 06:28 PM,cppsud
120011,Omicron Alpha Alpha,HI,topics_covered_hemorrhage,all,1/1/2023,3/31/2023,1,1,Numerator/Denominator,,05/02/2023 at 09:13 PM,05/02/2023 at 09:13 PM,"preeclampsia,hemorrhage"
120011,Omicron Alpha Alpha,HI,topics_covered_hemorrhage,all,10/1/2022,12/31/2022,1,1,Numerator/Denominator,,01/09/2023 at 02:21 PM,01/09/2023 at 02:21 PM,"preeclampsia,hemorrhage"
120011,Omicron Alpha Alpha,HI,topics_covered_hemorrhage,all,7/1/2022,9/30/2022,0,1,Numerator/Denominator,,10/05/2022 at 07:18 PM,10/05/2022 at 07:18 PM,"preeclampsia,hemorrhage"
120011,Omicron Alpha Alpha,HI,topics_covered_hemorrhage,all,4/1/2022,6/30/2022,0,1,Numerator/Denominator,,07/12/2022 at 06:47 PM,10/27/2022 at 08:01 PM,"preeclampsia,hemorrhage"
120011,Omicron Alpha Alpha,HI,topics_covered_hemorrhage,all,1/1/2022,3/31/2022,0,1,Numerator/Denominator,,06/09/2022 at 06:46 PM,06/09/2022 at 06:46 PM,"preeclampsia,hemorrhage"
120011,Omicron Alpha Alpha,HI,topics_covered_hemorrhage,all,10/1/2021,12/31/2021,1,1,Numerator/Denominator,,03/17/2022 at 08:59 PM,03/17/2022 at 08:59 PM,"preeclampsia,hemorrhage"
120011,Omicron Alpha Alpha,HI,topics_covered_hemorrhage,all,7/1/2021,9/30/2021,1,1,Numerator/Denominator,,10/18/2021 at 09:57 PM,10/18/2021 at 09:57 PM,"preeclampsia,hemorrhage"
120011,Omicron Alpha Alpha,HI,topics_covered_hemorrhage,all,4/1/2021,6/30/2021,1,1,Numerator/Denominator,,10/06/2021 at 06:08 PM,10/06/2021 at 06:08 PM,"preeclampsia,hemorrhage"
120011,Omicron Alpha Alpha,HI,topics_covered_other,all,4/1/2022,6/30/2022,0,1,Numerator/Denominator,,07/12/2022 at 06:47 PM,10/27/2022 at 08:01 PM,"preeclampsia,hemorrhage"
120011,Omicron Alpha Alpha,HI,topics_covered_other,all,4/1/2021,6/30/2021,0,1,Numerator/Denominator,,02/03/2022 at 09:06 PM,02/03/2022 at 09:06 PM,"preeclampsia,hemorrhage"
120011,Omicron Alpha Alpha,HI,topics_covered_other,all,1/1/2022,3/31/2022,1,1,Numerator/Denominator,,06/09/2022 at 06:46 PM,06/09/2022 at 06:46 PM,"preeclampsia,hemorrhage"
120011,Omicron Alpha Alpha,HI,topics_covered_other,all,7/1/2021,9/30/2021,0,1,Numerator/Denominator,,10/18/2021 at 09:57 PM,10/18/2021 at 09:57 PM,"preeclampsia,hemorrhage"
120011,Omicron Alpha Alpha,HI,topics_covered_other,all,1/1/2023,3/31/2023,0,1,Numerator/Denominator,,05/02/2023 at 09:13 PM,05/02/2023 at 09:13 PM,"preeclampsia,hemorrhage"
120011,Omicron Alpha Alpha,HI,topics_covered_other,all,10/1/2022,12/31/2022,1,1,Numerator/Denominator,,01/09/2023 at 02:21 PM,01/09/2023 at 02:21 PM,"preeclampsia,hemorrhage"
120011,Omicron Alpha Alpha,HI,topics_covered_other,all,7/1/2022,9/30/2022,0,1,Numerator/Denominator,,10/05/2022 at 07:18 PM,10/05/2022 at 07:18 PM,"preeclampsia,hemorrhage"
120011,Omicron Alpha Alpha,HI,topics_covered_other,all,10/1/2021,12/31/2021,0,1,Numerator/Denominator,,03/17/2022 at 09:32 PM,03/17/2022 at 09:32 PM,"preeclampsia,hemorrhage"
120011,Omicron Alpha Alpha,HI,topics_covered_severe_hypertension,all,10/1/2022,12/31/2022,1,1,Numerator/Denominator,,01/09/2023 at 02:21 PM,01/09/2023 at 02:21 PM,"preeclampsia,hemorrhage"
120011,Omicron Alpha Alpha,HI,topics_covered_severe_hypertension,all,7/1/2022,9/30/2022,0,1,Numerator/Denominator,,10/05/2022 at 07:18 PM,10/05/2022 at 07:18 PM,"preeclampsia,hemorrhage"
120011,Omicron Alpha Alpha,HI,topics_covered_severe_hypertension,all,4/1/2022,6/30/2022,0,1,Numerator/Denominator,,07/12/2022 at 06:47 PM,10/27/2022 at 08:01 PM,"preeclampsia,hemorrhage"
120011,Omicron Alpha Alpha,HI,topics_covered_severe_hypertension,all,1/1/2022,3/31/2022,0,1,Numerator/Denominator,,06/09/2022 at 06:46 PM,06/09/2022 at 06:46 PM,"preeclampsia,hemorrhage"
120011,Omicron Alpha Alpha,HI,topics_covered_severe_hypertension,all,10/1/2021,12/31/2021,0,1,Numerator/Denominator,,03/17/2022 at 09:31 PM,03/17/2022 at 09:31 PM,"preeclampsia,hemorrhage"
120011,Omicron Alpha Alpha,HI,topics_covered_severe_hypertension,all,7/1/2021,9/30/2021,0,1,Numerator/Denominator,,10/18/2021 at 09:57 PM,10/18/2021 at 09:57 PM,"preeclampsia,hemorrhage"
120011,Omicron Alpha Alpha,HI,topics_covered_severe_hypertension,all,4/1/2021,6/30/2021,1,1,Numerator/Denominator,,10/06/2021 at 06:08 PM,10/06/2021 at 06:08 PM,"preeclampsia,hemorrhage"
120011,Omicron Alpha Alpha,HI,topics_covered_severe_hypertension,all,1/1/2023,3/31/2023,1,1,Numerator/Denominator,,05/02/2023 at 09:13 PM,05/02/2023 at 09:13 PM,"preeclampsia,hemorrhage"
120011,Omicron Alpha Alpha,HI,unit_drill_count,all,1/1/2023,3/31/2023,4,1,Raw Value,,05/02/2023 at 09:13 PM,05/02/2023 at 09:13 PM,"preeclampsia,hemorrhage,texas_preeclampsia"
120011,Omicron Alpha Alpha,HI,unit_drill_count,all,10/1/2022,12/31/2022,4,1,Raw Value,,01/09/2023 at 02:21 PM,01/09/2023 at 02:21 PM,"preeclampsia,hemorrhage,texas_preeclampsia"
120011,Omicron Alpha Alpha,HI,unit_drill_count,all,7/1/2022,9/30/2022,0,1,Raw Value,,10/05/2022 at 07:18 PM,10/05/2022 at 07:18 PM,"preeclampsia,hemorrhage,texas_preeclampsia"
120011,Omicron Alpha Alpha,HI,unit_drill_count,all,4/1/2022,6/30/2022,0,1,Raw Value,,07/12/2022 at 06:47 PM,10/27/2022 at 08:01 PM,"preeclampsia,hemorrhage,texas_preeclampsia"
120011,Omicron Alpha Alpha,HI,unit_drill_count,all,1/1/2022,3/31/2022,2,1,Raw Value,,06/09/2022 at 05:57 PM,06/09/2022 at 05:57 PM,"preeclampsia,hemorrhage,texas_preeclampsia"
120011,Omicron Alpha Alpha,HI,unit_drill_count,all,10/1/2021,12/31/2021,2,1,Raw Value,,03/17/2022 at 08:59 PM,03/17/2022 at 08:59 PM,"preeclampsia,hemorrhage,texas_preeclampsia"
120011,Omicron Alpha Alpha,HI,unit_drill_count,all,7/1/2021,9/30/2021,2,1,Raw Value,,10/18/2021 at 09:57 PM,10/18/2021 at 09:57 PM,"preeclampsia,hemorrhage,texas_preeclampsia"
120011,Omicron Alpha Alpha,HI,unit_drill_count,all,4/1/2021,6/30/2021,2,1,Raw Value,,10/18/2021 at 09:42 PM,10/18/2021 at 09:42 PM,"preeclampsia,hemorrhage,texas_preeclampsia"
120011,Omicron Alpha Alpha,HI,warning_signs_patient_education,all,1/1/2023,3/31/2023,3,1,Raw Value,,04/10/2023 at 07:04 PM,04/10/2023 at 07:04 PM,
120014,Zeta Omicron Kappa,HI,biological_parent_discharge,all,4/1/2024,6/30/2024,1,2,Numerator/Denominator,,09/06/2024 at 09:01 PM,09/06/2024 at 09:01 PM,cppsud
120014,Zeta Omicron Kappa,HI,biological_parent_discharge,all,1/1/2024,3/31/2024,1,2,Numerator/Denominator,,06/17/2024 at 08:29 PM,06/17/2024 at 08:33 PM,cppsud
120014,Zeta Omicron Kappa,HI,biological_parent_discharge,all,10/1/2023,12/31/2023,0,2,Numerator/Denominator,,01/17/2024 at 02:30 PM,01/17/2024 at 02:30 PM,cppsud
120014,Zeta Omicron Kappa,HI,biological_parent_discharge,all,7/1/2023,9/30/2023,0,1,Numerator/Denominator,,01/17/2024 at 01:15 PM,01/17/2024 at 03:44 PM,cppsud
120014,Zeta Omicron Kappa,HI,biological_parent_discharge,all,4/1/2023,6/30/2023,1,2,Numerator/Denominator,,01/17/2024 at 12:51 PM,01/17/2024 at 03:44 PM,cppsud
120014,Zeta Omicron Kappa,HI,biological_parent_discharge,all,1/1/2023,3/31/2023,0,0,Numerator/Denominator,,01/17/2024 at 12:50 PM,01/17/2024 at 12:50 PM,cppsud
120014,Zeta Omicron Kappa,HI,biological_parent_discharge,all,10/1/2022,12/31/2022,0,0,Numerator/Denominator,,02/16/2023 at 07:24 PM,02/16/2023 at 07:24 PM,cppsud
120014,Zeta Omicron Kappa,HI,biological_parent_discharge,all,4/1/2025,6/30/2025,1,3,Numerator/Denominator,,07/29/2025 at 02:47 PM,07/29/2025 at 02:47 PM,cppsud
120014,Zeta Omicron Kappa,HI,biological_parent_discharge,all,7/1/2022,9/30/2022,0,0,Numerator/Denominator,,12/26/2022 at 09:28 PM,12/26/2022 at 09:28 PM,cppsud
120014,Zeta Omicron Kappa,HI,biological_parent_discharge,all,1/1/2025,3/31/2025,0,1,Numerator/Denominator,,05/09/2025 at 08:45 PM,05/09/2025 at 08:45 PM,cppsud
120014,Zeta Omicron Kappa,HI,biological_parent_discharge,all,10/1/2024,12/31/2024,0,0,Numerator/Denominator,,02/27/2025 at 05:04 PM,02/27/2025 at 05:04 PM,cppsud
120014,Zeta Omicron Kappa,HI,biological_parent_discharge,all,7/1/2024,9/30/2024,1,2,Numerator/Denominator,,12/04/2024 at 04:31 PM,12/04/2024 at 04:31 PM,cppsud
120014,Zeta Omicron Kappa,HI,hem_risk_assessment,all,10/1/2022,12/31/2022,116,120,Numerator/Denominator,,02/16/2023 at 07:56 PM,02/16/2023 at 07:56 PM,hemorrhage
120014,Zeta Omicron Kappa,HI,hem_risk_assessment,all,7/1/2022,9/30/2022,115,121,Numerator/Denominator,,11/17/2022 at 02:51 PM,11/17/2022 at 02:51 PM,hemorrhage
120014,Zeta Omicron Kappa,HI,hemorrhage_nursing_education,all,7/1/2022,9/30/2022,55,100,Range,,11/17/2022 at 02:51 PM,11/17/2022 at 02:51 PM,hemorrhage
120014,Zeta Omicron Kappa,HI,hemorrhage_nursing_education,all,1/1/2022,3/31/2022,85,100,Range,,05/16/2022 at 08:22 PM,05/16/2022 at 08:22 PM,hemorrhage
120014,Zeta Omicron Kappa,HI,hemorrhage_nursing_education,all,10/1/2021,12/31/2021,55,100,Range,,02/04/2022 at 04:10 PM,02/04/2022 at 04:42 PM,hemorrhage
120014,Zeta Omicron Kappa,HI,hemorrhage_nursing_education,all,7/1/2021,9/30/2021,65,100,Range,,10/15/2021 at 04:37 PM,10/15/2021 at 04:37 PM,hemorrhage
120014,Zeta Omicron Kappa,HI,hemorrhage_nursing_education,all,4/1/2021,6/30/2021,65,100,Range,,08/05/2021 at 08:24 PM,08/05/2021 at 08:24 PM,hemorrhage
120014,Zeta Omicron Kappa,HI,hemorrhage_nursing_education,all,10/1/2022,12/31/2022,55,100,Range,,03/23/2023 at 02:55 PM,03/23/2023 at 02:55 PM,hemorrhage
120014,Zeta Omicron Kappa,HI,hemorrhage_nursing_education,all,4/1/2022,6/30/2022,95,100,Range,,12/26/2022 at 09:16 PM,12/26/2022 at 09:16 PM,hemorrhage
120014,Zeta Omicron Kappa,HI,hemorrhage_nursing_education_and_protocol,all,7/1/2021,9/30/2021,65,100,Range,,10/15/2021 at 04:37 PM,10/15/2021 at 04:37 PM,hemorrhage
120014,Zeta Omicron Kappa,HI,hemorrhage_nursing_education_and_protocol,all,4/1/2021,6/30/2021,65,100,Range,,08/05/2021 at 08:24 PM,08/05/2021 at 08:24 PM,hemorrhage
120014,Zeta Omicron Kappa,HI,hemorrhage_provider_education,all,1/1/2022,3/31/2022,55,100,Range,,05/16/2022 at 08:22 PM,05/16/2022 at 08:22 PM,hemorrhage
120014,Zeta Omicron Kappa,HI,hemorrhage_provider_education,all,10/1/2021,12/31/2021,75,100,Range,,02/04/2022 at 04:10 PM,02/04/2022 at 04:10 PM,hemorrhage
120014,Zeta Omicron Kappa,HI,hemorrhage_provider_education,all,7/1/2021,9/30/2021,25,100,Range,,10/15/2021 at 04:37 PM,10/15/2021 at 04:37 PM,hemorrhage
120014,Zeta Omicron Kappa,HI,hemorrhage_provider_education,all,4/1/2021,6/30/2021,25,100,Range,,08/05/2021 at 08:24 PM,08/05/2021 at 08:24 PM,hemorrhage
120014,Zeta Omicron Kappa,HI,hemorrhage_provider_education,all,10/1/2022,12/31/2022,55,100,Range,,03/23/2023 at 02:55 PM,03/23/2023 at 02:55 PM,hemorrhage
120014,Zeta Omicron Kappa,HI,hemorrhage_provider_education,all,4/1/2022,6/30/2022,75,100,Range,,12/26/2022 at 09:16 PM,12/26/2022 at 09:16 PM,hemorrhage
120014,Zeta Omicron Kappa,HI,hemorrhage_provider_education,all,7/1/2022,9/30/2022,55,100,Range,,11/17/2022 at 02:51 PM,11/17/2022 at 02:51 PM,hemorrhage
120014,Zeta Omicron Kappa,HI,hemorrhage_provider_education_and_protocol,all,7/1/2021,9/30/2021,25,100,Range,,10/15/2021 at 04:37 PM,10/15/2021 at 04:37 PM,hemorrhage
120014,Zeta Omicron Kappa,HI,hemorrhage_provider_education_and_protocol,all,4/1/2021,6/30/2021,25,100,Range,,08/05/2021 at 08:24 PM,08/05/2021 at 08:24 PM,hemorrhage
120014,Zeta Omicron Kappa,HI,hemorrhage_risk_assessment,all,7/1/2022,9/30/2022,95,100,Range,,11/17/2022 at 02:51 PM,11/17/2022 at 02:51 PM,hemorrhage
120014,Zeta Omicron Kappa,HI,hemorrhage_risk_assessment,all,4/1/2022,6/30/2022,95,100,Range,,08/25/2022 at 09:26 PM,12/26/2022 at 09:16 PM,hemorrhage
120014,Zeta Omicron Kappa,HI,hemorrhage_risk_assessment,all,1/1/2022,3/31/2022,65,100,Range,,05/16/2022 at 08:20 PM,05/16/2022 at 08:20 PM,hemorrhage
120014,Zeta Omicron Kappa,HI,hemorrhage_risk_assessment,all,4/1/2021,6/30/2021,85,100,Range,,02/24/2022 at 06:36 PM,02/24/2022 at 06:36 PM,hemorrhage
120014,Zeta Omicron Kappa,HI,hemorrhage_risk_assessment,all,10/1/2021,12/31/2021,85,100,Range,,01/31/2022 at 07:43 PM,01/31/2022 at 07:43 PM,hemorrhage
120014,Zeta Omicron Kappa,HI,hemorrhage_risk_assessment,all,7/1/2021,9/30/2021,75,100,Range,,10/15/2021 at 04:37 PM,10/15/2021 at 04:37 PM,hemorrhage
120014,Zeta Omicron Kappa,HI,medication_assisted_treatment_referral,all,10/1/2024,12/31/2024,0,0,Numerator/Denominator,,02/27/2025 at 05:04 PM,02/27/2025 at 05:04 PM,cppsud
120014,Zeta Omicron Kappa,HI,medication_assisted_treatment_referral,all,7/1/2024,9/30/2024,1,1,Numerator/Denominator,,12/04/2024 at 04:31 PM,12/04/2024 at 04:31 PM,cppsud
120014,Zeta Omicron Kappa,HI,medication_assisted_treatment_referral,all,4/1/2024,6/30/2024,0,2,Numerator/Denominator,,09/06/2024 at 09:01 PM,09/06/2024 at 09:01 PM,cppsud
120014,Zeta Omicron Kappa,HI,medication_assisted_treatment_referral,all,1/1/2024,3/31/2024,1,2,Numerator/Denominator,,06/17/2024 at 08:29 PM,06/17/2024 at 08:29 PM,cppsud
120014,Zeta Omicron Kappa,HI,medication_assisted_treatment_referral,all,10/1/2023,12/31/2023,0,1,Numerator/Denominator,,01/17/2024 at 02:30 PM,01/17/2024 at 02:30 PM,cppsud
120014,Zeta Omicron Kappa,HI,medication_assisted_treatment_referral,all,7/1/2023,9/30/2023,0,0,Numerator/Denominator,,01/17/2024 at 01:15 PM,01/17/2024 at 01:15 PM,cppsud
120014,Zeta Omicron Kappa,HI,medication_assisted_treatment_referral,all,4/1/2023,6/30/2023,0,0,Numerator/Denominator,,01/17/2024 at 12:51 PM,01/17/2024 at 12:51 PM,cppsud
120014,Zeta Omicron Kappa,HI,medication_assisted_treatment_referral,all,1/1/2023,3/31/2023,0,0,Numerator/Denominator,,01/17/2024 at 12:50 PM,01/17/2024 at 12:50 PM,cppsud
120014,Zeta Omicron Kappa,HI,medication_assisted_treatment_referral,all,10/1/2022,12/31/2022,0,0,Numerator/Denominator,,02/16/2023 at 07:24 PM,02/16/2023 at 07:24 PM,cppsud
120014,Zeta Omicron Kappa,HI,medication_assisted_treatment_referral,all,4/1/2025,6/30/2025,0,2,Numerator/Denominator,,07/29/2025 at 02:47 PM,07/29/2025 at 02:47 PM,cppsud
120014,Zeta Omicron Kappa,HI,medication_assisted_treatment_referral,all,7/1/2022,9/30/2022,0,0,Numerator/Denominator,,12/26/2022 at 09:28 PM,12/26/2022 at 09:28 PM,cppsud
120014,Zeta Omicron Kappa,HI,medication_assisted_treatment_referral,all,1/1/2025,3/31/2025,0,0,Numerator/Denominator,,05/09/2025 at 08:45 PM,05/09/2025 at 08:45 PM,cppsud
120014,Zeta Omicron Kappa,HI,medication_counseling,all,7/1/2024,9/30/2024,0,0,Numerator/Denominator,,12/04/2024 at 04:31 PM,12/04/2024 at 04:31 PM,cppsud
120014,Zeta Omicron Kappa,HI,medication_counseling,all,4/1/2024,6/30/2024,0,2,Numerator/Denominator,,09/06/2024 at 09:01 PM,09/06/2024 at 09:01 PM,cppsud
120014,Zeta Omicron Kappa,HI,medication_counseling,all,1/1/2024,3/31/2024,1,2,Numerator/Denominator,,06/17/2024 at 08:29 PM,06/17/2024 at 08:29 PM,cppsud
120014,Zeta Omicron Kappa,HI,medication_counseling,all,10/1/2023,12/31/2023,0,1,Numerator/Denominator,,01/17/2024 at 02:30 PM,01/17/2024 at 02:30 PM,cppsud
120014,Zeta Omicron Kappa,HI,medication_counseling,all,7/1/2023,9/30/2023,0,0,Numerator/Denominator,,01/17/2024 at 01:15 PM,01/17/2024 at 01:15 PM,cppsud
120014,Zeta Omicron Kappa,HI,medication_counseling,all,4/1/2023,6/30/2023,0,0,Numerator/Denominator,,01/17/2024 at 12:51 PM,01/17/2024 at 12:51 PM,cppsud
120014,Zeta Omicron Kappa,HI,medication_counseling,all,1/1/2023,3/31/2023,0,0,Numerator/Denominator,,01/17/2024 at 12:50 PM,01/17/2024 at 12:50 PM,cppsud
120014,Zeta Omicron Kappa,HI,medication_counseling,all,10/1/2022,12/31/2022,0,0,Numerator/Denominator,,02/16/2023 at 07:24 PM,02/16/2023 at 07:24 PM,cppsud
120014,Zeta Omicron Kappa,HI,medication_counseling,all,4/1/2025,6/30/2025,0,2,Numerator/Denominator,,07/29/2025 at 02:44 PM,07/29/2025 at 02:44 PM,cppsud
120014,Zeta Omicron Kappa,HI,medication_counseling,all,7/1/2022,9/30/2022,0,0,Numerator/Denominator,,12/26/2022 at 09:28 PM,12/26/2022 at 09:28 PM,cppsud
120014,Zeta Omicron Kappa,HI,medication_counseling,all,1/1/2025,3/31/2025,0,1,Numerator/Denominator,,05/09/2025 at 08:45 PM,05/09/2025 at 08:45 PM,cppsud
120014,Zeta Omicron Kappa,HI,medication_counseling,all,10/1/2024,12/31/2024,0,0,Numerator/Denominator,,02/27/2025 at 05:04 PM,02/27/2025 at 05:04 PM,cppsud
120014,Zeta Omicron Kappa,HI,naloxone_counseling,all,4/1/2024,6/30/2024,0,2,Numerator/Denominator,,09/06/2024 at 09:01 PM,09/06/2024 at 09:01 PM,cppsud
120014,Zeta Omicron Kappa,HI,naloxone_counseling,all,1/1/2024,3/31/2024,0,1,Numerator/Denominator,,06/17/2024 at 08:29 PM,06/17/2024 at 08:29 PM,cppsud
120014,Zeta Omicron Kappa,HI,naloxone_counseling,all,10/1/2023,12/31/2023,0,1,Numerator/Denominator,,01/17/2024 at 02:30 PM,01/17/2024 at 02:30 PM,cppsud
120014,Zeta Omicron Kappa,HI,naloxone_counseling,all,7/1/2023,9/30/2023,0,0,Numerator/Denominator,,01/17/2024 at 01:15 PM,01/17/2024 at 01:15 PM,cppsud
120014,Zeta Omicron Kappa,HI,naloxone_counseling,all,4/1/2023,6/30/2023,0,0,Numerator/Denominator,,01/17/2024 at 12:51 PM,01/17/2024 at 12:51 PM,cppsud
120014,Zeta Omicron Kappa,HI,naloxone_counseling,all,1/1/2023,3/31/2023,0,0,Numerator/Denominator,,01/17/2024 at 12:50 PM,01/17/2024 at 12:50 PM,cppsud
120014,Zeta Omicron Kappa,HI,naloxone_counseling,all,10/1/2022,12/31/2022,0,0,Numerator/Denominator,,02/16/2023 at 07:24 PM,02/16/2023 at 07:24 PM,cppsud
120014,Zeta Omicron Kappa,HI,naloxone_counseling,all,4/1/2025,6/30/2025,0,3,Numerator/Denominator,,07/29/2025 at 02:44 PM,07/29/2025 at 02:44 PM,cppsud
120014,Zeta Omicron Kappa,HI,naloxone_counseling,all,7/1/2022,9/30/2022,0,0,Numerator/Denominator,,12/26/2022 at 09:28 PM,12/26/2022 at 09:28 PM,cppsud
120014,Zeta Omicron Kappa,HI,naloxone_counseling,all,1/1/2025,3/31/2025,0,1,Numerator/Denominator,,05/09/2025 at 08:45 PM,05/09/2025 at 08:45 PM,cppsud
120014,Zeta Omicron Kappa,HI,naloxone_counseling,all,10/1/2024,12/31/2024,0,0,Numerator/Denominator,,02/27/2025 at 05:04 PM,02/27/2025 at 05:04 PM,cppsud
120014,Zeta Omicron Kappa,HI,naloxone_counseling,all,7/1/2024,9/30/2024,0,1,Numerator/Denominator,,12/04/2024 at 04:31 PM,12/04/2024 at 04:31 PM,cppsud
120014,Zeta Omicron Kappa,HI,naloxone_prescription,all,10/1/2023,12/31/2023,0,0,Numerator/Denominator,,01/17/2024 at 02:30 PM,02/29/2024 at 04:54 PM,cppsud
120014,Zeta Omicron Kappa,HI,naloxone_prescription,all,7/1/2023,9/30/2023,0,0,Numerator/Denominator,,01/17/2024 at 01:15 PM,02/29/2024 at 04:54 PM,cppsud
120014,Zeta Omicron Kappa,HI,naloxone_prescription,all,4/1/2023,6/30/2023,0,0,Numerator/Denominator,,01/17/2024 at 12:51 PM,02/29/2024 at 04:54 PM,cppsud
120014,Zeta Omicron Kappa,HI,naloxone_prescription,all,1/1/2023,3/31/2023,0,0,Numerator/Denominator,,01/17/2024 at 12:50 PM,02/29/2024 at 04:53 PM,cppsud
120014,Zeta Omicron Kappa,HI,naloxone_prescription,all,10/1/2022,12/31/2022,0,,Numerator/Denominator,,02/16/2023 at 07:24 PM,02/16/2023 at 07:24 PM,cppsud
120014,Zeta Omicron Kappa,HI,naloxone_prescription,all,4/1/2025,6/30/2025,0,3,Numerator/Denominator,,07/29/2025 at 02:47 PM,07/29/2025 at 02:47 PM,cppsud
120014,Zeta Omicron Kappa,HI,naloxone_prescription,all,7/1/2022,9/30/2022,0,,Numerator/Denominator,,12/26/2022 at 09:28 PM,12/26/2022 at 09:28 PM,cppsud
120014,Zeta Omicron Kappa,HI,naloxone_prescription,all,1/1/2025,3/31/2025,0,0,Numerator/Denominator,,05/09/2025 at 08:45 PM,05/09/2025 at 08:45 PM,cppsud
120014,Zeta Omicron Kappa,HI,naloxone_prescription,all,10/1/2024,12/31/2024,0,0,Numerator/Denominator,,02/27/2025 at 05:04 PM,02/27/2025 at 05:04 PM,cppsud
120014,Zeta Omicron Kappa,HI,naloxone_prescription,all,7/1/2024,9/30/2024,0,1,Numerator/Denominator,,12/04/2024 at 04:31 PM,12/04/2024 at 04:31 PM,cppsud
120014,Zeta Omicron Kappa,HI,naloxone_prescription,all,4/1/2024,6/30/2024,0,2,Numerator/Denominator,,09/06/2024 at 09:01 PM,09/06/2024 at 09:01 PM,cppsud
120014,Zeta Omicron Kappa,HI,naloxone_prescription,all,1/1/2024,3/31/2024,0,2,Numerator/Denominator,,06/17/2024 at 08:29 PM,06/17/2024 at 08:29 PM,cppsud
120014,Zeta Omicron Kappa,HI,nursing_equity_education,all,10/1/2022,12/31/2022,5,100,Range,,02/16/2023 at 07:22 PM,02/16/2023 at 07:22 PM,"preeclampsia,hemorrhage,cesarean_reduction"
120014,Zeta Omicron Kappa,HI,other_hypertensive_symptoms_check_scheduling,all,10/1/2022,12/31/2022,2,5,Numerator/Denominator,,02/16/2023 at 07:22 PM,02/16/2023 at 07:22 PM,preeclampsia
120014,Zeta Omicron Kappa,HI,other_hypertensive_symptoms_check_scheduling,all,7/1/2022,9/30/2022,2,4,Numerator/Denominator,,11/17/2022 at 02:57 PM,11/17/2022 at 02:57 PM,preeclampsia
120014,Zeta Omicron Kappa,HI,other_hypertensive_symptoms_check_scheduling,all,4/1/2022,6/30/2022,0,8,Numerator/Denominator,,11/16/2022 at 10:33 PM,11/16/2022 at 10:33 PM,preeclampsia
120014,Zeta Omicron Kappa,HI,post_hemorrhage_patient_support,all,7/1/2022,9/30/2022,1,1,Numerator/Denominator,,11/17/2022 at 02:51 PM,11/17/2022 at 02:51 PM,hemorrhage
120014,Zeta Omicron Kappa,HI,post_hemorrhage_patient_support,all,10/1/2022,12/31/2022,0,8,Numerator/Denominator,,02/16/2023 at 07:56 PM,02/16/2023 at 07:56 PM,hemorrhage
120014,Zeta Omicron Kappa,HI,preeclampsia_emergency_dept_nursing_education,all,10/1/2022,12/31/2022,45,100,Range,,02/16/2023 at 07:22 PM,03/23/2023 at 03:28 PM,preeclampsia
120014,Zeta Omicron Kappa,HI,preeclampsia_nursing_education,all,10/1/2022,12/31/2022,35,100,Range,,03/23/2023 at 02:54 PM,03/23/2023 at 02:54 PM,"preeclampsia,texas_preeclampsia"
120014,Zeta Omicron Kappa,HI,preeclampsia_nursing_education,all,7/1/2022,9/30/2022,25,100,Range,,11/17/2022 at 02:57 PM,11/17/2022 at 02:57 PM,"preeclampsia,texas_preeclampsia"
120014,Zeta Omicron Kappa,HI,preeclampsia_nursing_education,all,4/1/2022,6/30/2022,35,100,Range,,11/16/2022 at 10:33 PM,12/01/2022 at 12:52 PM,"preeclampsia,texas_preeclampsia"
120014,Zeta Omicron Kappa,HI,preeclampsia_nursing_education,all,1/1/2022,3/31/2022,85,100,Range,,05/16/2022 at 08:21 PM,05/16/2022 at 08:21 PM,"preeclampsia,texas_preeclampsia"
120014,Zeta Omicron Kappa,HI,preeclampsia_nursing_education,all,10/1/2021,12/31/2021,85,100,Range,,02/04/2022 at 04:10 PM,02/04/2022 at 04:42 PM,"preeclampsia,texas_preeclampsia"
120014,Zeta Omicron Kappa,HI,preeclampsia_nursing_education,all,7/1/2021,9/30/2021,85,100,Range,,10/15/2021 at 04:35 PM,10/15/2021 at 04:35 PM,"preeclampsia,texas_preeclampsia"
120014,Zeta Omicron Kappa,HI,preeclampsia_nursing_education,all,4/1/2021,6/30/2021,85,100,Range,,08/05/2021 at 08:23 PM,08/05/2021 at 08:23 PM,"preeclampsia,texas_preeclampsia"
120014,Zeta Omicron Kappa,HI,preeclampsia_nursing_education_and_protocol,all,7/1/2021,9/30/2021,85,100,Range,,10/15/2021 at 04:35 PM,10/15/2021 at 04:35 PM,"preeclampsia,texas_preeclampsia"
120014,Zeta Omicron Kappa,HI,preeclampsia_nursing_education_and_protocol,all,4/1/2021,6/30/2021,85,100,Range,,08/05/2021 at 08:23 PM,08/05/2021 at 08:23 PM,"preeclampsia,texas_preeclampsia"
120014,Zeta Omicron Kappa,HI,preeclampsia_provider_education,all,10/1/2022,12/31/2022,45,100,Range,,03/23/2023 at 02:54 PM,03/23/2023 at 03:28 PM,"preeclampsia,texas_preeclampsia"
120014,Zeta Omicron Kappa,HI,preeclampsia_provider_education,all,7/1/2022,9/30/2022,25,100,Range,,11/17/2022 at 02:57 PM,11/17/2022 at 02:57 PM,"preeclampsia,texas_preeclampsia"
120014,Zeta Omicron Kappa,HI,preeclampsia_provider_education,all,4/1/2022,6/30/2022,55,100,Range,,11/16/2022 at 10:33 PM,12/01/2022 at 12:52 PM,"preeclampsia,texas_preeclampsia"
120014,Zeta Omicron Kappa,HI,preeclampsia_provider_education,all,1/1/2022,3/31/2022,55,100,Range,,05/16/2022 at 08:21 PM,05/16/2022 at 08:21 PM,"preeclampsia,texas_preeclampsia"
120014,Zeta Omicron Kappa,HI,preeclampsia_provider_education,all,10/1/2021,12/31/2021,55,100,Range,,02/04/2022 at 04:10 PM,02/04/2022 at 04:10 PM,"preeclampsia,texas_preeclampsia"
120014,Zeta Omicron Kappa,HI,preeclampsia_provider_education,all,7/1/2021,9/30/2021,55,100,Range,,10/15/2021 at 04:35 PM,10/15/2021 at 04:35 PM,"preeclampsia,texas_preeclampsia"
120014,Zeta Omicron Kappa,HI,preeclampsia_provider_education,all,4/1/2021,6/30/2021,55,100,Range,,08/05/2021 at 08:23 PM,08/05/2021 at 08:23 PM,"preeclampsia,texas_preeclampsia"
120014,Zeta Omicron Kappa,HI,preeclampsia_provider_education_and_protocol,all,7/1/2021,9/30/2021,55,100,Range,,10/15/2021 at 04:35 PM,10/15/2021 at 04:35 PM,"preeclampsia,texas_preeclampsia"
120014,Zeta Omicron Kappa,HI,preeclampsia_provider_education_and_protocol,all,4/1/2021,6/30/2021,55,100,Range,,08/05/2021 at 08:23 PM,08/05/2021 at 08:23 PM,"preeclampsia,texas_preeclampsia"
120014,Zeta Omicron Kappa,HI,provider_equity_education,all,10/1/2022,12/31/2022,5,100,Range,,02/16/2023 at 07:22 PM,02/16/2023 at 07:22 PM,"preeclampsia,hemorrhage,cesarean_reduction"
120014,Zeta Omicron Kappa,HI,quant_blood_loss,all,10/1/2022,12/31/2022,111,120,Numerator/Denominator,,02/16/2023 at 07:56 PM,02/16/2023 at 07:56 PM,hemorrhage
120014,Zeta Omicron Kappa,HI,quant_blood_loss,all,7/1/2022,9/30/2022,77,121,Numerator/Denominator,,11/17/2022 at 02:51 PM,11/17/2022 at 02:51 PM,hemorrhage
120014,Zeta Omicron Kappa,HI,quantified_blood_loss,all,7/1/2022,9/30/2022,65,100,Range,,11/17/2022 at 02:51 PM,11/17/2022 at 02:51 PM,hemorrhage
120014,Zeta Omicron Kappa,HI,quantified_blood_loss,all,4/1/2022,6/30/2022,65,100,Range,,08/25/2022 at 09:26 PM,12/26/2022 at 09:16 PM,hemorrhage
120014,Zeta Omicron Kappa,HI,quantified_blood_loss,all,1/1/2022,3/31/2022,55,100,Range,,05/16/2022 at 08:20 PM,05/16/2022 at 08:20 PM,hemorrhage
120014,Zeta Omicron Kappa,HI,quantified_blood_loss,all,4/1/2021,6/30/2021,5,100,Range,,02/04/2022 at 07:39 PM,02/04/2022 at 07:39 PM,hemorrhage
120014,Zeta Omicron Kappa,HI,quantified_blood_loss,all,10/1/2021,12/31/2021,15,100,Range,,01/31/2022 at 07:43 PM,01/31/2022 at 07:43 PM,hemorrhage
120014,Zeta Omicron Kappa,HI,quantified_blood_loss,all,7/1/2021,9/30/2021,5,100,Range,,10/15/2021 at 04:37 PM,10/15/2021 at 04:37 PM,hemorrhage
120014,Zeta Omicron Kappa,HI,recovery_treatment_services_counseling,all,1/1/2023,3/31/2023,0,0,Numerator/Denominator,,01/17/2024 at 12:50 PM,01/17/2024 at 12:50 PM,cppsud
120014,Zeta Omicron Kappa,HI,recovery_treatment_services_counseling,all,10/1/2022,12/31/2022,0,0,Numerator/Denominator,,02/16/2023 at 07:24 PM,02/16/2023 at 07:24 PM,cppsud
120014,Zeta Omicron Kappa,HI,recovery_treatment_services_counseling,all,4/1/2025,6/30/2025,0,3,Numerator/Denominator,,07/29/2025 at 02:44 PM,07/29/2025 at 02:44 PM,cppsud
120014,Zeta Omicron Kappa,HI,recovery_treatment_services_counseling,all,7/1/2022,9/30/2022,0,0,Numerator/Denominator,,12/26/2022 at 09:28 PM,12/26/2022 at 09:28 PM,cppsud
120014,Zeta Omicron Kappa,HI,recovery_treatment_services_counseling,all,1/1/2025,3/31/2025,0,1,Numerator/Denominator,,05/09/2025 at 08:45 PM,05/09/2025 at 08:45 PM,cppsud
120014,Zeta Omicron Kappa,HI,recovery_treatment_services_counseling,all,10/1/2024,12/31/2024,0,0,Numerator/Denominator,,02/27/2025 at 05:04 PM,02/27/2025 at 05:04 PM,cppsud
120014,Zeta Omicron Kappa,HI,recovery_treatment_services_counseling,all,7/1/2024,9/30/2024,1,1,Numerator/Denominator,,12/04/2024 at 04:31 PM,12/04/2024 at 04:31 PM,cppsud
120014,Zeta Omicron Kappa,HI,recovery_treatment_services_counseling,all,4/1/2024,6/30/2024,0,2,Numerator/Denominator,,09/06/2024 at 09:01 PM,09/06/2024 at 09:01 PM,cppsud
120014,Zeta Omicron Kappa,HI,recovery_treatment_services_counseling,all,1/1/2024,3/31/2024,1,2,Numerator/Denominator,,06/17/2024 at 08:29 PM,06/17/2024 at 08:29 PM,cppsud
120014,Zeta Omicron Kappa,HI,recovery_treatment_services_counseling,all,10/1/2023,12/31/2023,0,1,Numerator/Denominator,,01/17/2024 at 02:30 PM,01/17/2024 at 02:30 PM,cppsud
120014,Zeta Omicron Kappa,HI,recovery_treatment_services_counseling,all,7/1/2023,9/30/2023,0,0,Numerator/Denominator,,01/17/2024 at 01:15 PM,01/17/2024 at 01:15 PM,cppsud
120014,Zeta Omicron Kappa,HI,recovery_treatment_services_counseling,all,4/1/2023,6/30/2023,0,0,Numerator/Denominator,,01/17/2024 at 12:51 PM,01/17/2024 at 12:51 PM,cppsud
120014,Zeta Omicron Kappa,HI,recovery_treatment_services_referral,all,10/1/2022,12/31/2022,0,0,Numerator/Denominator,,02/16/2023 at 07:24 PM,02/16/2023 at 07:24 PM,cppsud
120014,Zeta Omicron Kappa,HI,recovery_treatment_services_referral,all,4/1/2025,6/30/2025,0,3,Numerator/Denominator,,07/29/2025 at 02:47 PM,07/29/2025 at 02:47 PM,cppsud
120014,Zeta Omicron Kappa,HI,recovery_treatment_services_referral,all,7/1/2022,9/30/2022,0,0,Numerator/Denominator,,12/26/2022 at 09:28 PM,12/26/2022 at 09:28 PM,cppsud
120014,Zeta Omicron Kappa,HI,recovery_treatment_services_referral,all,1/1/2025,3/31/2025,0,0,Numerator/Denominator,,05/09/2025 at 08:45 PM,05/09/2025 at 08:45 PM,cppsud
120014,Zeta Omicron Kappa,HI,recovery_treatment_services_referral,all,10/1/2024,12/31/2024,0,0,Numerator/Denominator,,02/27/2025 at 05:04 PM,02/27/2025 at 05:04 PM,cppsud
120014,Zeta Omicron Kappa,HI,recovery_treatment_services_referral,all,7/1/2024,9/30/2024,1,1,Numerator/Denominator,,12/04/2024 at 04:31 PM,12/04/2024 at 04:31 PM,cppsud
120014,Zeta Omicron Kappa,HI,recovery_treatment_services_referral,all,4/1/2024,6/30/2024,0,2,Numerator/Denominator,,09/06/2024 at 09:01 PM,09/06/2024 at 09:01 PM,cppsud
120014,Zeta Omicron Kappa,HI,recovery_treatment_services_referral,all,1/1/2024,3/31/2024,1,2,Numerator/Denominator,,06/17/2024 at 08:29 PM,06/17/2024 at 08:29 PM,cppsud
120014,Zeta Omicron Kappa,HI,recovery_treatment_services_referral,all,10/1/2023,12/31/2023,0,1,Numerator/Denominator,,01/17/2024 at 02:30 PM,01/17/2024 at 02:30 PM,cppsud
120014,Zeta Omicron Kappa,HI,recovery_treatment_services_referral,all,7/1/2023,9/30/2023,0,0,Numerator/Denominator,,01/17/2024 at 01:15 PM,01/17/2024 at 01:15 PM,cppsud
120014,Zeta Omicron Kappa,HI,recovery_treatment_services_referral,all,4/1/2023,6/30/2023,0,0,Numerator/Denominator,,01/17/2024 at 12:51 PM,01/17/2024 at 12:51 PM,cppsud
120014,Zeta Omicron Kappa,HI,recovery_treatment_services_referral,all,1/1/2023,3/31/2023,0,0,Numerator/Denominator,,01/17/2024 at 12:50 PM,01/17/2024 at 12:50 PM,cppsud
120014,Zeta Omicron Kappa,HI,respectful_equitable_care_provider_and_nursing_education,all,1/1/2025,3/31/2025,95,100,Range,,05/09/2025 at 08:46 PM,05/09/2025 at 08:46 PM,"cppsud,ppdt,ccoc,sepsis,mental_health"
120014,Zeta Omicron Kappa,HI,respectful_equitable_care_provider_and_nursing_education,all,10/1/2024,12/31/2024,95,100,Range,,02/27/2025 at 05:04 PM,02/27/2025 at 05:04 PM,"cppsud,ppdt,ccoc,sepsis,mental_health"
120014,Zeta Omicron Kappa,HI,respectful_equitable_care_provider_and_nursing_education,all,7/1/2024,9/30/2024,95,100,Range,,12/04/2024 at 04:31 PM,12/04/2024 at 04:31 PM,"cppsud,ppdt,ccoc,sepsis,mental_health"
120014,Zeta Omicron Kappa,HI,respectful_equitable_care_provider_and_nursing_education,all,4/1/2024,6/30/2024,95,100,Range,,09/17/2024 at 07:49 PM,09/17/2024 at 07:49 PM,"cppsud,ppdt,ccoc,sepsis,mental_health"
120014,Zeta Omicron Kappa,HI,respectful_equitable_care_provider_and_nursing_education,all,1/1/2024,3/31/2024,95,100,Range,,06/20/2024 at 05:21 PM,06/20/2024 at 05:21 PM,"cppsud,ppdt,ccoc,sepsis,mental_health"
120014,Zeta Omicron Kappa,HI,respectful_equitable_care_provider_and_nursing_education,all,10/1/2023,12/31/2023,95,100,Range,,01/17/2024 at 02:30 PM,01/17/2024 at 02:30 PM,"cppsud,ppdt,ccoc,sepsis,mental_health"
120014,Zeta Omicron Kappa,HI,respectful_equitable_care_provider_and_nursing_education,all,7/1/2023,9/30/2023,95,100,Range,,01/17/2024 at 01:15 PM,01/17/2024 at 01:15 PM,"cppsud,ppdt,ccoc,sepsis,mental_health"
120014,Zeta Omicron Kappa,HI,respectful_equitable_care_provider_and_nursing_education,all,4/1/2023,6/30/2023,95,100,Range,,01/17/2024 at 12:51 PM,01/17/2024 at 01:14 PM,"cppsud,ppdt,ccoc,sepsis,mental_health"
120014,Zeta Omicron Kappa,HI,respectful_equitable_care_provider_and_nursing_education,all,1/1/2023,3/31/2023,5,100,Range,,01/17/2024 at 12:50 PM,01/17/2024 at 12:50 PM,"cppsud,ppdt,ccoc,sepsis,mental_health"
120014,Zeta Omicron Kappa,HI,respectful_equitable_care_provider_and_nursing_education,all,10/1/2022,12/31/2022,5,100,Range,,02/16/2023 at 07:24 PM,02/16/2023 at 07:24 PM,"cppsud,ppdt,ccoc,sepsis,mental_health"
120014,Zeta Omicron Kappa,HI,respectful_equitable_care_provider_and_nursing_education,all,4/1/2025,6/30/2025,95,100,Range,,07/29/2025 at 02:47 PM,07/29/2025 at 02:47 PM,"cppsud,ppdt,ccoc,sepsis,mental_health"
120014,Zeta Omicron Kappa,HI,respectful_equitable_care_provider_and_nursing_education,all,7/1/2022,9/30/2022,5,100,Range,,12/26/2022 at 09:28 PM,12/26/2022 at 09:28 PM,"cppsud,ppdt,ccoc,sepsis,mental_health"
120014,Zeta Omicron Kappa,HI,severe_htn_treatment,all,10/1/2022,12/31/2022,2,11,Numerator/Denominator,,02/16/2023 at 07:22 PM,02/16/2023 at 07:22 PM,"preeclampsia,texas_preeclampsia"
120014,Zeta Omicron Kappa,HI,severe_htn_treatment,all,7/1/2022,9/30/2022,6,8,Numerator/Denominator,,11/17/2022 at 02:57 PM,11/17/2022 at 02:57 PM,"preeclampsia,texas_preeclampsia"
120014,Zeta Omicron Kappa,HI,severe_htn_treatment,all,4/1/2022,6/30/2022,1,9,Numerator/Denominator,,08/25/2022 at 10:07 PM,08/25/2022 at 10:07 PM,"preeclampsia,texas_preeclampsia"
120014,Zeta Omicron Kappa,HI,severe_htn_treatment,all,1/1/2022,3/31/2022,2,6,Numerator/Denominator,,05/16/2022 at 08:13 PM,05/16/2022 at 08:13 PM,"preeclampsia,texas_preeclampsia"
120014,Zeta Omicron Kappa,HI,severe_htn_treatment,all,10/1/2021,12/31/2021,4,9,Numerator/Denominator,,01/31/2022 at 07:41 PM,01/31/2022 at 07:41 PM,"preeclampsia,texas_preeclampsia"
120014,Zeta Omicron Kappa,HI,severe_htn_treatment,all,4/1/2021,6/30/2021,2,10,Numerator/Denominator,,01/11/2022 at 04:32 PM,01/11/2022 at 04:32 PM,"preeclampsia,texas_preeclampsia"
120014,Zeta Omicron Kappa,HI,severe_htn_treatment,all,7/1/2021,9/30/2021,3,4,Numerator/Denominator,,10/15/2021 at 04:35 PM,10/15/2021 at 04:35 PM,"preeclampsia,texas_preeclampsia"
120014,Zeta Omicron Kappa,HI,severe_hypertension_symptoms_check_scheduling,all,10/1/2022,12/31/2022,2,11,Numerator/Denominator,,02/16/2023 at 07:22 PM,02/16/2023 at 07:22 PM,preeclampsia
120014,Zeta Omicron Kappa,HI,severe_hypertension_symptoms_check_scheduling,all,7/1/2022,9/30/2022,1,8,Numerator/Denominator,,11/17/2022 at 02:57 PM,11/17/2022 at 02:57 PM,preeclampsia
120014,Zeta Omicron Kappa,HI,severe_hypertension_symptoms_check_scheduling,all,4/1/2022,6/30/2022,1,9,Numerator/Denominator,,11/16/2022 at 10:33 PM,11/16/2022 at 10:33 PM,preeclampsia
120014,Zeta Omicron Kappa,HI,sud_provider_and_nursing_education,all,10/1/2024,12/31/2024,55,100,Range,,02/27/2025 at 05:04 PM,02/27/2025 at 05:04 PM,cppsud
120014,Zeta Omicron Kappa,HI,sud_provider_and_nursing_education,all,7/1/2024,9/30/2024,95,100,Range,,12/04/2024 at 04:31 PM,12/04/2024 at 04:31 PM,cppsud
120014,Zeta Omicron Kappa,HI,sud_provider_and_nursing_education,all,4/1/2024,6/30/2024,55,100,Range,,09/17/2024 at 07:49 PM,09/17/2024 at 07:49 PM,cppsud
120014,Zeta Omicron Kappa,HI,sud_provider_and_nursing_education,all,1/1/2024,3/31/2024,55,100,Range,,06/20/2024 at 05:21 PM,06/20/2024 at 05:21 PM,cppsud
120014,Zeta Omicron Kappa,HI,sud_provider_and_nursing_education,all,10/1/2023,12/31/2023,55,100,Range,,01/17/2024 at 02:30 PM,01/17/2024 at 02:30 PM,cppsud
120014,Zeta Omicron Kappa,HI,sud_provider_and_nursing_education,all,7/1/2023,9/30/2023,55,100,Range,,01/17/2024 at 01:15 PM,01/17/2024 at 01:38 PM,cppsud
120014,Zeta Omicron Kappa,HI,sud_provider_and_nursing_education,all,4/1/2023,6/30/2023,5,100,Range,,01/17/2024 at 12:51 PM,01/17/2024 at 12:51 PM,cppsud
120014,Zeta Omicron Kappa,HI,sud_provider_and_nursing_education,all,1/1/2023,3/31/2023,45,100,Range,,01/17/2024 at 12:50 PM,01/17/2024 at 01:38 PM,cppsud
120014,Zeta Omicron Kappa,HI,sud_provider_and_nursing_education,all,10/1/2022,12/31/2022,5,100,Range,,02/16/2023 at 07:24 PM,02/16/2023 at 07:24 PM,cppsud
120014,Zeta Omicron Kappa,HI,sud_provider_and_nursing_education,all,4/1/2025,6/30/2025,55,100,Range,,07/29/2025 at 02:47 PM,07/29/2025 at 02:47 PM,cppsud
120014,Zeta Omicron Kappa,HI,sud_provider_and_nursing_education,all,7/1/2022,9/30/2022,5,100,Range,,12/26/2022 at 09:28 PM,12/26/2022 at 09:28 PM,cppsud
120014,Zeta Omicron Kappa,HI,sud_provider_and_nursing_education,all,1/1/2025,3/31/2025,55,100,Range,,05/09/2025 at 08:46 PM,05/09/2025 at 08:46 PM,cppsud
120014,Zeta Omicron Kappa,HI,sud_universal_screening,all,7/1/2024,9/30/2024,1,92,Numerator/Denominator,,12/04/2024 at 04:31 PM,12/04/2024 at 04:31 PM,cppsud
120014,Zeta Omicron Kappa,HI,sud_universal_screening,all,4/1/2024,6/30/2024,2,110,Numerator/Denominator,,09/06/2024 at 09:01 PM,09/17/2024 at 07:48 PM,cppsud
120014,Zeta Omicron Kappa,HI,sud_universal_screening,all,1/1/2024,3/31/2024,5,96,Numerator/Denominator,,06/17/2024 at 08:29 PM,06/20/2024 at 05:20 PM,cppsud
120014,Zeta Omicron Kappa,HI,sud_universal_screening,all,10/1/2023,12/31/2023,1,111,Numerator/Denominator,,01/17/2024 at 02:30 PM,01/17/2024 at 02:30 PM,cppsud
120014,Zeta Omicron Kappa,HI,sud_universal_screening,all,7/1/2023,9/30/2023,0,108,Numerator/Denominator,,01/17/2024 at 01:15 PM,01/17/2024 at 02:27 PM,cppsud
120014,Zeta Omicron Kappa,HI,sud_universal_screening,all,4/1/2023,6/30/2023,0,94,Numerator/Denominator,,01/17/2024 at 12:51 PM,01/17/2024 at 02:27 PM,cppsud
120014,Zeta Omicron Kappa,HI,sud_universal_screening,all,1/1/2023,3/31/2023,0,106,Numerator/Denominator,,01/17/2024 at 12:50 PM,01/17/2024 at 02:20 PM,cppsud
120014,Zeta Omicron Kappa,HI,sud_universal_screening,all,10/1/2022,12/31/2022,0,120,Numerator/Denominator,,02/16/2023 at 07:24 PM,02/16/2023 at 07:24 PM,cppsud
120014,Zeta Omicron Kappa,HI,sud_universal_screening,all,4/1/2025,6/30/2025,1,87,Numerator/Denominator,,07/29/2025 at 02:44 PM,07/30/2025 at 10:20 PM,cppsud
120014,Zeta Omicron Kappa,HI,sud_universal_screening,all,7/1/2022,9/30/2022,0,0,Numerator/Denominator,,12/26/2022 at 09:28 PM,12/26/2022 at 09:28 PM,cppsud
120014,Zeta Omicron Kappa,HI,sud_universal_screening,all,1/1/2025,3/31/2025,1,107,Numerator/Denominator,,05/09/2025 at 08:45 PM,05/09/2025 at 08:45 PM,cppsud
120014,Zeta Omicron Kappa,HI,sud_universal_screening,all,10/1/2024,12/31/2024,0,198,Numerator/Denominator,,02/27/2025 at 05:04 PM,02/27/2025 at 05:04 PM,cppsud
120014,Zeta Omicron Kappa,HI,topics_covered_hemorrhage,all,10/1/2022,12/31/2022,1,1,Numerator/Denominator,,02/16/2023 at 07:22 PM,02/16/2023 at 07:22 PM,"preeclampsia,hemorrhage"
120014,Zeta Omicron Kappa,HI,topics_covered_hemorrhage,all,7/1/2022,9/30/2022,1,1,Numerator/Denominator,,12/26/2022 at 09:28 PM,12/26/2022 at 09:28 PM,"preeclampsia,hemorrhage"
120014,Zeta Omicron Kappa,HI,topics_covered_hemorrhage,all,4/1/2022,6/30/2022,1,1,Numerator/Denominator,,08/25/2022 at 09:04 PM,12/01/2022 at 12:52 PM,"preeclampsia,hemorrhage"
120014,Zeta Omicron Kappa,HI,topics_covered_hemorrhage,all,1/1/2022,3/31/2022,1,1,Numerator/Denominator,,05/16/2022 at 08:20 PM,05/16/2022 at 08:20 PM,"preeclampsia,hemorrhage"
120014,Zeta Omicron Kappa,HI,topics_covered_hemorrhage,all,10/1/2021,12/31/2021,1,1,Numerator/Denominator,,02/04/2022 at 04:10 PM,02/04/2022 at 04:10 PM,"preeclampsia,hemorrhage"
120014,Zeta Omicron Kappa,HI,topics_covered_hemorrhage,all,7/1/2021,9/30/2021,0,1,Numerator/Denominator,,01/10/2022 at 07:05 PM,01/10/2022 at 07:05 PM,"preeclampsia,hemorrhage"
120014,Zeta Omicron Kappa,HI,topics_covered_hemorrhage,all,4/1/2021,6/30/2021,0,1,Numerator/Denominator,,08/05/2021 at 08:23 PM,08/05/2021 at 08:23 PM,"preeclampsia,hemorrhage"
120014,Zeta Omicron Kappa,HI,topics_covered_other,all,4/1/2021,6/30/2021,0,1,Numerator/Denominator,,08/05/2021 at 08:24 PM,08/05/2021 at 08:24 PM,"preeclampsia,hemorrhage"
120014,Zeta Omicron Kappa,HI,topics_covered_other,all,10/1/2022,12/31/2022,1,1,Numerator/Denominator,,02/16/2023 at 07:22 PM,02/16/2023 at 07:22 PM,"preeclampsia,hemorrhage"
120014,Zeta Omicron Kappa,HI,topics_covered_other,all,7/1/2022,9/30/2022,1,1,Numerator/Denominator,,12/26/2022 at 09:28 PM,12/26/2022 at 09:28 PM,"preeclampsia,hemorrhage"
120014,Zeta Omicron Kappa,HI,topics_covered_other,all,4/1/2022,6/30/2022,0,1,Numerator/Denominator,,12/01/2022 at 12:52 PM,12/01/2022 at 12:52 PM,"preeclampsia,hemorrhage"
120014,Zeta Omicron Kappa,HI,topics_covered_other,all,1/1/2022,3/31/2022,0,1,Numerator/Denominator,,05/16/2022 at 08:23 PM,05/16/2022 at 08:23 PM,"preeclampsia,hemorrhage"
120014,Zeta Omicron Kappa,HI,topics_covered_other,all,10/1/2021,12/31/2021,0,1,Numerator/Denominator,,02/04/2022 at 04:10 PM,02/04/2022 at 04:10 PM,"preeclampsia,hemorrhage"
120014,Zeta Omicron Kappa,HI,topics_covered_other,all,7/1/2021,9/30/2021,0,1,Numerator/Denominator,,01/10/2022 at 07:05 PM,01/10/2022 at 07:05 PM,"preeclampsia,hemorrhage"
120014,Zeta Omicron Kappa,HI,topics_covered_severe_hypertension,all,1/1/2022,3/31/2022,1,1,Numerator/Denominator,,05/16/2022 at 08:20 PM,05/16/2022 at 08:20 PM,"preeclampsia,hemorrhage"
120014,Zeta Omicron Kappa,HI,topics_covered_severe_hypertension,all,10/1/2021,12/31/2021,1,1,Numerator/Denominator,,02/04/2022 at 04:10 PM,02/04/2022 at 04:10 PM,"preeclampsia,hemorrhage"
120014,Zeta Omicron Kappa,HI,topics_covered_severe_hypertension,all,7/1/2021,9/30/2021,1,1,Numerator/Denominator,,10/15/2021 at 04:35 PM,10/15/2021 at 04:35 PM,"preeclampsia,hemorrhage"
120014,Zeta Omicron Kappa,HI,topics_covered_severe_hypertension,all,4/1/2021,6/30/2021,0,1,Numerator/Denominator,,08/05/2021 at 08:23 PM,08/05/2021 at 08:23 PM,"preeclampsia,hemorrhage"
120014,Zeta Omicron Kappa,HI,topics_covered_severe_hypertension,all,10/1/2022,12/31/2022,1,1,Numerator/Denominator,,02/16/2023 at 07:22 PM,02/16/2023 at 07:22 PM,"preeclampsia,hemorrhage"
120014,Zeta Omicron Kappa,HI,topics_covered_severe_hypertension,all,7/1/2022,9/30/2022,1,1,Numerator/Denominator,,11/17/2022 at 02:51 PM,11/17/2022 at 02:51 PM,"preeclampsia,hemorrhage"
120014,Zeta Omicron Kappa,HI,topics_covered_severe_hypertension,all,4/1/2022,6/30/2022,1,1,Numerator/Denominator,,08/25/2022 at 09:04 PM,12/01/2022 at 12:52 PM,"preeclampsia,hemorrhage"
120014,Zeta Omicron Kappa,HI,unit_drill_count,all,10/1/2022,12/31/2022,3,1,Raw Value,,02/16/2023 at 07:22 PM,02/16/2023 at 07:22 PM,"preeclampsia,hemorrhage,texas_preeclampsia"
120014,Zeta Omicron Kappa,HI,unit_drill_count,all,7/1/2022,9/30/2022,1,1,Raw Value,,11/17/2022 at 02:51 PM,11/17/2022 at 02:51 PM,"preeclampsia,hemorrhage,texas_preeclampsia"
120014,Zeta Omicron Kappa,HI,unit_drill_count,all,4/1/2022,6/30/2022,3,1,Raw Value,,08/25/2022 at 09:04 PM,12/01/2022 at 12:52 PM,"preeclampsia,hemorrhage,texas_preeclampsia"
120014,Zeta Omicron Kappa,HI,unit_drill_count,all,1/1/2022,3/31/2022,2,1,Raw Value,,05/16/2022 at 08:20 PM,05/16/2022 at 08:20 PM,"preeclampsia,hemorrhage,texas_preeclampsia"
120014,Zeta Omicron Kappa,HI,unit_drill_count,all,10/1/2021,12/31/2021,3,1,Raw Value,,01/31/2022 at 07:41 PM,02/04/2022 at 04:10 PM,"preeclampsia,hemorrhage,texas_preeclampsia"
120014,Zeta Omicron Kappa,HI,unit_drill_count,all,7/1/2021,9/30/2021,1,1,Raw Value,,10/15/2021 at 04:35 PM,10/15/2021 at 04:35 PM,"preeclampsia,hemorrhage,texas_preeclampsia"
120014,Zeta Omicron Kappa,HI,unit_drill_count,all,4/1/2021,6/30/2021,0,1,Raw Value,,08/05/2021 at 08:23 PM,08/05/2021 at 08:23 PM,"preeclampsia,hemorrhage,texas_preeclampsia"
120014,Zeta Omicron Kappa,HI,warning_signs_patient_education,all,10/1/2022,12/31/2022,3,1,Raw Value,,02/16/2023 at 07:22 PM,02/17/2023 at 04:39 PM,
120019,Gamma Xi Beta,HI,biological_parent_discharge,all,4/1/2025,6/30/2025,0,0,Numerator/Denominator,,07/18/2025 at 09:40 PM,07/18/2025 at 09:40 PM,cppsud
120019,Gamma Xi Beta,HI,biological_parent_discharge,all,7/1/2022,9/30/2022,0,0,Numerator/Denominator,,01/26/2023 at 07:16 PM,01/26/2023 at 07:16 PM,cppsud
120019,Gamma Xi Beta,HI,biological_parent_discharge,all,1/1/2025,3/31/2025,0,0,Numerator/Denominator,,04/21/2025 at 04:52 PM,04/21/2025 at 04:52 PM,cppsud
120019,Gamma Xi Beta,HI,biological_parent_discharge,all,10/1/2024,12/31/2024,0,0,Numerator/Denominator,,01/13/2025 at 08:17 PM,01/13/2025 at 08:17 PM,cppsud
120019,Gamma Xi Beta,HI,biological_parent_discharge,all,7/1/2024,9/30/2024,0,0,Numerator/Denominator,,10/24/2024 at 08:42 PM,10/24/2024 at 08:42 PM,cppsud
120019,Gamma Xi Beta,HI,biological_parent_discharge,all,4/1/2024,6/30/2024,0,0,Numerator/Denominator,,10/24/2024 at 08:05 PM,10/24/2024 at 08:05 PM,cppsud
120019,Gamma Xi Beta,HI,biological_parent_discharge,all,1/1/2024,3/31/2024,0,0,Numerator/Denominator,,06/19/2024 at 08:44 PM,06/19/2024 at 08:44 PM,cppsud
120019,Gamma Xi Beta,HI,biological_parent_discharge,all,10/1/2023,12/31/2023,0,0,Numerator/Denominator,,02/28/2024 at 01:00 PM,02/28/2024 at 01:00 PM,cppsud
120019,Gamma Xi Beta,HI,biological_parent_discharge,all,7/1/2023,9/30/2023,1,1,Numerator/Denominator,,11/29/2023 at 07:04 PM,11/29/2023 at 07:04 PM,cppsud
120019,Gamma Xi Beta,HI,biological_parent_discharge,all,4/1/2023,6/30/2023,3,3,Numerator/Denominator,,11/29/2023 at 07:01 PM,11/29/2023 at 07:01 PM,cppsud
120019,Gamma Xi Beta,HI,biological_parent_discharge,all,1/1/2023,3/31/2023,3,3,Numerator/Denominator,,11/29/2023 at 06:53 PM,11/29/2023 at 06:53 PM,cppsud
120019,Gamma Xi Beta,HI,biological_parent_discharge,all,10/1/2022,12/31/2022,0,0,Numerator/Denominator,,01/26/2023 at 07:16 PM,01/26/2023 at 07:16 PM,cppsud
120019,Gamma Xi Beta,HI,hem_risk_assessment,all,10/1/2022,12/31/2022,110,110,Numerator/Denominator,,01/24/2023 at 06:56 PM,01/24/2023 at 07:01 PM,hemorrhage
120019,Gamma Xi Beta,HI,hemorrhage_nursing_education,all,10/1/2022,12/31/2022,95,100,Range,,01/26/2023 at 03:06 PM,01/26/2023 at 03:06 PM,hemorrhage
120019,Gamma Xi Beta,HI,hemorrhage_nursing_education,all,1/1/2022,3/31/2022,5,100,Range,,01/26/2023 at 03:04 PM,01/26/2023 at 03:04 PM,hemorrhage
120019,Gamma Xi Beta,HI,hemorrhage_nursing_education,all,7/1/2022,9/30/2022,5,100,Range,,10/24/2022 at 04:38 PM,01/26/2023 at 03:05 PM,hemorrhage
120019,Gamma Xi Beta,HI,hemorrhage_nursing_education,all,4/1/2022,6/30/2022,5,100,Range,,10/04/2022 at 08:06 PM,01/26/2023 at 03:04 PM,hemorrhage
120019,Gamma Xi Beta,HI,hemorrhage_nursing_education,all,10/1/2021,12/31/2021,85,100,Range,,03/21/2022 at 04:56 PM,03/21/2022 at 04:56 PM,hemorrhage
120019,Gamma Xi Beta,HI,hemorrhage_nursing_education,all,4/1/2021,6/30/2021,5,100,Range,,11/18/2021 at 08:00 PM,11/18/2021 at 08:00 PM,hemorrhage
120019,Gamma Xi Beta,HI,hemorrhage_nursing_education,all,7/1/2021,9/30/2021,5,100,Range,,11/18/2021 at 07:59 PM,11/18/2021 at 07:59 PM,hemorrhage
120019,Gamma Xi Beta,HI,hemorrhage_nursing_education_and_protocol,all,4/1/2021,6/30/2021,5,100,Range,,11/18/2021 at 08:00 PM,11/18/2021 at 08:00 PM,hemorrhage
120019,Gamma Xi Beta,HI,hemorrhage_nursing_education_and_protocol,all,7/1/2021,9/30/2021,5,100,Range,,11/18/2021 at 07:59 PM,11/18/2021 at 07:59 PM,hemorrhage
120019,Gamma Xi Beta,HI,hemorrhage_provider_education,all,10/1/2022,12/31/2022,35,100,Range,,01/26/2023 at 03:07 PM,01/26/2023 at 03:07 PM,hemorrhage
120019,Gamma Xi Beta,HI,hemorrhage_provider_education,all,7/1/2022,9/30/2022,35,100,Range,,10/24/2022 at 04:38 PM,10/24/2022 at 04:38 PM,hemorrhage
120019,Gamma Xi Beta,HI,hemorrhage_provider_education,all,1/1/2022,3/31/2022,55,100,Range,,10/04/2022 at 08:08 PM,01/26/2023 at 03:04 PM,hemorrhage
120019,Gamma Xi Beta,HI,hemorrhage_provider_education,all,4/1/2022,6/30/2022,75,100,Range,,10/04/2022 at 08:06 PM,01/26/2023 at 03:04 PM,hemorrhage
120019,Gamma Xi Beta,HI,hemorrhage_provider_education,all,10/1/2021,12/31/2021,65,100,Range,,03/21/2022 at 04:56 PM,03/21/2022 at 04:56 PM,hemorrhage
120019,Gamma Xi Beta,HI,hemorrhage_provider_education,all,4/1/2021,6/30/2021,5,100,Range,,11/18/2021 at 08:00 PM,11/18/2021 at 08:00 PM,hemorrhage
120019,Gamma Xi Beta,HI,hemorrhage_provider_education,all,7/1/2021,9/30/2021,5,100,Range,,11/18/2021 at 07:59 PM,11/18/2021 at 07:59 PM,hemorrhage
120019,Gamma Xi Beta,HI,hemorrhage_provider_education_and_protocol,all,4/1/2021,6/30/2021,5,100,Range,,11/18/2021 at 08:00 PM,11/18/2021 at 08:00 PM,hemorrhage
120019,Gamma Xi Beta,HI,hemorrhage_provider_education_and_protocol,all,7/1/2021,9/30/2021,5,100,Range,,11/18/2021 at 07:59 PM,11/18/2021 at 07:59 PM,hemorrhage
120019,Gamma Xi Beta,HI,hemorrhage_risk_assessment,all,4/1/2021,6/30/2021,95,100,Range,,11/18/2021 at 08:00 PM,11/18/2021 at 08:00 PM,hemorrhage
120019,Gamma Xi Beta,HI,hemorrhage_risk_assessment,all,7/1/2021,9/30/2021,95,100,Range,,11/18/2021 at 07:59 PM,11/18/2021 at 07:59 PM,hemorrhage
120019,Gamma Xi Beta,HI,hemorrhage_risk_assessment,all,1/1/2022,3/31/2022,95,100,Range,,01/26/2023 at 03:04 PM,01/26/2023 at 03:04 PM,hemorrhage
120019,Gamma Xi Beta,HI,hemorrhage_risk_assessment,all,7/1/2022,9/30/2022,95,100,Range,,10/24/2022 at 04:38 PM,10/24/2022 at 04:38 PM,hemorrhage
120019,Gamma Xi Beta,HI,hemorrhage_risk_assessment,all,4/1/2022,6/30/2022,95,100,Range,,10/04/2022 at 08:06 PM,01/26/2023 at 03:04 PM,hemorrhage
120019,Gamma Xi Beta,HI,hemorrhage_risk_assessment,all,10/1/2021,12/31/2021,95,100,Range,,03/21/2022 at 04:56 PM,03/21/2022 at 04:56 PM,hemorrhage
120019,Gamma Xi Beta,HI,medication_assisted_treatment_referral,all,7/1/2023,9/30/2023,0,0,Numerator/Denominator,,11/29/2023 at 07:04 PM,11/29/2023 at 07:04 PM,cppsud
120019,Gamma Xi Beta,HI,medication_assisted_treatment_referral,all,4/1/2023,6/30/2023,0,0,Numerator/Denominator,,11/29/2023 at 07:01 PM,11/29/2023 at 07:01 PM,cppsud
120019,Gamma Xi Beta,HI,medication_assisted_treatment_referral,all,4/1/2025,6/30/2025,0,0,Numerator/Denominator,,07/18/2025 at 09:40 PM,07/18/2025 at 09:40 PM,cppsud
120019,Gamma Xi Beta,HI,medication_assisted_treatment_referral,all,1/1/2023,3/31/2023,0,0,Numerator/Denominator,,11/29/2023 at 06:53 PM,11/29/2023 at 06:53 PM,cppsud
120019,Gamma Xi Beta,HI,medication_assisted_treatment_referral,all,1/1/2025,3/31/2025,0,0,Numerator/Denominator,,04/21/2025 at 04:52 PM,04/21/2025 at 04:52 PM,cppsud
120019,Gamma Xi Beta,HI,medication_assisted_treatment_referral,all,10/1/2022,12/31/2022,0,0,Numerator/Denominator,,01/26/2023 at 07:16 PM,01/26/2023 at 07:16 PM,cppsud
120019,Gamma Xi Beta,HI,medication_assisted_treatment_referral,all,10/1/2024,12/31/2024,0,0,Numerator/Denominator,,01/13/2025 at 08:17 PM,01/13/2025 at 08:17 PM,cppsud
120019,Gamma Xi Beta,HI,medication_assisted_treatment_referral,all,7/1/2022,9/30/2022,0,0,Numerator/Denominator,,01/26/2023 at 07:16 PM,01/26/2023 at 07:16 PM,cppsud
120019,Gamma Xi Beta,HI,medication_assisted_treatment_referral,all,7/1/2024,9/30/2024,0,0,Numerator/Denominator,,10/24/2024 at 08:42 PM,10/24/2024 at 08:42 PM,cppsud
120019,Gamma Xi Beta,HI,medication_assisted_treatment_referral,all,4/1/2024,6/30/2024,0,0,Numerator/Denominator,,10/24/2024 at 08:05 PM,10/24/2024 at 08:05 PM,cppsud
120019,Gamma Xi Beta,HI,medication_assisted_treatment_referral,all,1/1/2024,3/31/2024,0,0,Numerator/Denominator,,06/19/2024 at 08:44 PM,06/19/2024 at 08:44 PM,cppsud
120019,Gamma Xi Beta,HI,medication_assisted_treatment_referral,all,10/1/2023,12/31/2023,0,0,Numerator/Denominator,,02/28/2024 at 01:00 PM,02/28/2024 at 01:00 PM,cppsud
120019,Gamma Xi Beta,HI,medication_counseling,all,1/1/2023,3/31/2023,0,0,Numerator/Denominator,,11/24/2023 at 02:39 PM,11/29/2023 at 06:53 PM,cppsud
120019,Gamma Xi Beta,HI,medication_counseling,all,10/1/2022,12/31/2022,0,0,Numerator/Denominator,,01/26/2023 at 07:16 PM,01/26/2023 at 07:16 PM,cppsud
120019,Gamma Xi Beta,HI,medication_counseling,all,4/1/2025,6/30/2025,0,0,Numerator/Denominator,,07/18/2025 at 09:40 PM,07/18/2025 at 09:40 PM,cppsud
120019,Gamma Xi Beta,HI,medication_counseling,all,7/1/2022,9/30/2022,0,0,Numerator/Denominator,,01/26/2023 at 07:16 PM,01/26/2023 at 07:16 PM,cppsud
120019,Gamma Xi Beta,HI,medication_counseling,all,1/1/2025,3/31/2025,0,0,Numerator/Denominator,,04/21/2025 at 04:52 PM,04/21/2025 at 04:52 PM,cppsud
120019,Gamma Xi Beta,HI,medication_counseling,all,10/1/2024,12/31/2024,0,0,Numerator/Denominator,,01/13/2025 at 08:17 PM,01/13/2025 at 08:17 PM,cppsud
120019,Gamma Xi Beta,HI,medication_counseling,all,7/1/2024,9/30/2024,0,0,Numerator/Denominator,,10/24/2024 at 08:42 PM,10/24/2024 at 08:42 PM,cppsud
120019,Gamma Xi Beta,HI,medication_counseling,all,4/1/2024,6/30/2024,0,0,Numerator/Denominator,,10/24/2024 at 08:05 PM,10/24/2024 at 08:05 PM,cppsud
120019,Gamma Xi Beta,HI,medication_counseling,all,1/1/2024,3/31/2024,0,0,Numerator/Denominator,,06/19/2024 at 08:44 PM,06/19/2024 at 08:44 PM,cppsud
120019,Gamma Xi Beta,HI,medication_counseling,all,10/1/2023,12/31/2023,0,0,Numerator/Denominator,,02/28/2024 at 01:00 PM,02/28/2024 at 01:00 PM,cppsud
120019,Gamma Xi Beta,HI,medication_counseling,all,7/1/2023,9/30/2023,0,0,Numerator/Denominator,,11/29/2023 at 07:04 PM,11/29/2023 at 07:04 PM,cppsud
120019,Gamma Xi Beta,HI,medication_counseling,all,4/1/2023,6/30/2023,0,0,Numerator/Denominator,,11/29/2023 at 07:01 PM,11/29/2023 at 07:01 PM,cppsud
120019,Gamma Xi Beta,HI,naloxone_counseling,all,4/1/2025,6/30/2025,0,0,Numerator/Denominator,,07/18/2025 at 09:40 PM,07/18/2025 at 09:40 PM,cppsud
120019,Gamma Xi Beta,HI,naloxone_counseling,all,7/1/2022,9/30/2022,0,0,Numerator/Denominator,,01/26/2023 at 07:16 PM,01/26/2023 at 07:16 PM,cppsud
120019,Gamma Xi Beta,HI,naloxone_counseling,all,1/1/2025,3/31/2025,0,0,Numerator/Denominator,,04/21/2025 at 04:52 PM,04/21/2025 at 04:52 PM,cppsud
120019,Gamma Xi Beta,HI,naloxone_counseling,all,10/1/2024,12/31/2024,0,0,Numerator/Denominator,,01/13/2025 at 08:17 PM,01/13/2025 at 08:17 PM,cppsud
120019,Gamma Xi Beta,HI,naloxone_counseling,all,7/1/2024,9/30/2024,0,0,Numerator/Denominator,,10/24/2024 at 08:42 PM,10/24/2024 at 08:42 PM,cppsud
120019,Gamma Xi Beta,HI,naloxone_counseling,all,4/1/2024,6/30/2024,0,0,Numerator/Denominator,,10/24/2024 at 08:05 PM,10/24/2024 at 08:05 PM,cppsud
120019,Gamma Xi Beta,HI,naloxone_counseling,all,1/1/2024,3/31/2024,0,0,Numerator/Denominator,,06/19/2024 at 08:44 PM,06/19/2024 at 08:44 PM,cppsud
120019,Gamma Xi Beta,HI,naloxone_counseling,all,10/1/2023,12/31/2023,0,0,Numerator/Denominator,,02/28/2024 at 01:00 PM,02/28/2024 at 01:00 PM,cppsud
120019,Gamma Xi Beta,HI,naloxone_counseling,all,7/1/2023,9/30/2023,0,1,Numerator/Denominator,,11/29/2023 at 07:04 PM,11/29/2023 at 07:04 PM,cppsud
120019,Gamma Xi Beta,HI,naloxone_counseling,all,4/1/2023,6/30/2023,0,0,Numerator/Denominator,,11/29/2023 at 07:01 PM,11/29/2023 at 07:01 PM,cppsud
120019,Gamma Xi Beta,HI,naloxone_counseling,all,1/1/2023,3/31/2023,0,0,Numerator/Denominator,,11/29/2023 at 06:53 PM,11/29/2023 at 06:53 PM,cppsud
120019,Gamma Xi Beta,HI,naloxone_counseling,all,10/1/2022,12/31/2022,0,0,Numerator/Denominator,,01/26/2023 at 07:16 PM,01/26/2023 at 07:16 PM,cppsud
120019,Gamma Xi Beta,HI,naloxone_prescription,all,1/1/2025,3/31/2025,0,0,Numerator/Denominator,,04/21/2025 at 04:52 PM,04/21/2025 at 04:52 PM,cppsud
120019,Gamma Xi Beta,HI,naloxone_prescription,all,10/1/2024,12/31/2024,0,0,Numerator/Denominator,,01/13/2025 at 08:17 PM,01/13/2025 at 08:17 PM,cppsud
120019,Gamma Xi Beta,HI,naloxone_prescription,all,7/1/2024,9/30/2024,0,0,Numerator/Denominator,,10/24/2024 at 08:42 PM,10/24/2024 at 08:42 PM,cppsud
120019,Gamma Xi Beta,HI,naloxone_prescription,all,4/1/2024,6/30/2024,0,0,Numerator/Denominator,,10/24/2024 at 08:05 PM,10/24/2024 at 08:05 PM,cppsud
120019,Gamma Xi Beta,HI,naloxone_prescription,all,1/1/2024,3/31/2024,0,0,Numerator/Denominator,,06/19/2024 at 08:44 PM,06/19/2024 at 08:44 PM,cppsud
120019,Gamma Xi Beta,HI,naloxone_prescription,all,10/1/2023,12/31/2023,0,0,Numerator/Denominator,,02/28/2024 at 01:00 PM,02/28/2024 at 01:00 PM,cppsud
120019,Gamma Xi Beta,HI,naloxone_prescription,all,7/1/2023,9/30/2023,0,1,Numerator/Denominator,,11/29/2023 at 07:04 PM,02/28/2024 at 12:57 PM,cppsud
120019,Gamma Xi Beta,HI,naloxone_prescription,all,4/1/2023,6/30/2023,0,3,Numerator/Denominator,,11/29/2023 at 07:01 PM,02/28/2024 at 12:57 PM,cppsud
120019,Gamma Xi Beta,HI,naloxone_prescription,all,1/1/2023,3/31/2023,0,3,Numerator/Denominator,,11/29/2023 at 06:53 PM,02/28/2024 at 01:00 PM,cppsud
120019,Gamma Xi Beta,HI,naloxone_prescription,all,10/1/2022,12/31/2022,0,0,Numerator/Denominator,,01/26/2023 at 07:16 PM,02/28/2024 at 12:56 PM,cppsud
120019,Gamma Xi Beta,HI,naloxone_prescription,all,4/1/2025,6/30/2025,0,0,Numerator/Denominator,,07/18/2025 at 09:40 PM,07/18/2025 at 09:40 PM,cppsud
120019,Gamma Xi Beta,HI,naloxone_prescription,all,7/1/2022,9/30/2022,0,0,Numerator/Denominator,,01/26/2023 at 07:16 PM,02/28/2024 at 12:56 PM,cppsud
120019,Gamma Xi Beta,HI,nursing_equity_education,all,10/1/2022,12/31/2022,95,100,Range,,01/26/2023 at 03:06 PM,01/26/2023 at 03:06 PM,"preeclampsia,hemorrhage,cesarean_reduction"
120019,Gamma Xi Beta,HI,other_hypertensive_symptoms_check_scheduling,all,10/1/2022,12/31/2022,0,0,Numerator/Denominator,,02/13/2023 at 08:08 PM,02/13/2023 at 08:08 PM,preeclampsia
120019,Gamma Xi Beta,HI,post_hemorrhage_patient_support,all,10/1/2022,12/31/2022,0,8,Numerator/Denominator,,01/18/2023 at 08:17 PM,01/18/2023 at 08:17 PM,hemorrhage
120019,Gamma Xi Beta,HI,preeclampsia_emergency_dept_nursing_education,all,10/1/2022,12/31/2022,5,100,Range,,02/13/2023 at 08:08 PM,02/13/2023 at 08:08 PM,preeclampsia
120019,Gamma Xi Beta,HI,preeclampsia_nursing_education,all,4/1/2022,6/30/2022,95,100,Range,,07/27/2022 at 02:42 PM,07/27/2022 at 02:42 PM,"preeclampsia,texas_preeclampsia"
120019,Gamma Xi Beta,HI,preeclampsia_nursing_education,all,1/1/2022,3/31/2022,95,100,Range,,07/19/2022 at 08:25 PM,07/19/2022 at 08:25 PM,"preeclampsia,texas_preeclampsia"
120019,Gamma Xi Beta,HI,preeclampsia_nursing_education,all,10/1/2021,12/31/2021,95,100,Range,,03/21/2022 at 04:55 PM,03/21/2022 at 04:55 PM,"preeclampsia,texas_preeclampsia"
120019,Gamma Xi Beta,HI,preeclampsia_nursing_education,all,7/1/2021,9/30/2021,5,100,Range,,11/18/2021 at 07:58 PM,11/18/2021 at 07:58 PM,"preeclampsia,texas_preeclampsia"
120019,Gamma Xi Beta,HI,preeclampsia_nursing_education,all,4/1/2021,6/30/2021,5,100,Range,,11/18/2021 at 07:58 PM,11/18/2021 at 07:58 PM,"preeclampsia,texas_preeclampsia"
120019,Gamma Xi Beta,HI,preeclampsia_nursing_education,all,10/1/2022,12/31/2022,95,100,Range,,02/13/2023 at 08:09 PM,02/13/2023 at 08:09 PM,"preeclampsia,texas_preeclampsia"
120019,Gamma Xi Beta,HI,preeclampsia_nursing_education,all,7/1/2022,9/30/2022,95,100,Range,,01/26/2023 at 04:09 PM,01/26/2023 at 04:09 PM,"preeclampsia,texas_preeclampsia"
120019,Gamma Xi Beta,HI,preeclampsia_nursing_education_and_protocol,all,7/1/2021,9/30/2021,5,100,Range,,11/18/2021 at 07:58 PM,11/18/2021 at 07:58 PM,"preeclampsia,texas_preeclampsia"
120019,Gamma Xi Beta,HI,preeclampsia_nursing_education_and_protocol,all,4/1/2021,6/30/2021,15,100,Range,,11/18/2021 at 07:58 PM,11/18/2021 at 07:58 PM,"preeclampsia,texas_preeclampsia"
120019,Gamma Xi Beta,HI,preeclampsia_provider_education,all,10/1/2022,12/31/2022,5,100,Range,,02/13/2023 at 08:08 PM,02/13/2023 at 08:08 PM,"preeclampsia,texas_preeclampsia"
120019,Gamma Xi Beta,HI,preeclampsia_provider_education,all,7/1/2022,9/30/2022,5,100,Range,,01/26/2023 at 04:09 PM,01/26/2023 at 04:09 PM,"preeclampsia,texas_preeclampsia"
120019,Gamma Xi Beta,HI,preeclampsia_provider_education,all,4/1/2022,6/30/2022,5,100,Range,,07/27/2022 at 02:42 PM,07/27/2022 at 02:42 PM,"preeclampsia,texas_preeclampsia"
120019,Gamma Xi Beta,HI,preeclampsia_provider_education,all,1/1/2022,3/31/2022,5,100,Range,,07/19/2022 at 08:25 PM,07/19/2022 at 08:25 PM,"preeclampsia,texas_preeclampsia"
120019,Gamma Xi Beta,HI,preeclampsia_provider_education,all,10/1/2021,12/31/2021,5,100,Range,,03/21/2022 at 04:55 PM,03/21/2022 at 04:55 PM,"preeclampsia,texas_preeclampsia"
120019,Gamma Xi Beta,HI,preeclampsia_provider_education,all,7/1/2021,9/30/2021,5,100,Range,,11/18/2021 at 07:58 PM,11/18/2021 at 07:58 PM,"preeclampsia,texas_preeclampsia"
120019,Gamma Xi Beta,HI,preeclampsia_provider_education,all,4/1/2021,6/30/2021,5,100,Range,,11/18/2021 at 07:58 PM,11/18/2021 at 07:58 PM,"preeclampsia,texas_preeclampsia"
120019,Gamma Xi Beta,HI,preeclampsia_provider_education_and_protocol,all,7/1/2021,9/30/2021,5,100,Range,,11/18/2021 at 07:58 PM,11/18/2021 at 07:58 PM,"preeclampsia,texas_preeclampsia"
120019,Gamma Xi Beta,HI,preeclampsia_provider_education_and_protocol,all,4/1/2021,6/30/2021,5,100,Range,,11/18/2021 at 07:58 PM,11/18/2021 at 07:58 PM,"preeclampsia,texas_preeclampsia"
120019,Gamma Xi Beta,HI,provider_equity_education,all,10/1/2022,12/31/2022,35,100,Range,,01/26/2023 at 03:07 PM,01/26/2023 at 03:07 PM,"preeclampsia,hemorrhage,cesarean_reduction"
120019,Gamma Xi Beta,HI,quant_blood_loss,all,10/1/2022,12/31/2022,70,110,Numerator/Denominator,,01/18/2023 at 08:17 PM,01/24/2023 at 06:56 PM,hemorrhage
120019,Gamma Xi Beta,HI,quantified_blood_loss,all,7/1/2022,9/30/2022,45,100,Range,,01/26/2023 at 03:05 PM,01/26/2023 at 03:05 PM,hemorrhage
120019,Gamma Xi Beta,HI,quantified_blood_loss,all,4/1/2022,6/30/2022,5,100,Range,,01/26/2023 at 03:04 PM,01/26/2023 at 03:04 PM,hemorrhage
120019,Gamma Xi Beta,HI,quantified_blood_loss,all,1/1/2022,3/31/2022,5,100,Range,,01/26/2023 at 03:04 PM,01/26/2023 at 03:04 PM,hemorrhage
120019,Gamma Xi Beta,HI,quantified_blood_loss,all,10/1/2021,12/31/2021,5,100,Range,,03/21/2022 at 04:56 PM,03/21/2022 at 04:56 PM,hemorrhage
120019,Gamma Xi Beta,HI,quantified_blood_loss,all,4/1/2021,6/30/2021,15,100,Range,,11/18/2021 at 08:00 PM,11/18/2021 at 08:00 PM,hemorrhage
120019,Gamma Xi Beta,HI,quantified_blood_loss,all,7/1/2021,9/30/2021,15,100,Range,,11/18/2021 at 07:59 PM,11/18/2021 at 07:59 PM,hemorrhage
120019,Gamma Xi Beta,HI,recovery_treatment_services_counseling,all,7/1/2022,9/30/2022,0,0,Numerator/Denominator,,01/26/2023 at 07:16 PM,01/26/2023 at 07:16 PM,cppsud
120019,Gamma Xi Beta,HI,recovery_treatment_services_counseling,all,1/1/2025,3/31/2025,0,0,Numerator/Denominator,,04/21/2025 at 04:52 PM,04/21/2025 at 04:52 PM,cppsud
120019,Gamma Xi Beta,HI,recovery_treatment_services_counseling,all,10/1/2024,12/31/2024,0,0,Numerator/Denominator,,01/13/2025 at 08:17 PM,01/13/2025 at 08:17 PM,cppsud
120019,Gamma Xi Beta,HI,recovery_treatment_services_counseling,all,7/1/2024,9/30/2024,0,0,Numerator/Denominator,,10/24/2024 at 08:42 PM,10/24/2024 at 08:42 PM,cppsud
120019,Gamma Xi Beta,HI,recovery_treatment_services_counseling,all,4/1/2024,6/30/2024,0,0,Numerator/Denominator,,10/24/2024 at 08:05 PM,10/24/2024 at 08:05 PM,cppsud
120019,Gamma Xi Beta,HI,recovery_treatment_services_counseling,all,1/1/2024,3/31/2024,0,0,Numerator/Denominator,,06/19/2024 at 08:44 PM,06/19/2024 at 08:44 PM,cppsud
120019,Gamma Xi Beta,HI,recovery_treatment_services_counseling,all,10/1/2023,12/31/2023,0,0,Numerator/Denominator,,02/28/2024 at 01:00 PM,02/28/2024 at 01:00 PM,cppsud
120019,Gamma Xi Beta,HI,recovery_treatment_services_counseling,all,7/1/2023,9/30/2023,0,1,Numerator/Denominator,,11/29/2023 at 07:04 PM,11/29/2023 at 07:04 PM,cppsud
120019,Gamma Xi Beta,HI,recovery_treatment_services_counseling,all,4/1/2023,6/30/2023,0,3,Numerator/Denominator,,11/29/2023 at 07:01 PM,11/29/2023 at 07:01 PM,cppsud
120019,Gamma Xi Beta,HI,recovery_treatment_services_counseling,all,1/1/2023,3/31/2023,0,3,Numerator/Denominator,,11/29/2023 at 06:53 PM,11/29/2023 at 06:53 PM,cppsud
120019,Gamma Xi Beta,HI,recovery_treatment_services_counseling,all,10/1/2022,12/31/2022,0,0,Numerator/Denominator,,01/26/2023 at 07:16 PM,01/26/2023 at 07:16 PM,cppsud
120019,Gamma Xi Beta,HI,recovery_treatment_services_counseling,all,4/1/2025,6/30/2025,0,0,Numerator/Denominator,,07/18/2025 at 09:40 PM,07/18/2025 at 09:40 PM,cppsud
120019,Gamma Xi Beta,HI,recovery_treatment_services_referral,all,10/1/2024,12/31/2024,0,0,Numerator/Denominator,,01/13/2025 at 08:17 PM,01/13/2025 at 08:17 PM,cppsud
120019,Gamma Xi Beta,HI,recovery_treatment_services_referral,all,7/1/2024,9/30/2024,0,0,Numerator/Denominator,,10/24/2024 at 08:42 PM,10/24/2024 at 08:42 PM,cppsud
120019,Gamma Xi Beta,HI,recovery_treatment_services_referral,all,4/1/2024,6/30/2024,0,0,Numerator/Denominator,,10/24/2024 at 08:05 PM,10/24/2024 at 08:05 PM,cppsud
120019,Gamma Xi Beta,HI,recovery_treatment_services_referral,all,1/1/2024,3/31/2024,0,0,Numerator/Denominator,,06/19/2024 at 08:44 PM,06/19/2024 at 08:44 PM,cppsud
120019,Gamma Xi Beta,HI,recovery_treatment_services_referral,all,10/1/2023,12/31/2023,0,0,Numerator/Denominator,,02/28/2024 at 01:00 PM,02/28/2024 at 01:00 PM,cppsud
120019,Gamma Xi Beta,HI,recovery_treatment_services_referral,all,7/1/2023,9/30/2023,0,1,Numerator/Denominator,,11/29/2023 at 07:04 PM,11/29/2023 at 07:04 PM,cppsud
120019,Gamma Xi Beta,HI,recovery_treatment_services_referral,all,4/1/2023,6/30/2023,0,3,Numerator/Denominator,,11/29/2023 at 07:01 PM,11/29/2023 at 07:01 PM,cppsud
120019,Gamma Xi Beta,HI,recovery_treatment_services_referral,all,1/1/2023,3/31/2023,0,3,Numerator/Denominator,,11/29/2023 at 06:53 PM,11/29/2023 at 06:53 PM,cppsud
120019,Gamma Xi Beta,HI,recovery_treatment_services_referral,all,10/1/2022,12/31/2022,0,0,Numerator/Denominator,,01/26/2023 at 07:16 PM,01/26/2023 at 07:16 PM,cppsud
120019,Gamma Xi Beta,HI,recovery_treatment_services_referral,all,4/1/2025,6/30/2025,0,0,Numerator/Denominator,,07/18/2025 at 09:40 PM,07/18/2025 at 09:40 PM,cppsud
120019,Gamma Xi Beta,HI,recovery_treatment_services_referral,all,7/1/2022,9/30/2022,0,0,Numerator/Denominator,,01/26/2023 at 07:16 PM,01/26/2023 at 07:16 PM,cppsud
120019,Gamma Xi Beta,HI,recovery_treatment_services_referral,all,1/1/2025,3/31/2025,0,0,Numerator/Denominator,,04/21/2025 at 04:52 PM,04/21/2025 at 04:52 PM,cppsud
120019,Gamma Xi Beta,HI,respectful_equitable_care_provider_and_nursing_education,all,7/1/2024,9/30/2024,5,100,Range,,10/24/2024 at 08:42 PM,10/24/2024 at 08:42 PM,"cppsud,ppdt,ccoc,sepsis,mental_health"
120019,Gamma Xi Beta,HI,respectful_equitable_care_provider_and_nursing_education,all,4/1/2024,6/30/2024,5,100,Range,,10/24/2024 at 08:05 PM,10/24/2024 at 08:05 PM,"cppsud,ppdt,ccoc,sepsis,mental_health"
120019,Gamma Xi Beta,HI,respectful_equitable_care_provider_and_nursing_education,all,1/1/2024,3/31/2024,5,100,Range,,06/19/2024 at 08:44 PM,06/19/2024 at 08:44 PM,"cppsud,ppdt,ccoc,sepsis,mental_health"
120019,Gamma Xi Beta,HI,respectful_equitable_care_provider_and_nursing_education,all,10/1/2023,12/31/2023,5,100,Range,,02/28/2024 at 01:00 PM,02/28/2024 at 01:00 PM,"cppsud,ppdt,ccoc,sepsis,mental_health"
120019,Gamma Xi Beta,HI,respectful_equitable_care_provider_and_nursing_education,all,7/1/2023,9/30/2023,5,100,Range,,11/29/2023 at 07:04 PM,11/29/2023 at 07:04 PM,"cppsud,ppdt,ccoc,sepsis,mental_health"
120019,Gamma Xi Beta,HI,respectful_equitable_care_provider_and_nursing_education,all,4/1/2023,6/30/2023,5,100,Range,,11/29/2023 at 07:01 PM,11/29/2023 at 07:01 PM,"cppsud,ppdt,ccoc,sepsis,mental_health"
120019,Gamma Xi Beta,HI,respectful_equitable_care_provider_and_nursing_education,all,1/1/2023,3/31/2023,5,100,Range,,11/29/2023 at 06:53 PM,11/29/2023 at 06:53 PM,"cppsud,ppdt,ccoc,sepsis,mental_health"
120019,Gamma Xi Beta,HI,respectful_equitable_care_provider_and_nursing_education,all,10/1/2022,12/31/2022,5,100,Range,,01/26/2023 at 07:16 PM,01/26/2023 at 07:16 PM,"cppsud,ppdt,ccoc,sepsis,mental_health"
120019,Gamma Xi Beta,HI,respectful_equitable_care_provider_and_nursing_education,all,4/1/2025,6/30/2025,5,100,Range,,07/18/2025 at 09:40 PM,07/18/2025 at 09:40 PM,"cppsud,ppdt,ccoc,sepsis,mental_health"
120019,Gamma Xi Beta,HI,respectful_equitable_care_provider_and_nursing_education,all,7/1/2022,9/30/2022,5,100,Range,,01/26/2023 at 07:16 PM,01/26/2023 at 07:16 PM,"cppsud,ppdt,ccoc,sepsis,mental_health"
120019,Gamma Xi Beta,HI,respectful_equitable_care_provider_and_nursing_education,all,1/1/2025,3/31/2025,5,100,Range,,04/21/2025 at 04:52 PM,04/21/2025 at 04:52 PM,"cppsud,ppdt,ccoc,sepsis,mental_health"
120019,Gamma Xi Beta,HI,respectful_equitable_care_provider_and_nursing_education,all,10/1/2024,12/31/2024,5,100,Range,,01/13/2025 at 08:17 PM,01/13/2025 at 08:17 PM,"cppsud,ppdt,ccoc,sepsis,mental_health"
120019,Gamma Xi Beta,HI,severe_htn_treatment,unknown,7/1/2021,9/30/2021,0,0,Numerator/Denominator,,12/02/2021 at 08:14 PM,12/02/2021 at 08:14 PM,"preeclampsia,texas_preeclampsia"
120019,Gamma Xi Beta,HI,severe_htn_treatment,native_hawaiian,7/1/2021,9/30/2021,2,4,Numerator/Denominator,,12/02/2021 at 08:14 PM,12/02/2021 at 08:14 PM,"preeclampsia,texas_preeclampsia"
120019,Gamma Xi Beta,HI,severe_htn_treatment,other,7/1/2021,9/30/2021,0,0,Numerator/Denominator,,12/02/2021 at 08:14 PM,12/02/2021 at 08:14 PM,"preeclampsia,texas_preeclampsia"
120019,Gamma Xi Beta,HI,severe_htn_treatment,japanese,4/1/2021,6/30/2021,0,0,Numerator/Denominator,,12/03/2021 at 11:52 AM,12/03/2021 at 11:52 AM,"preeclampsia,texas_preeclampsia"
120019,Gamma Xi Beta,HI,severe_htn_treatment,all,10/1/2022,12/31/2022,0,0,Numerator/Denominator,,01/26/2023 at 07:20 PM,01/26/2023 at 07:20 PM,"preeclampsia,texas_preeclampsia"
120019,Gamma Xi Beta,HI,severe_htn_treatment,other,10/1/2021,12/31/2021,0,0,Numerator/Denominator,,03/22/2022 at 04:00 PM,03/22/2022 at 04:00 PM,"preeclampsia,texas_preeclampsia"
120019,Gamma Xi Beta,HI,severe_htn_treatment,white,10/1/2021,12/31/2021,0,1,Numerator/Denominator,,03/22/2022 at 04:00 PM,03/22/2022 at 04:00 PM,"preeclampsia,texas_preeclampsia"
120019,Gamma Xi Beta,HI,severe_htn_treatment,micronesian,10/1/2021,12/31/2021,0,0,Numerator/Denominator,,03/22/2022 at 04:00 PM,03/22/2022 at 04:00 PM,"preeclampsia,texas_preeclampsia"
120019,Gamma Xi Beta,HI,severe_htn_treatment,japanese,7/1/2021,9/30/2021,0,0,Numerator/Denominator,,12/02/2021 at 08:14 PM,12/02/2021 at 08:14 PM,"preeclampsia,texas_preeclampsia"
120019,Gamma Xi Beta,HI,severe_htn_treatment,all,7/1/2022,9/30/2022,3,4,Numerator/Denominator,,01/26/2023 at 04:08 PM,01/26/2023 at 04:09 PM,"preeclampsia,texas_preeclampsia"
120019,Gamma Xi Beta,HI,severe_htn_treatment,white,4/1/2021,6/30/2021,0,0,Numerator/Denominator,,12/03/2021 at 11:52 AM,12/03/2021 at 11:52 AM,"preeclampsia,texas_preeclampsia"
120019,Gamma Xi Beta,HI,severe_htn_treatment,micronesian,4/1/2021,6/30/2021,1,1,Numerator/Denominator,,12/03/2021 at 11:52 AM,12/03/2021 at 11:52 AM,"preeclampsia,texas_preeclampsia"
120019,Gamma Xi Beta,HI,severe_htn_treatment,filipino,10/1/2021,12/31/2021,0,1,Numerator/Denominator,,03/22/2022 at 04:00 PM,03/22/2022 at 04:00 PM,"preeclampsia,texas_preeclampsia"
120019,Gamma Xi Beta,HI,severe_htn_treatment,all,4/1/2022,6/30/2022,0,1,Numerator/Denominator,,07/27/2022 at 02:42 PM,07/27/2022 at 02:42 PM,"preeclampsia,texas_preeclampsia"
120019,Gamma Xi Beta,HI,severe_htn_treatment,other_polynesian,10/1/2021,12/31/2021,0,0,Numerator/Denominator,,03/22/2022 at 04:00 PM,03/22/2022 at 04:00 PM,"preeclampsia,texas_preeclampsia"
120019,Gamma Xi Beta,HI,severe_htn_treatment,white,7/1/2021,9/30/2021,0,0,Numerator/Denominator,,12/02/2021 at 08:14 PM,12/02/2021 at 08:14 PM,"preeclampsia,texas_preeclampsia"
120019,Gamma Xi Beta,HI,severe_htn_treatment,micronesian,7/1/2021,9/30/2021,0,0,Numerator/Denominator,,12/02/2021 at 08:14 PM,12/02/2021 at 08:14 PM,"preeclampsia,texas_preeclampsia"
120019,Gamma Xi Beta,HI,severe_htn_treatment,filipino,4/1/2021,6/30/2021,0,0,Numerator/Denominator,,12/03/2021 at 11:52 AM,12/03/2021 at 11:52 AM,"preeclampsia,texas_preeclampsia"
120019,Gamma Xi Beta,HI,severe_htn_treatment,all,1/1/2022,3/31/2022,2,4,Numerator/Denominator,,07/19/2022 at 08:25 PM,07/19/2022 at 08:25 PM,"preeclampsia,texas_preeclampsia"
120019,Gamma Xi Beta,HI,severe_htn_treatment,other_polynesian,4/1/2021,6/30/2021,0,1,Numerator/Denominator,,12/03/2021 at 11:52 AM,12/03/2021 at 11:52 AM,"preeclampsia,texas_preeclampsia"
120019,Gamma Xi Beta,HI,severe_htn_treatment,native_american,10/1/2021,12/31/2021,0,0,Numerator/Denominator,,03/22/2022 at 04:00 PM,03/22/2022 at 04:00 PM,"preeclampsia,texas_preeclampsia"
120019,Gamma Xi Beta,HI,severe_htn_treatment,other_asian,10/1/2021,12/31/2021,0,0,Numerator/Denominator,,03/22/2022 at 04:00 PM,03/22/2022 at 04:00 PM,"preeclampsia,texas_preeclampsia"
120019,Gamma Xi Beta,HI,severe_htn_treatment,filipino,7/1/2021,9/30/2021,0,0,Numerator/Denominator,,12/02/2021 at 08:14 PM,12/02/2021 at 08:14 PM,"preeclampsia,texas_preeclampsia"
120019,Gamma Xi Beta,HI,severe_htn_treatment,all,10/1/2021,12/31/2021,1,3,Numerator/Denominator,,03/22/2022 at 04:00 PM,03/22/2022 at 04:00 PM,"preeclampsia,texas_preeclampsia"
120019,Gamma Xi Beta,HI,severe_htn_treatment,other_polynesian,7/1/2021,9/30/2021,0,0,Numerator/Denominator,,12/02/2021 at 08:14 PM,12/02/2021 at 08:14 PM,"preeclampsia,texas_preeclampsia"
120019,Gamma Xi Beta,HI,severe_htn_treatment,hispanic,10/1/2021,12/31/2021,0,0,Numerator/Denominator,,03/22/2022 at 04:00 PM,03/22/2022 at 04:00 PM,"preeclampsia,texas_preeclampsia"
120019,Gamma Xi Beta,HI,severe_htn_treatment,other_asian,4/1/2021,6/30/2021,0,0,Numerator/Denominator,,12/03/2021 at 11:52 AM,12/03/2021 at 11:52 AM,"preeclampsia,texas_preeclampsia"
120019,Gamma Xi Beta,HI,severe_htn_treatment,chinese,10/1/2021,12/31/2021,0,0,Numerator/Denominator,,03/22/2022 at 04:00 PM,03/22/2022 at 04:00 PM,"preeclampsia,texas_preeclampsia"
120019,Gamma Xi Beta,HI,severe_htn_treatment,all,4/1/2021,6/30/2021,1,7,Numerator/Denominator,,12/03/2021 at 11:52 AM,12/03/2021 at 11:52 AM,"preeclampsia,texas_preeclampsia"
120019,Gamma Xi Beta,HI,severe_htn_treatment,other_pacific_islander,10/1/2021,12/31/2021,0,0,Numerator/Denominator,,03/22/2022 at 04:00 PM,03/22/2022 at 04:00 PM,"preeclampsia,texas_preeclampsia"
120019,Gamma Xi Beta,HI,severe_htn_treatment,hispanic,4/1/2021,6/30/2021,0,0,Numerator/Denominator,,12/03/2021 at 11:52 AM,12/03/2021 at 11:52 AM,"preeclampsia,texas_preeclampsia"
120019,Gamma Xi Beta,HI,severe_htn_treatment,other_asian,7/1/2021,9/30/2021,0,0,Numerator/Denominator,,12/02/2021 at 08:14 PM,12/02/2021 at 08:14 PM,"preeclampsia,texas_preeclampsia"
120019,Gamma Xi Beta,HI,severe_htn_treatment,all,7/1/2021,9/30/2021,2,5,Numerator/Denominator,,12/02/2021 at 08:14 PM,12/02/2021 at 08:14 PM,"preeclampsia,texas_preeclampsia"
120019,Gamma Xi Beta,HI,severe_htn_treatment,chinese,4/1/2021,6/30/2021,0,2,Numerator/Denominator,,12/03/2021 at 11:52 AM,12/03/2021 at 11:52 AM,"preeclampsia,texas_preeclampsia"
120019,Gamma Xi Beta,HI,severe_htn_treatment,other_pacific_islander,4/1/2021,6/30/2021,0,0,Numerator/Denominator,,12/03/2021 at 11:52 AM,12/03/2021 at 11:52 AM,"preeclampsia,texas_preeclampsia"
120019,Gamma Xi Beta,HI,severe_htn_treatment,hispanic,7/1/2021,9/30/2021,0,0,Numerator/Denominator,,12/02/2021 at 08:14 PM,12/02/2021 at 08:14 PM,"preeclampsia,texas_preeclampsia"
120019,Gamma Xi Beta,HI,severe_htn_treatment,korean,10/1/2021,12/31/2021,0,0,Numerator/Denominator,,03/22/2022 at 04:00 PM,03/22/2022 at 04:00 PM,"preeclampsia,texas_preeclampsia"
120019,Gamma Xi Beta,HI,severe_htn_treatment,chinese,7/1/2021,9/30/2021,0,0,Numerator/Denominator,,12/02/2021 at 08:14 PM,12/02/2021 at 08:14 PM,"preeclampsia,texas_preeclampsia"
120019,Gamma Xi Beta,HI,severe_htn_treatment,other_pacific_islander,7/1/2021,9/30/2021,0,1,Numerator/Denominator,,12/02/2021 at 08:14 PM,12/02/2021 at 08:14 PM,"preeclampsia,texas_preeclampsia"
120019,Gamma Xi Beta,HI,severe_htn_treatment,korean,4/1/2021,6/30/2021,0,0,Numerator/Denominator,,12/03/2021 at 11:52 AM,12/03/2021 at 11:52 AM,"preeclampsia,texas_preeclampsia"
120019,Gamma Xi Beta,HI,severe_htn_treatment,african_american,10/1/2021,12/31/2021,0,0,Numerator/Denominator,,03/22/2022 at 04:00 PM,03/22/2022 at 04:00 PM,"preeclampsia,texas_preeclampsia"
120019,Gamma Xi Beta,HI,severe_htn_treatment,unknown,10/1/2021,12/31/2021,0,0,Numerator/Denominator,,03/22/2022 at 04:00 PM,03/22/2022 at 04:00 PM,"preeclampsia,texas_preeclampsia"
120019,Gamma Xi Beta,HI,severe_htn_treatment,native_hawaiian,10/1/2021,12/31/2021,1,1,Numerator/Denominator,,03/22/2022 at 04:00 PM,03/22/2022 at 04:00 PM,"preeclampsia,texas_preeclampsia"
120019,Gamma Xi Beta,HI,severe_htn_treatment,korean,7/1/2021,9/30/2021,0,0,Numerator/Denominator,,12/02/2021 at 08:14 PM,12/02/2021 at 08:14 PM,"preeclampsia,texas_preeclampsia"
120019,Gamma Xi Beta,HI,severe_htn_treatment,african_american,4/1/2021,6/30/2021,0,0,Numerator/Denominator,,12/03/2021 at 11:52 AM,12/03/2021 at 11:52 AM,"preeclampsia,texas_preeclampsia"
120019,Gamma Xi Beta,HI,severe_htn_treatment,unknown,4/1/2021,6/30/2021,0,0,Numerator/Denominator,,12/03/2021 at 11:52 AM,12/03/2021 at 11:52 AM,"preeclampsia,texas_preeclampsia"
120019,Gamma Xi Beta,HI,severe_htn_treatment,native_hawaiian,4/1/2021,6/30/2021,0,3,Numerator/Denominator,,12/03/2021 at 11:52 AM,12/03/2021 at 11:52 AM,"preeclampsia,texas_preeclampsia"
120019,Gamma Xi Beta,HI,severe_htn_treatment,other,4/1/2021,6/30/2021,0,0,Numerator/Denominator,,12/03/2021 at 11:52 AM,12/03/2021 at 11:52 AM,"preeclampsia,texas_preeclampsia"
120019,Gamma Xi Beta,HI,severe_htn_treatment,japanese,10/1/2021,12/31/2021,0,0,Numerator/Denominator,,03/22/2022 at 04:00 PM,03/22/2022 at 04:00 PM,"preeclampsia,texas_preeclampsia"
120019,Gamma Xi Beta,HI,severe_htn_treatment,african_american,7/1/2021,9/30/2021,0,0,Numerator/Denominator,,12/02/2021 at 08:14 PM,12/02/2021 at 08:14 PM,"preeclampsia,texas_preeclampsia"
120019,Gamma Xi Beta,HI,severe_hypertension_symptoms_check_scheduling,all,10/1/2022,12/31/2022,0,0,Numerator/Denominator,,02/13/2023 at 08:08 PM,02/13/2023 at 08:08 PM,preeclampsia
120019,Gamma Xi Beta,HI,sud_provider_and_nursing_education,all,10/1/2022,12/31/2022,5,100,Range,,01/26/2023 at 07:16 PM,01/26/2023 at 07:16 PM,cppsud
120019,Gamma Xi Beta,HI,sud_provider_and_nursing_education,all,4/1/2025,6/30/2025,5,100,Range,,07/18/2025 at 09:40 PM,07/18/2025 at 09:40 PM,cppsud
120019,Gamma Xi Beta,HI,sud_provider_and_nursing_education,all,7/1/2022,9/30/2022,5,100,Range,,01/26/2023 at 07:16 PM,01/26/2023 at 07:16 PM,cppsud
120019,Gamma Xi Beta,HI,sud_provider_and_nursing_education,all,1/1/2025,3/31/2025,5,100,Range,,04/21/2025 at 04:52 PM,04/21/2025 at 04:52 PM,cppsud
120019,Gamma Xi Beta,HI,sud_provider_and_nursing_education,all,10/1/2024,12/31/2024,5,100,Range,,01/13/2025 at 08:17 PM,01/13/2025 at 08:17 PM,cppsud
120019,Gamma Xi Beta,HI,sud_provider_and_nursing_education,all,7/1/2024,9/30/2024,5,100,Range,,10/24/2024 at 08:42 PM,10/24/2024 at 08:42 PM,cppsud
120019,Gamma Xi Beta,HI,sud_provider_and_nursing_education,all,4/1/2024,6/30/2024,5,100,Range,,10/24/2024 at 08:05 PM,10/24/2024 at 08:05 PM,cppsud
120019,Gamma Xi Beta,HI,sud_provider_and_nursing_education,all,1/1/2024,3/31/2024,5,100,Range,,06/19/2024 at 08:44 PM,06/19/2024 at 08:44 PM,cppsud
120019,Gamma Xi Beta,HI,sud_provider_and_nursing_education,all,10/1/2023,12/31/2023,5,100,Range,,02/28/2024 at 01:00 PM,02/28/2024 at 01:00 PM,cppsud
120019,Gamma Xi Beta,HI,sud_provider_and_nursing_education,all,7/1/2023,9/30/2023,5,100,Range,,11/29/2023 at 07:04 PM,11/29/2023 at 07:04 PM,cppsud
120019,Gamma Xi Beta,HI,sud_provider_and_nursing_education,all,4/1/2023,6/30/2023,5,100,Range,,11/29/2023 at 07:01 PM,11/29/2023 at 07:01 PM,cppsud
120019,Gamma Xi Beta,HI,sud_provider_and_nursing_education,all,1/1/2023,3/31/2023,5,100,Range,,11/29/2023 at 06:53 PM,11/29/2023 at 06:53 PM,cppsud
120019,Gamma Xi Beta,HI,sud_universal_screening,all,1/1/2025,3/31/2025,84,89,Numerator/Denominator,,04/21/2025 at 04:52 PM,04/21/2025 at 04:52 PM,cppsud
120019,Gamma Xi Beta,HI,sud_universal_screening,all,10/1/2024,12/31/2024,0,128,Numerator/Denominator,,01/13/2025 at 08:17 PM,01/13/2025 at 08:17 PM,cppsud
120019,Gamma Xi Beta,HI,sud_universal_screening,all,7/1/2024,9/30/2024,0,98,Numerator/Denominator,,10/24/2024 at 08:42 PM,10/24/2024 at 08:43 PM,cppsud
120019,Gamma Xi Beta,HI,sud_universal_screening,all,4/1/2024,6/30/2024,0,98,Numerator/Denominator,,10/24/2024 at 08:05 PM,10/24/2024 at 08:21 PM,cppsud
120019,Gamma Xi Beta,HI,sud_universal_screening,all,1/1/2024,3/31/2024,0,118,Numerator/Denominator,,06/19/2024 at 08:44 PM,06/19/2024 at 08:44 PM,cppsud
120019,Gamma Xi Beta,HI,sud_universal_screening,all,10/1/2023,12/31/2023,0,94,Numerator/Denominator,,02/28/2024 at 01:00 PM,02/28/2024 at 01:00 PM,cppsud
120019,Gamma Xi Beta,HI,sud_universal_screening,all,7/1/2023,9/30/2023,0,112,Numerator/Denominator,,11/29/2023 at 07:04 PM,11/29/2023 at 07:04 PM,cppsud
120019,Gamma Xi Beta,HI,sud_universal_screening,all,4/1/2023,6/30/2023,0,95,Numerator/Denominator,,11/29/2023 at 07:01 PM,11/29/2023 at 07:01 PM,cppsud
120019,Gamma Xi Beta,HI,sud_universal_screening,all,1/1/2023,3/31/2023,0,109,Numerator/Denominator,,11/24/2023 at 02:39 PM,11/29/2023 at 06:53 PM,cppsud
120019,Gamma Xi Beta,HI,sud_universal_screening,all,10/1/2022,12/31/2022,0,112,Numerator/Denominator,,01/26/2023 at 07:16 PM,01/26/2023 at 07:16 PM,cppsud
120019,Gamma Xi Beta,HI,sud_universal_screening,all,4/1/2025,6/30/2025,86,95,Numerator/Denominator,,07/18/2025 at 09:40 PM,07/18/2025 at 09:40 PM,cppsud
120019,Gamma Xi Beta,HI,sud_universal_screening,all,7/1/2022,9/30/2022,0,113,Numerator/Denominator,,01/26/2023 at 07:16 PM,01/26/2023 at 07:16 PM,cppsud
120019,Gamma Xi Beta,HI,topics_covered_hemorrhage,all,10/1/2022,12/31/2022,1,1,Numerator/Denominator,,01/26/2023 at 03:06 PM,01/26/2023 at 03:06 PM,"preeclampsia,hemorrhage"
120019,Gamma Xi Beta,HI,topics_covered_hemorrhage,all,7/1/2022,9/30/2022,1,1,Numerator/Denominator,,10/24/2022 at 04:38 PM,10/24/2022 at 04:38 PM,"preeclampsia,hemorrhage"
120019,Gamma Xi Beta,HI,topics_covered_hemorrhage,all,4/1/2022,6/30/2022,1,1,Numerator/Denominator,,07/27/2022 at 02:43 PM,01/26/2023 at 03:04 PM,"preeclampsia,hemorrhage"
120019,Gamma Xi Beta,HI,topics_covered_hemorrhage,all,1/1/2022,3/31/2022,0,1,Numerator/Denominator,,07/19/2022 at 08:25 PM,01/26/2023 at 03:04 PM,"preeclampsia,hemorrhage"
120019,Gamma Xi Beta,HI,topics_covered_hemorrhage,all,10/1/2021,12/31/2021,1,1,Numerator/Denominator,,03/21/2022 at 04:55 PM,03/21/2022 at 04:55 PM,"preeclampsia,hemorrhage"
120019,Gamma Xi Beta,HI,topics_covered_hemorrhage,all,7/1/2021,9/30/2021,0,1,Numerator/Denominator,,11/18/2021 at 07:58 PM,11/18/2021 at 07:58 PM,"preeclampsia,hemorrhage"
120019,Gamma Xi Beta,HI,topics_covered_hemorrhage,all,4/1/2021,6/30/2021,0,1,Numerator/Denominator,,11/18/2021 at 07:58 PM,11/18/2021 at 07:58 PM,"preeclampsia,hemorrhage"
120019,Gamma Xi Beta,HI,topics_covered_other,all,4/1/2021,6/30/2021,0,1,Numerator/Denominator,,11/18/2021 at 07:58 PM,11/18/2021 at 07:58 PM,"preeclampsia,hemorrhage"
120019,Gamma Xi Beta,HI,topics_covered_other,all,10/1/2022,12/31/2022,0,1,Numerator/Denominator,,01/26/2023 at 03:06 PM,01/26/2023 at 03:06 PM,"preeclampsia,hemorrhage"
120019,Gamma Xi Beta,HI,topics_covered_other,all,7/1/2022,9/30/2022,0,1,Numerator/Denominator,,10/24/2022 at 04:38 PM,10/24/2022 at 04:38 PM,"preeclampsia,hemorrhage"
120019,Gamma Xi Beta,HI,topics_covered_other,all,4/1/2022,6/30/2022,1,1,Numerator/Denominator,,07/27/2022 at 02:43 PM,01/26/2023 at 03:04 PM,"preeclampsia,hemorrhage"
120019,Gamma Xi Beta,HI,topics_covered_other,all,1/1/2022,3/31/2022,1,1,Numerator/Denominator,,07/19/2022 at 08:25 PM,01/26/2023 at 03:04 PM,"preeclampsia,hemorrhage"
120019,Gamma Xi Beta,HI,topics_covered_other,all,10/1/2021,12/31/2021,1,1,Numerator/Denominator,,03/21/2022 at 04:55 PM,03/21/2022 at 04:55 PM,"preeclampsia,hemorrhage"
120019,Gamma Xi Beta,HI,topics_covered_other,all,7/1/2021,9/30/2021,1,1,Numerator/Denominator,,11/18/2021 at 07:58 PM,11/18/2021 at 07:58 PM,"preeclampsia,hemorrhage"
120019,Gamma Xi Beta,HI,topics_covered_severe_hypertension,all,1/1/2022,3/31/2022,0,1,Numerator/Denominator,,07/19/2022 at 08:25 PM,01/26/2023 at 03:04 PM,"preeclampsia,hemorrhage"
120019,Gamma Xi Beta,HI,topics_covered_severe_hypertension,all,10/1/2021,12/31/2021,1,1,Numerator/Denominator,,03/21/2022 at 04:55 PM,03/21/2022 at 04:55 PM,"preeclampsia,hemorrhage"
120019,Gamma Xi Beta,HI,topics_covered_severe_hypertension,all,7/1/2021,9/30/2021,0,1,Numerator/Denominator,,11/18/2021 at 07:58 PM,11/18/2021 at 07:58 PM,"preeclampsia,hemorrhage"
120019,Gamma Xi Beta,HI,topics_covered_severe_hypertension,all,4/1/2021,6/30/2021,0,1,Numerator/Denominator,,11/18/2021 at 07:58 PM,11/18/2021 at 07:58 PM,"preeclampsia,hemorrhage"
120019,Gamma Xi Beta,HI,topics_covered_severe_hypertension,all,10/1/2022,12/31/2022,0,1,Numerator/Denominator,,01/26/2023 at 03:06 PM,01/26/2023 at 03:06 PM,"preeclampsia,hemorrhage"
120019,Gamma Xi Beta,HI,topics_covered_severe_hypertension,all,7/1/2022,9/30/2022,0,1,Numerator/Denominator,,10/24/2022 at 04:38 PM,10/24/2022 at 04:38 PM,"preeclampsia,hemorrhage"
120019,Gamma Xi Beta,HI,topics_covered_severe_hypertension,all,4/1/2022,6/30/2022,0,1,Numerator/Denominator,,07/27/2022 at 02:43 PM,01/26/2023 at 03:04 PM,"preeclampsia,hemorrhage"
120019,Gamma Xi Beta,HI,unit_drill_count,all,10/1/2022,12/31/2022,1,1,Raw Value,,01/26/2023 at 03:06 PM,01/26/2023 at 03:06 PM,"preeclampsia,hemorrhage,texas_preeclampsia"
120019,Gamma Xi Beta,HI,unit_drill_count,all,7/1/2022,9/30/2022,1,1,Raw Value,,10/24/2022 at 04:38 PM,10/24/2022 at 04:38 PM,"preeclampsia,hemorrhage,texas_preeclampsia"
120019,Gamma Xi Beta,HI,unit_drill_count,all,4/1/2022,6/30/2022,1,1,Raw Value,,07/27/2022 at 02:43 PM,01/26/2023 at 03:04 PM,"preeclampsia,hemorrhage,texas_preeclampsia"
120019,Gamma Xi Beta,HI,unit_drill_count,all,1/1/2022,3/31/2022,1,1,Raw Value,,07/27/2022 at 02:26 PM,01/26/2023 at 03:04 PM,"preeclampsia,hemorrhage,texas_preeclampsia"
120019,Gamma Xi Beta,HI,unit_drill_count,all,10/1/2021,12/31/2021,3,1,Raw Value,,03/21/2022 at 04:55 PM,03/21/2022 at 04:55 PM,"preeclampsia,hemorrhage,texas_preeclampsia"
120019,Gamma Xi Beta,HI,unit_drill_count,all,7/1/2021,9/30/2021,0,1,Raw Value,,11/18/2021 at 07:58 PM,11/18/2021 at 07:58 PM,"preeclampsia,hemorrhage,texas_preeclampsia"
120019,Gamma Xi Beta,HI,unit_drill_count,all,4/1/2021,6/30/2021,0,1,Raw Value,,11/18/2021 at 07:58 PM,11/18/2021 at 07:58 PM,"preeclampsia,hemorrhage,texas_preeclampsia"
120028,Alpha Iota Theta,HI,biological_parent_discharge,all,1/1/2024,3/31/2024,0,0,Numerator/Denominator,,05/14/2024 at 07:08 PM,05/14/2024 at 07:08 PM,cppsud
120028,Alpha Iota Theta,HI,biological_parent_discharge,all,1/1/2023,3/31/2023,0,0,Numerator/Denominator,,03/08/2024 at 05:45 PM,03/08/2024 at 05:45 PM,cppsud
120028,Alpha Iota Theta,HI,biological_parent_discharge,all,4/1/2023,6/30/2023,0,0,Numerator/Denominator,,03/08/2024 at 05:43 PM,03/08/2024 at 05:43 PM,cppsud
120028,Alpha Iota Theta,HI,biological_parent_discharge,all,7/1/2023,9/30/2023,0,0,Numerator/Denominator,,03/08/2024 at 05:42 PM,03/08/2024 at 05:42 PM,cppsud
120028,Alpha Iota Theta,HI,biological_parent_discharge,all,10/1/2023,12/31/2023,0,0,Numerator/Denominator,,03/07/2024 at 04:44 PM,03/07/2024 at 04:44 PM,cppsud
120028,Alpha Iota Theta,HI,biological_parent_discharge,all,10/1/2022,12/31/2022,0,0,Numerator/Denominator,,03/31/2023 at 03:20 PM,03/31/2023 at 03:20 PM,cppsud
120028,Alpha Iota Theta,HI,biological_parent_discharge,all,4/1/2025,6/30/2025,0,0,Numerator/Denominator,,07/17/2025 at 01:40 PM,07/17/2025 at 01:40 PM,cppsud
120028,Alpha Iota Theta,HI,biological_parent_discharge,all,7/1/2022,9/30/2022,0,0,Numerator/Denominator,,12/06/2022 at 07:12 AM,12/06/2022 at 07:12 AM,cppsud
120028,Alpha Iota Theta,HI,biological_parent_discharge,all,1/1/2025,3/31/2025,0,0,Numerator/Denominator,,04/23/2025 at 06:31 PM,04/23/2025 at 06:31 PM,cppsud
120028,Alpha Iota Theta,HI,biological_parent_discharge,all,10/1/2024,12/31/2024,1,2,Numerator/Denominator,,01/27/2025 at 07:40 PM,01/27/2025 at 07:40 PM,cppsud
120028,Alpha Iota Theta,HI,biological_parent_discharge,all,7/1/2024,9/30/2024,0,0,Numerator/Denominator,,10/24/2024 at 04:18 PM,10/24/2024 at 04:18 PM,cppsud
120028,Alpha Iota Theta,HI,biological_parent_discharge,all,4/1/2024,6/30/2024,0,0,Numerator/Denominator,,08/07/2024 at 03:48 PM,08/07/2024 at 03:48 PM,cppsud
120028,Alpha Iota Theta,HI,hem_risk_assessment,all,10/1/2022,12/31/2022,369,369,Numerator/Denominator,,03/31/2023 at 03:17 PM,03/31/2023 at 03:17 PM,hemorrhage
120028,Alpha Iota Theta,HI,hem_risk_assessment,all,7/1/2022,9/30/2022,112,112,Numerator/Denominator,,12/06/2022 at 07:10 AM,12/06/2022 at 07:10 AM,hemorrhage
120028,Alpha Iota Theta,HI,hemorrhage_nursing_education,all,1/1/2022,3/31/2022,95,100,Range,,08/25/2022 at 09:47 PM,08/25/2022 at 09:47 PM,hemorrhage
120028,Alpha Iota Theta,HI,hemorrhage_nursing_education,all,10/1/2021,12/31/2021,95,100,Range,,08/25/2022 at 09:47 PM,08/25/2022 at 09:47 PM,hemorrhage
120028,Alpha Iota Theta,HI,hemorrhage_nursing_education,all,7/1/2021,9/30/2021,95,100,Range,,08/25/2022 at 09:46 PM,08/25/2022 at 09:46 PM,hemorrhage
120028,Alpha Iota Theta,HI,hemorrhage_nursing_education,all,4/1/2021,6/30/2021,95,100,Range,,08/25/2022 at 09:43 PM,08/25/2022 at 09:43 PM,hemorrhage
120028,Alpha Iota Theta,HI,hemorrhage_nursing_education,all,10/1/2022,12/31/2022,95,100,Range,,03/31/2023 at 03:17 PM,03/31/2023 at 03:17 PM,hemorrhage
120028,Alpha Iota Theta,HI,hemorrhage_nursing_education,all,7/1/2022,9/30/2022,95,100,Range,,12/06/2022 at 07:10 AM,12/06/2022 at 07:10 AM,hemorrhage
120028,Alpha Iota Theta,HI,hemorrhage_nursing_education,all,4/1/2022,6/30/2022,95,100,Range,,08/25/2022 at 09:48 PM,08/25/2022 at 09:48 PM,hemorrhage
120028,Alpha Iota Theta,HI,hemorrhage_provider_education,all,10/1/2022,12/31/2022,95,100,Range,,03/31/2023 at 03:17 PM,03/31/2023 at 03:17 PM,hemorrhage
120028,Alpha Iota Theta,HI,hemorrhage_provider_education,all,7/1/2022,9/30/2022,75,100,Range,,12/06/2022 at 07:10 AM,12/06/2022 at 07:10 AM,hemorrhage
120028,Alpha Iota Theta,HI,hemorrhage_provider_education,all,10/1/2021,12/31/2021,55,100,Range,,08/25/2022 at 09:47 PM,08/25/2022 at 09:47 PM,hemorrhage
120028,Alpha Iota Theta,HI,hemorrhage_provider_education,all,4/1/2022,6/30/2022,95,100,Range,,08/25/2022 at 09:48 PM,08/25/2022 at 09:48 PM,hemorrhage
120028,Alpha Iota Theta,HI,hemorrhage_provider_education,all,7/1/2021,9/30/2021,55,100,Range,,08/25/2022 at 09:46 PM,08/25/2022 at 09:46 PM,hemorrhage
120028,Alpha Iota Theta,HI,hemorrhage_provider_education,all,1/1/2022,3/31/2022,55,100,Range,,08/25/2022 at 09:47 PM,08/25/2022 at 09:47 PM,hemorrhage
120028,Alpha Iota Theta,HI,hemorrhage_provider_education,all,4/1/2021,6/30/2021,55,100,Range,,08/25/2022 at 09:43 PM,08/25/2022 at 09:43 PM,hemorrhage
120028,Alpha Iota Theta,HI,hemorrhage_risk_assessment,all,10/1/2021,12/31/2021,95,100,Range,,08/25/2022 at 09:47 PM,08/25/2022 at 09:47 PM,hemorrhage
120028,Alpha Iota Theta,HI,hemorrhage_risk_assessment,all,7/1/2021,9/30/2021,95,100,Range,,08/25/2022 at 09:46 PM,08/25/2022 at 09:46 PM,hemorrhage
120028,Alpha Iota Theta,HI,hemorrhage_risk_assessment,all,4/1/2021,6/30/2021,95,100,Range,,08/25/2022 at 09:43 PM,08/25/2022 at 09:43 PM,hemorrhage
120028,Alpha Iota Theta,HI,hemorrhage_risk_assessment,all,7/1/2022,9/30/2022,95,100,Range,,12/06/2022 at 07:10 AM,12/06/2022 at 07:10 AM,hemorrhage
120028,Alpha Iota Theta,HI,hemorrhage_risk_assessment,all,4/1/2022,6/30/2022,95,100,Range,,08/25/2022 at 09:48 PM,08/25/2022 at 09:48 PM,hemorrhage
120028,Alpha Iota Theta,HI,hemorrhage_risk_assessment,all,1/1/2022,3/31/2022,95,100,Range,,08/25/2022 at 09:47 PM,08/25/2022 at 09:47 PM,hemorrhage
120028,Alpha Iota Theta,HI,medication_assisted_treatment_referral,all,4/1/2024,6/30/2024,0,0,Numerator/Denominator,,08/07/2024 at 03:48 PM,08/07/2024 at 03:48 PM,cppsud
120028,Alpha Iota Theta,HI,medication_assisted_treatment_referral,all,1/1/2024,3/31/2024,0,0,Numerator/Denominator,,05/14/2024 at 07:08 PM,05/14/2024 at 07:08 PM,cppsud
120028,Alpha Iota Theta,HI,medication_assisted_treatment_referral,all,1/1/2023,3/31/2023,0,0,Numerator/Denominator,,03/08/2024 at 05:45 PM,03/08/2024 at 05:45 PM,cppsud
120028,Alpha Iota Theta,HI,medication_assisted_treatment_referral,all,4/1/2023,6/30/2023,0,0,Numerator/Denominator,,03/08/2024 at 05:44 PM,03/08/2024 at 05:44 PM,cppsud
120028,Alpha Iota Theta,HI,medication_assisted_treatment_referral,all,7/1/2023,9/30/2023,0,0,Numerator/Denominator,,03/08/2024 at 05:42 PM,03/08/2024 at 05:42 PM,cppsud
120028,Alpha Iota Theta,HI,medication_assisted_treatment_referral,all,10/1/2023,12/31/2023,0,0,Numerator/Denominator,,03/07/2024 at 04:44 PM,03/07/2024 at 04:44 PM,cppsud
120028,Alpha Iota Theta,HI,medication_assisted_treatment_referral,all,10/1/2022,12/31/2022,0,0,Numerator/Denominator,,03/31/2023 at 03:20 PM,03/31/2023 at 03:20 PM,cppsud
120028,Alpha Iota Theta,HI,medication_assisted_treatment_referral,all,4/1/2025,6/30/2025,0,0,Numerator/Denominator,,07/17/2025 at 01:40 PM,07/17/2025 at 01:40 PM,cppsud
120028,Alpha Iota Theta,HI,medication_assisted_treatment_referral,all,7/1/2022,9/30/2022,0,0,Numerator/Denominator,,12/06/2022 at 07:12 AM,12/06/2022 at 07:12 AM,cppsud
120028,Alpha Iota Theta,HI,medication_assisted_treatment_referral,all,1/1/2025,3/31/2025,0,0,Numerator/Denominator,,04/23/2025 at 06:31 PM,04/23/2025 at 06:31 PM,cppsud
120028,Alpha Iota Theta,HI,medication_assisted_treatment_referral,all,10/1/2024,12/31/2024,0,1,Numerator/Denominator,,01/27/2025 at 07:40 PM,01/27/2025 at 07:40 PM,cppsud
120028,Alpha Iota Theta,HI,medication_assisted_treatment_referral,all,7/1/2024,9/30/2024,0,0,Numerator/Denominator,,10/24/2024 at 04:18 PM,10/24/2024 at 04:18 PM,cppsud
120028,Alpha Iota Theta,HI,medication_counseling,all,1/1/2023,3/31/2023,0,0,Numerator/Denominator,,03/08/2024 at 05:45 PM,03/08/2024 at 05:45 PM,cppsud
120028,Alpha Iota Theta,HI,medication_counseling,all,4/1/2023,6/30/2023,0,0,Numerator/Denominator,,03/08/2024 at 05:43 PM,03/08/2024 at 05:43 PM,cppsud
120028,Alpha Iota Theta,HI,medication_counseling,all,7/1/2023,9/30/2023,0,0,Numerator/Denominator,,03/08/2024 at 05:42 PM,03/08/2024 at 05:42 PM,cppsud
120028,Alpha Iota Theta,HI,medication_counseling,all,10/1/2023,12/31/2023,0,0,Numerator/Denominator,,03/07/2024 at 04:44 PM,03/07/2024 at 04:44 PM,cppsud
120028,Alpha Iota Theta,HI,medication_counseling,all,10/1/2022,12/31/2022,0,0,Numerator/Denominator,,03/31/2023 at 03:20 PM,03/31/2023 at 03:20 PM,cppsud
120028,Alpha Iota Theta,HI,medication_counseling,all,4/1/2025,6/30/2025,0,0,Numerator/Denominator,,07/17/2025 at 01:40 PM,07/17/2025 at 01:40 PM,cppsud
120028,Alpha Iota Theta,HI,medication_counseling,all,7/1/2022,9/30/2022,0,0,Numerator/Denominator,,12/06/2022 at 07:12 AM,12/06/2022 at 07:12 AM,cppsud
120028,Alpha Iota Theta,HI,medication_counseling,all,1/1/2025,3/31/2025,0,0,Numerator/Denominator,,04/23/2025 at 06:31 PM,04/23/2025 at 06:31 PM,cppsud
120028,Alpha Iota Theta,HI,medication_counseling,all,10/1/2024,12/31/2024,1,1,Numerator/Denominator,,01/27/2025 at 07:40 PM,01/27/2025 at 07:40 PM,cppsud
120028,Alpha Iota Theta,HI,medication_counseling,all,7/1/2024,9/30/2024,0,0,Numerator/Denominator,,10/24/2024 at 04:18 PM,10/24/2024 at 04:18 PM,cppsud
120028,Alpha Iota Theta,HI,medication_counseling,all,4/1/2024,6/30/2024,0,0,Numerator/Denominator,,08/07/2024 at 03:48 PM,08/07/2024 at 03:48 PM,cppsud
120028,Alpha Iota Theta,HI,medication_counseling,all,1/1/2024,3/31/2024,0,0,Numerator/Denominator,,05/14/2024 at 07:08 PM,05/14/2024 at 07:08 PM,cppsud
120028,Alpha Iota Theta,HI,naloxone_counseling,all,4/1/2023,6/30/2023,0,0,Numerator/Denominator,,03/08/2024 at 05:43 PM,03/08/2024 at 05:43 PM,cppsud
120028,Alpha Iota Theta,HI,naloxone_counseling,all,7/1/2023,9/30/2023,0,0,Numerator/Denominator,,03/08/2024 at 05:42 PM,03/08/2024 at 05:42 PM,cppsud
120028,Alpha Iota Theta,HI,naloxone_counseling,all,10/1/2023,12/31/2023,0,0,Numerator/Denominator,,03/07/2024 at 04:44 PM,03/07/2024 at 04:44 PM,cppsud
120028,Alpha Iota Theta,HI,naloxone_counseling,all,10/1/2022,12/31/2022,0,0,Numerator/Denominator,,03/31/2023 at 03:20 PM,03/31/2023 at 03:20 PM,cppsud
120028,Alpha Iota Theta,HI,naloxone_counseling,all,4/1/2025,6/30/2025,0,0,Numerator/Denominator,,07/17/2025 at 01:40 PM,07/17/2025 at 01:40 PM,cppsud
120028,Alpha Iota Theta,HI,naloxone_counseling,all,7/1/2022,9/30/2022,0,0,Numerator/Denominator,,12/06/2022 at 07:12 AM,12/06/2022 at 07:12 AM,cppsud
120028,Alpha Iota Theta,HI,naloxone_counseling,all,1/1/2025,3/31/2025,0,0,Numerator/Denominator,,04/23/2025 at 06:31 PM,04/23/2025 at 06:31 PM,cppsud
120028,Alpha Iota Theta,HI,naloxone_counseling,all,10/1/2024,12/31/2024,1,2,Numerator/Denominator,,01/27/2025 at 07:40 PM,01/27/2025 at 07:40 PM,cppsud
120028,Alpha Iota Theta,HI,naloxone_counseling,all,7/1/2024,9/30/2024,0,0,Numerator/Denominator,,10/24/2024 at 04:18 PM,10/24/2024 at 04:18 PM,cppsud
120028,Alpha Iota Theta,HI,naloxone_counseling,all,4/1/2024,6/30/2024,0,0,Numerator/Denominator,,08/07/2024 at 03:48 PM,08/07/2024 at 03:48 PM,cppsud
120028,Alpha Iota Theta,HI,naloxone_counseling,all,1/1/2024,3/31/2024,0,0,Numerator/Denominator,,05/14/2024 at 07:08 PM,05/14/2024 at 07:08 PM,cppsud
120028,Alpha Iota Theta,HI,naloxone_counseling,all,1/1/2023,3/31/2023,0,0,Numerator/Denominator,,03/08/2024 at 05:45 PM,03/08/2024 at 05:45 PM,cppsud
120028,Alpha Iota Theta,HI,naloxone_prescription,all,7/1/2023,9/30/2023,0,0,Numerator/Denominator,,03/08/2024 at 05:42 PM,03/08/2024 at 05:42 PM,cppsud
120028,Alpha Iota Theta,HI,naloxone_prescription,all,10/1/2023,12/31/2023,0,0,Numerator/Denominator,,03/07/2024 at 04:44 PM,03/07/2024 at 04:44 PM,cppsud
120028,Alpha Iota Theta,HI,naloxone_prescription,all,10/1/2022,12/31/2022,0,0,Numerator/Denominator,,03/31/2023 at 03:20 PM,03/08/2024 at 05:45 PM,cppsud
120028,Alpha Iota Theta,HI,naloxone_prescription,all,4/1/2025,6/30/2025,0,0,Numerator/Denominator,,07/17/2025 at 01:40 PM,07/17/2025 at 01:40 PM,cppsud
120028,Alpha Iota Theta,HI,naloxone_prescription,all,7/1/2022,9/30/2022,0,0,Numerator/Denominator,,12/06/2022 at 07:12 AM,03/08/2024 at 05:46 PM,cppsud
120028,Alpha Iota Theta,HI,naloxone_prescription,all,1/1/2025,3/31/2025,0,0,Numerator/Denominator,,04/23/2025 at 06:31 PM,04/23/2025 at 06:31 PM,cppsud
120028,Alpha Iota Theta,HI,naloxone_prescription,all,10/1/2024,12/31/2024,1,2,Numerator/Denominator,,01/27/2025 at 07:40 PM,01/27/2025 at 07:40 PM,cppsud
120028,Alpha Iota Theta,HI,naloxone_prescription,all,7/1/2024,9/30/2024,0,0,Numerator/Denominator,,10/24/2024 at 04:18 PM,10/24/2024 at 04:18 PM,cppsud
120028,Alpha Iota Theta,HI,naloxone_prescription,all,4/1/2024,6/30/2024,0,0,Numerator/Denominator,,08/07/2024 at 03:48 PM,08/07/2024 at 03:48 PM,cppsud
120028,Alpha Iota Theta,HI,naloxone_prescription,all,1/1/2024,3/31/2024,0,0,Numerator/Denominator,,05/14/2024 at 07:08 PM,05/14/2024 at 07:08 PM,cppsud
120028,Alpha Iota Theta,HI,naloxone_prescription,all,1/1/2023,3/31/2023,0,0,Numerator/Denominator,,03/08/2024 at 05:45 PM,03/08/2024 at 05:45 PM,cppsud
120028,Alpha Iota Theta,HI,naloxone_prescription,all,4/1/2023,6/30/2023,0,0,Numerator/Denominator,,03/08/2024 at 05:43 PM,03/08/2024 at 05:43 PM,cppsud
120028,Alpha Iota Theta,HI,nursing_equity_education,all,10/1/2022,12/31/2022,95,100,Range,,03/31/2023 at 03:17 PM,03/31/2023 at 03:17 PM,"preeclampsia,hemorrhage,cesarean_reduction"
120028,Alpha Iota Theta,HI,other_hypertensive_symptoms_check_scheduling,all,7/1/2022,9/30/2022,3,3,Numerator/Denominator,,12/06/2022 at 07:05 AM,12/06/2022 at 07:05 AM,preeclampsia
120028,Alpha Iota Theta,HI,other_hypertensive_symptoms_check_scheduling,all,10/1/2022,12/31/2022,3,3,Numerator/Denominator,,03/31/2023 at 04:47 PM,03/31/2023 at 04:47 PM,preeclampsia
120028,Alpha Iota Theta,HI,post_hemorrhage_patient_support,all,10/1/2022,12/31/2022,12,12,Numerator/Denominator,,03/31/2023 at 03:17 PM,03/31/2023 at 03:17 PM,hemorrhage
120028,Alpha Iota Theta,HI,post_hemorrhage_patient_support,all,7/1/2022,9/30/2022,3,3,Numerator/Denominator,,12/06/2022 at 07:10 AM,12/06/2022 at 07:10 AM,hemorrhage
120028,Alpha Iota Theta,HI,preeclampsia_emergency_dept_nursing_education,all,10/1/2022,12/31/2022,5,100,Range,,03/31/2023 at 04:45 PM,03/31/2023 at 04:45 PM,preeclampsia
120028,Alpha Iota Theta,HI,preeclampsia_nursing_education,all,10/1/2022,12/31/2022,95,100,Range,,03/31/2023 at 04:45 PM,03/31/2023 at 04:45 PM,"preeclampsia,texas_preeclampsia"
120028,Alpha Iota Theta,HI,preeclampsia_nursing_education,all,7/1/2022,9/30/2022,95,100,Range,,12/06/2022 at 07:05 AM,12/06/2022 at 07:05 AM,"preeclampsia,texas_preeclampsia"
120028,Alpha Iota Theta,HI,preeclampsia_nursing_education,all,1/1/2022,3/31/2022,95,100,Range,,08/28/2022 at 02:22 PM,08/28/2022 at 02:22 PM,"preeclampsia,texas_preeclampsia"
120028,Alpha Iota Theta,HI,preeclampsia_nursing_education,all,7/1/2021,9/30/2021,95,100,Range,,08/26/2022 at 12:28 AM,08/26/2022 at 12:28 AM,"preeclampsia,texas_preeclampsia"
120028,Alpha Iota Theta,HI,preeclampsia_nursing_education,all,4/1/2022,6/30/2022,95,100,Range,,08/25/2022 at 11:28 PM,08/25/2022 at 11:28 PM,"preeclampsia,texas_preeclampsia"
120028,Alpha Iota Theta,HI,preeclampsia_nursing_education,all,4/1/2021,6/30/2021,95,100,Range,,08/25/2022 at 09:41 PM,08/25/2022 at 09:41 PM,"preeclampsia,texas_preeclampsia"
120028,Alpha Iota Theta,HI,preeclampsia_nursing_education,all,10/1/2021,12/31/2021,95,100,Range,,08/25/2022 at 09:33 PM,08/25/2022 at 09:33 PM,"preeclampsia,texas_preeclampsia"
120028,Alpha Iota Theta,HI,preeclampsia_provider_education,all,10/1/2022,12/31/2022,75,100,Range,,03/31/2023 at 04:45 PM,03/31/2023 at 04:45 PM,"preeclampsia,texas_preeclampsia"
120028,Alpha Iota Theta,HI,preeclampsia_provider_education,all,7/1/2022,9/30/2022,75,100,Range,,12/06/2022 at 07:05 AM,12/06/2022 at 07:05 AM,"preeclampsia,texas_preeclampsia"
120028,Alpha Iota Theta,HI,preeclampsia_provider_education,all,1/1/2022,3/31/2022,75,100,Range,,08/28/2022 at 02:22 PM,08/28/2022 at 02:22 PM,"preeclampsia,texas_preeclampsia"
120028,Alpha Iota Theta,HI,preeclampsia_provider_education,all,10/1/2021,12/31/2021,75,100,Range,,08/28/2022 at 02:20 PM,08/28/2022 at 02:20 PM,"preeclampsia,texas_preeclampsia"
120028,Alpha Iota Theta,HI,preeclampsia_provider_education,all,7/1/2021,9/30/2021,55,100,Range,,08/26/2022 at 12:28 AM,08/26/2022 at 12:28 AM,"preeclampsia,texas_preeclampsia"
120028,Alpha Iota Theta,HI,preeclampsia_provider_education,all,4/1/2022,6/30/2022,95,100,Range,,08/25/2022 at 11:28 PM,08/25/2022 at 11:28 PM,"preeclampsia,texas_preeclampsia"
120028,Alpha Iota Theta,HI,preeclampsia_provider_education,all,4/1/2021,6/30/2021,75,100,Range,,08/25/2022 at 10:14 PM,08/25/2022 at 10:43 PM,"preeclampsia,texas_preeclampsia"
120028,Alpha Iota Theta,HI,provider_equity_education,all,10/1/2022,12/31/2022,95,100,Range,,03/31/2023 at 03:17 PM,03/31/2023 at 03:17 PM,"preeclampsia,hemorrhage,cesarean_reduction"
120028,Alpha Iota Theta,HI,quant_blood_loss,all,10/1/2022,12/31/2022,369,369,Numerator/Denominator,,03/31/2023 at 03:17 PM,03/31/2023 at 03:17 PM,hemorrhage
120028,Alpha Iota Theta,HI,quant_blood_loss,all,7/1/2022,9/30/2022,112,112,Numerator/Denominator,,12/06/2022 at 07:10 AM,12/06/2022 at 07:10 AM,hemorrhage
120028,Alpha Iota Theta,HI,quantified_blood_loss,all,4/1/2021,6/30/2021,95,100,Range,,08/25/2022 at 09:43 PM,08/25/2022 at 09:43 PM,hemorrhage
120028,Alpha Iota Theta,HI,quantified_blood_loss,all,7/1/2022,9/30/2022,95,100,Range,,12/06/2022 at 07:10 AM,12/06/2022 at 07:10 AM,hemorrhage
120028,Alpha Iota Theta,HI,quantified_blood_loss,all,4/1/2022,6/30/2022,95,100,Range,,08/25/2022 at 09:48 PM,08/25/2022 at 09:48 PM,hemorrhage
120028,Alpha Iota Theta,HI,quantified_blood_loss,all,1/1/2022,3/31/2022,95,100,Range,,08/25/2022 at 09:47 PM,08/25/2022 at 09:47 PM,hemorrhage
120028,Alpha Iota Theta,HI,quantified_blood_loss,all,10/1/2021,12/31/2021,95,100,Range,,08/25/2022 at 09:47 PM,08/25/2022 at 09:47 PM,hemorrhage
120028,Alpha Iota Theta,HI,quantified_blood_loss,all,7/1/2021,9/30/2021,95,100,Range,,08/25/2022 at 09:46 PM,08/25/2022 at 09:46 PM,hemorrhage
120028,Alpha Iota Theta,HI,recovery_treatment_services_counseling,all,4/1/2023,6/30/2023,0,0,Numerator/Denominator,,03/08/2024 at 05:43 PM,03/08/2024 at 05:43 PM,cppsud
120028,Alpha Iota Theta,HI,recovery_treatment_services_counseling,all,7/1/2023,9/30/2023,0,0,Numerator/Denominator,,03/08/2024 at 05:42 PM,03/08/2024 at 05:42 PM,cppsud
120028,Alpha Iota Theta,HI,recovery_treatment_services_counseling,all,10/1/2023,12/31/2023,0,0,Numerator/Denominator,,03/07/2024 at 04:44 PM,03/07/2024 at 04:44 PM,cppsud
120028,Alpha Iota Theta,HI,recovery_treatment_services_counseling,all,10/1/2022,12/31/2022,0,0,Numerator/Denominator,,03/31/2023 at 03:20 PM,03/31/2023 at 03:20 PM,cppsud
120028,Alpha Iota Theta,HI,recovery_treatment_services_counseling,all,4/1/2025,6/30/2025,0,0,Numerator/Denominator,,07/17/2025 at 01:40 PM,07/17/2025 at 01:40 PM,cppsud
120028,Alpha Iota Theta,HI,recovery_treatment_services_counseling,all,7/1/2022,9/30/2022,0,0,Numerator/Denominator,,12/06/2022 at 07:12 AM,12/06/2022 at 07:12 AM,cppsud
120028,Alpha Iota Theta,HI,recovery_treatment_services_counseling,all,1/1/2025,3/31/2025,0,0,Numerator/Denominator,,04/23/2025 at 06:31 PM,04/23/2025 at 06:31 PM,cppsud
120028,Alpha Iota Theta,HI,recovery_treatment_services_counseling,all,10/1/2024,12/31/2024,2,2,Numerator/Denominator,,01/27/2025 at 07:40 PM,01/27/2025 at 07:40 PM,cppsud
120028,Alpha Iota Theta,HI,recovery_treatment_services_counseling,all,7/1/2024,9/30/2024,0,0,Numerator/Denominator,,10/24/2024 at 04:18 PM,10/24/2024 at 04:18 PM,cppsud
120028,Alpha Iota Theta,HI,recovery_treatment_services_counseling,all,4/1/2024,6/30/2024,0,0,Numerator/Denominator,,08/07/2024 at 03:48 PM,08/07/2024 at 03:48 PM,cppsud
120028,Alpha Iota Theta,HI,recovery_treatment_services_counseling,all,1/1/2024,3/31/2024,0,0,Numerator/Denominator,,05/14/2024 at 07:08 PM,05/14/2024 at 07:08 PM,cppsud
120028,Alpha Iota Theta,HI,recovery_treatment_services_counseling,all,1/1/2023,3/31/2023,0,0,Numerator/Denominator,,03/08/2024 at 05:45 PM,03/08/2024 at 05:45 PM,cppsud
120028,Alpha Iota Theta,HI,recovery_treatment_services_referral,all,7/1/2023,9/30/2023,0,0,Numerator/Denominator,,03/08/2024 at 05:42 PM,03/08/2024 at 05:42 PM,cppsud
120028,Alpha Iota Theta,HI,recovery_treatment_services_referral,all,10/1/2023,12/31/2023,0,0,Numerator/Denominator,,03/07/2024 at 04:44 PM,03/07/2024 at 04:44 PM,cppsud
120028,Alpha Iota Theta,HI,recovery_treatment_services_referral,all,10/1/2022,12/31/2022,0,0,Numerator/Denominator,,03/31/2023 at 03:20 PM,03/31/2023 at 03:20 PM,cppsud
120028,Alpha Iota Theta,HI,recovery_treatment_services_referral,all,4/1/2025,6/30/2025,0,0,Numerator/Denominator,,07/17/2025 at 01:40 PM,07/17/2025 at 01:40 PM,cppsud
120028,Alpha Iota Theta,HI,recovery_treatment_services_referral,all,7/1/2022,9/30/2022,0,0,Numerator/Denominator,,12/06/2022 at 07:12 AM,12/06/2022 at 07:12 AM,cppsud
120028,Alpha Iota Theta,HI,recovery_treatment_services_referral,all,1/1/2025,3/31/2025,0,0,Numerator/Denominator,,04/23/2025 at 06:31 PM,04/23/2025 at 06:31 PM,cppsud
120028,Alpha Iota Theta,HI,recovery_treatment_services_referral,all,10/1/2024,12/31/2024,0,2,Numerator/Denominator,,01/27/2025 at 07:40 PM,01/27/2025 at 07:40 PM,cppsud
120028,Alpha Iota Theta,HI,recovery_treatment_services_referral,all,7/1/2024,9/30/2024,0,0,Numerator/Denominator,,10/24/2024 at 04:18 PM,10/24/2024 at 04:18 PM,cppsud
120028,Alpha Iota Theta,HI,recovery_treatment_services_referral,all,4/1/2024,6/30/2024,0,0,Numerator/Denominator,,08/07/2024 at 03:48 PM,08/07/2024 at 03:48 PM,cppsud
120028,Alpha Iota Theta,HI,recovery_treatment_services_referral,all,1/1/2024,3/31/2024,0,0,Numerator/Denominator,,05/14/2024 at 07:08 PM,05/14/2024 at 07:08 PM,cppsud
120028,Alpha Iota Theta,HI,recovery_treatment_services_referral,all,1/1/2023,3/31/2023,0,0,Numerator/Denominator,,03/08/2024 at 05:45 PM,03/08/2024 at 05:45 PM,cppsud
120028,Alpha Iota Theta,HI,recovery_treatment_services_referral,all,4/1/2023,6/30/2023,0,0,Numerator/Denominator,,03/08/2024 at 05:43 PM,03/08/2024 at 05:43 PM,cppsud
120028,Alpha Iota Theta,HI,respectful_equitable_care_provider_and_nursing_education,all,10/1/2023,12/31/2023,65,100,Range,,03/07/2024 at 04:44 PM,03/08/2024 at 04:33 PM,"cppsud,ppdt,ccoc,sepsis,mental_health"
120028,Alpha Iota Theta,HI,respectful_equitable_care_provider_and_nursing_education,all,10/1/2022,12/31/2022,5,100,Range,,03/31/2023 at 03:20 PM,03/08/2024 at 05:45 PM,"cppsud,ppdt,ccoc,sepsis,mental_health"
120028,Alpha Iota Theta,HI,respectful_equitable_care_provider_and_nursing_education,all,4/1/2025,6/30/2025,75,100,Range,,07/17/2025 at 01:40 PM,07/17/2025 at 01:40 PM,"cppsud,ppdt,ccoc,sepsis,mental_health"
120028,Alpha Iota Theta,HI,respectful_equitable_care_provider_and_nursing_education,all,7/1/2022,9/30/2022,5,100,Range,,12/06/2022 at 07:12 AM,03/08/2024 at 05:46 PM,"cppsud,ppdt,ccoc,sepsis,mental_health"
120028,Alpha Iota Theta,HI,respectful_equitable_care_provider_and_nursing_education,all,1/1/2025,3/31/2025,75,100,Range,,04/23/2025 at 06:31 PM,04/23/2025 at 06:31 PM,"cppsud,ppdt,ccoc,sepsis,mental_health"
120028,Alpha Iota Theta,HI,respectful_equitable_care_provider_and_nursing_education,all,10/1/2024,12/31/2024,75,100,Range,,01/27/2025 at 07:40 PM,01/27/2025 at 07:40 PM,"cppsud,ppdt,ccoc,sepsis,mental_health"
120028,Alpha Iota Theta,HI,respectful_equitable_care_provider_and_nursing_education,all,7/1/2024,9/30/2024,65,100,Range,,10/24/2024 at 04:18 PM,10/24/2024 at 04:18 PM,"cppsud,ppdt,ccoc,sepsis,mental_health"
120028,Alpha Iota Theta,HI,respectful_equitable_care_provider_and_nursing_education,all,4/1/2024,6/30/2024,65,100,Range,,08/07/2024 at 03:48 PM,08/07/2024 at 03:48 PM,"cppsud,ppdt,ccoc,sepsis,mental_health"
120028,Alpha Iota Theta,HI,respectful_equitable_care_provider_and_nursing_education,all,1/1/2024,3/31/2024,65,100,Range,,05/14/2024 at 07:08 PM,05/14/2024 at 07:08 PM,"cppsud,ppdt,ccoc,sepsis,mental_health"
120028,Alpha Iota Theta,HI,respectful_equitable_care_provider_and_nursing_education,all,1/1/2023,3/31/2023,55,100,Range,,03/08/2024 at 05:45 PM,03/08/2024 at 05:45 PM,"cppsud,ppdt,ccoc,sepsis,mental_health"
120028,Alpha Iota Theta,HI,respectful_equitable_care_provider_and_nursing_education,all,4/1/2023,6/30/2023,65,100,Range,,03/08/2024 at 05:43 PM,03/08/2024 at 05:43 PM,"cppsud,ppdt,ccoc,sepsis,mental_health"
120028,Alpha Iota Theta,HI,respectful_equitable_care_provider_and_nursing_education,all,7/1/2023,9/30/2023,65,100,Range,,03/08/2024 at 05:42 PM,03/08/2024 at 05:42 PM,"cppsud,ppdt,ccoc,sepsis,mental_health"
120028,Alpha Iota Theta,HI,severe_htn_treatment,micronesian,1/1/2022,3/31/2022,2,2,Numerator/Denominator,,08/28/2022 at 02:22 PM,08/28/2022 at 02:22 PM,"preeclampsia,texas_preeclampsia"
120028,Alpha Iota Theta,HI,severe_htn_treatment,white,7/1/2021,9/30/2021,2,3,Numerator/Denominator,,08/26/2022 at 12:28 AM,08/26/2022 at 12:28 AM,"preeclampsia,texas_preeclampsia"
120028,Alpha Iota Theta,HI,severe_htn_treatment,all,4/1/2021,6/30/2021,4,6,Numerator/Denominator,,08/25/2022 at 10:14 PM,08/25/2022 at 11:26 PM,"preeclampsia,texas_preeclampsia"
120028,Alpha Iota Theta,HI,severe_htn_treatment,other_asian,7/1/2021,9/30/2021,,1,Numerator/Denominator,,08/26/2022 at 12:28 AM,08/26/2022 at 12:28 AM,"preeclampsia,texas_preeclampsia"
120028,Alpha Iota Theta,HI,severe_htn_treatment,hispanic,4/1/2022,6/30/2022,1,1,Numerator/Denominator,,08/25/2022 at 11:45 PM,08/25/2022 at 11:45 PM,"preeclampsia,texas_preeclampsia"
120028,Alpha Iota Theta,HI,severe_htn_treatment,other_asian,4/1/2022,6/30/2022,2,2,Numerator/Denominator,,08/25/2022 at 11:45 PM,08/25/2022 at 11:45 PM,"preeclampsia,texas_preeclampsia"
120028,Alpha Iota Theta,HI,severe_htn_treatment,all,10/1/2022,12/31/2022,1,3,Numerator/Denominator,,03/31/2023 at 04:08 PM,03/31/2023 at 04:45 PM,"preeclampsia,texas_preeclampsia"
120028,Alpha Iota Theta,HI,severe_htn_treatment,other_asian,4/1/2021,6/30/2021,1,2,Numerator/Denominator,,08/25/2022 at 11:26 PM,08/25/2022 at 11:26 PM,"preeclampsia,texas_preeclampsia"
120028,Alpha Iota Theta,HI,severe_htn_treatment,all,7/1/2022,9/30/2022,3,3,Numerator/Denominator,,12/06/2022 at 07:03 AM,12/06/2022 at 07:03 AM,"preeclampsia,texas_preeclampsia"
120028,Alpha Iota Theta,HI,severe_htn_treatment,filipino,10/1/2022,12/31/2022,,1,Numerator/Denominator,,03/31/2023 at 04:45 PM,03/31/2023 at 04:45 PM,"preeclampsia,texas_preeclampsia"
120028,Alpha Iota Theta,HI,severe_htn_treatment,filipino,1/1/2022,3/31/2022,0,1,Numerator/Denominator,,08/28/2022 at 02:22 PM,08/28/2022 at 02:22 PM,"preeclampsia,texas_preeclampsia"
120028,Alpha Iota Theta,HI,severe_htn_treatment,native_hawaiian,1/1/2022,3/31/2022,1,1,Numerator/Denominator,,08/28/2022 at 02:22 PM,08/28/2022 at 02:22 PM,"preeclampsia,texas_preeclampsia"
120028,Alpha Iota Theta,HI,severe_htn_treatment,filipino,10/1/2021,12/31/2021,2,3,Numerator/Denominator,,08/28/2022 at 02:20 PM,08/28/2022 at 02:20 PM,"preeclampsia,texas_preeclampsia"
120028,Alpha Iota Theta,HI,severe_htn_treatment,native_hawaiian,10/1/2021,12/31/2021,3,4,Numerator/Denominator,,08/28/2022 at 02:20 PM,08/28/2022 at 02:20 PM,"preeclampsia,texas_preeclampsia"
120028,Alpha Iota Theta,HI,severe_htn_treatment,all,1/1/2022,3/31/2022,4,6,Numerator/Denominator,,08/28/2022 at 02:22 PM,08/28/2022 at 02:22 PM,"preeclampsia,texas_preeclampsia"
120028,Alpha Iota Theta,HI,severe_htn_treatment,filipino,4/1/2021,6/30/2021,,1,Numerator/Denominator,,08/25/2022 at 10:43 PM,08/25/2022 at 10:43 PM,"preeclampsia,texas_preeclampsia"
120028,Alpha Iota Theta,HI,severe_htn_treatment,native_hawaiian,7/1/2021,9/30/2021,1,2,Numerator/Denominator,,08/26/2022 at 12:28 AM,08/26/2022 at 12:28 AM,"preeclampsia,texas_preeclampsia"
120028,Alpha Iota Theta,HI,severe_htn_treatment,unknown,4/1/2021,6/30/2021,1,1,Numerator/Denominator,,08/25/2022 at 10:43 PM,08/25/2022 at 10:43 PM,"preeclampsia,texas_preeclampsia"
120028,Alpha Iota Theta,HI,severe_htn_treatment,all,10/1/2021,12/31/2021,5,7,Numerator/Denominator,,08/28/2022 at 02:20 PM,08/28/2022 at 02:20 PM,"preeclampsia,texas_preeclampsia"
120028,Alpha Iota Theta,HI,severe_htn_treatment,native_hawaiian,4/1/2022,6/30/2022,,2,Numerator/Denominator,,08/25/2022 at 11:45 PM,08/25/2022 at 11:45 PM,"preeclampsia,texas_preeclampsia"
120028,Alpha Iota Theta,HI,severe_htn_treatment,white,10/1/2022,12/31/2022,1,2,Numerator/Denominator,,03/31/2023 at 04:08 PM,03/31/2023 at 04:08 PM,"preeclampsia,texas_preeclampsia"
120028,Alpha Iota Theta,HI,severe_htn_treatment,all,7/1/2021,9/30/2021,3,6,Numerator/Denominator,,08/26/2022 at 12:28 AM,08/26/2022 at 12:28 AM,"preeclampsia,texas_preeclampsia"
120028,Alpha Iota Theta,HI,severe_htn_treatment,native_hawaiian,4/1/2021,6/30/2021,2,2,Numerator/Denominator,,08/25/2022 at 10:28 PM,08/25/2022 at 10:43 PM,"preeclampsia,texas_preeclampsia"
120028,Alpha Iota Theta,HI,severe_htn_treatment,white,1/1/2022,3/31/2022,1,2,Numerator/Denominator,,08/28/2022 at 02:22 PM,08/28/2022 at 02:22 PM,"preeclampsia,texas_preeclampsia"
120028,Alpha Iota Theta,HI,severe_htn_treatment,all,4/1/2022,6/30/2022,3,5,Numerator/Denominator,,08/25/2022 at 11:28 PM,08/25/2022 at 11:45 PM,"preeclampsia,texas_preeclampsia"
120028,Alpha Iota Theta,HI,severe_hypertension_symptoms_check_scheduling,all,10/1/2022,12/31/2022,3,3,Numerator/Denominator,,03/31/2023 at 04:45 PM,03/31/2023 at 04:45 PM,preeclampsia
120028,Alpha Iota Theta,HI,severe_hypertension_symptoms_check_scheduling,all,7/1/2022,9/30/2022,0,3,Numerator/Denominator,,12/06/2022 at 07:05 AM,12/06/2022 at 07:05 AM,preeclampsia
120028,Alpha Iota Theta,HI,sud_provider_and_nursing_education,all,7/1/2023,9/30/2023,15,100,Range,,03/08/2024 at 05:42 PM,03/08/2024 at 05:42 PM,cppsud
120028,Alpha Iota Theta,HI,sud_provider_and_nursing_education,all,10/1/2023,12/31/2023,15,100,Range,,03/07/2024 at 04:44 PM,03/07/2024 at 04:44 PM,cppsud
120028,Alpha Iota Theta,HI,sud_provider_and_nursing_education,all,10/1/2022,12/31/2022,5,100,Range,,03/31/2023 at 03:20 PM,03/08/2024 at 05:45 PM,cppsud
120028,Alpha Iota Theta,HI,sud_provider_and_nursing_education,all,4/1/2025,6/30/2025,55,100,Range,,07/17/2025 at 01:40 PM,07/17/2025 at 01:40 PM,cppsud
120028,Alpha Iota Theta,HI,sud_provider_and_nursing_education,all,7/1/2022,9/30/2022,5,100,Range,,12/06/2022 at 07:12 AM,03/08/2024 at 05:46 PM,cppsud
120028,Alpha Iota Theta,HI,sud_provider_and_nursing_education,all,1/1/2025,3/31/2025,55,100,Range,,04/23/2025 at 06:31 PM,04/23/2025 at 06:31 PM,cppsud
120028,Alpha Iota Theta,HI,sud_provider_and_nursing_education,all,10/1/2024,12/31/2024,55,100,Range,,01/27/2025 at 07:40 PM,01/27/2025 at 07:40 PM,cppsud
120028,Alpha Iota Theta,HI,sud_provider_and_nursing_education,all,7/1/2024,9/30/2024,15,100,Range,,10/24/2024 at 04:18 PM,10/24/2024 at 04:18 PM,cppsud
120028,Alpha Iota Theta,HI,sud_provider_and_nursing_education,all,4/1/2024,6/30/2024,15,100,Range,,08/07/2024 at 03:48 PM,08/07/2024 at 03:48 PM,cppsud
120028,Alpha Iota Theta,HI,sud_provider_and_nursing_education,all,1/1/2024,3/31/2024,15,100,Range,,05/14/2024 at 07:08 PM,05/14/2024 at 07:08 PM,cppsud
120028,Alpha Iota Theta,HI,sud_provider_and_nursing_education,all,1/1/2023,3/31/2023,15,100,Range,,03/08/2024 at 05:45 PM,03/08/2024 at 05:45 PM,cppsud
120028,Alpha Iota Theta,HI,sud_provider_and_nursing_education,all,4/1/2023,6/30/2023,15,100,Range,,03/08/2024 at 05:43 PM,03/08/2024 at 05:43 PM,cppsud
120028,Alpha Iota Theta,HI,sud_universal_screening,all,10/1/2022,12/31/2022,0,369,Numerator/Denominator,,03/31/2023 at 03:20 PM,03/31/2023 at 03:20 PM,cppsud
120028,Alpha Iota Theta,HI,sud_universal_screening,all,4/1/2025,6/30/2025,50,90,Numerator/Denominator,,07/17/2025 at 01:40 PM,07/17/2025 at 01:40 PM,cppsud
120028,Alpha Iota Theta,HI,sud_universal_screening,all,7/1/2022,9/30/2022,0,112,Numerator/Denominator,,12/06/2022 at 07:12 AM,12/06/2022 at 07:12 AM,cppsud
120028,Alpha Iota Theta,HI,sud_universal_screening,all,1/1/2025,3/31/2025,25,80,Numerator/Denominator,,04/23/2025 at 06:31 PM,04/23/2025 at 06:31 PM,cppsud
120028,Alpha Iota Theta,HI,sud_universal_screening,all,10/1/2024,12/31/2024,21,57,Numerator/Denominator,,01/27/2025 at 07:40 PM,01/27/2025 at 07:40 PM,cppsud
120028,Alpha Iota Theta,HI,sud_universal_screening,all,7/1/2024,9/30/2024,0,98,Numerator/Denominator,,10/24/2024 at 04:18 PM,10/24/2024 at 04:18 PM,cppsud
120028,Alpha Iota Theta,HI,sud_universal_screening,all,4/1/2024,6/30/2024,0,96,Numerator/Denominator,,08/07/2024 at 03:48 PM,08/07/2024 at 03:48 PM,cppsud
120028,Alpha Iota Theta,HI,sud_universal_screening,all,1/1/2024,3/31/2024,0,100,Numerator/Denominator,,05/14/2024 at 07:08 PM,05/14/2024 at 07:08 PM,cppsud
120028,Alpha Iota Theta,HI,sud_universal_screening,all,1/1/2023,3/31/2023,0,0,Numerator/Denominator,,03/08/2024 at 05:45 PM,03/08/2024 at 05:45 PM,cppsud
120028,Alpha Iota Theta,HI,sud_universal_screening,all,4/1/2023,6/30/2023,0,93,Numerator/Denominator,,03/08/2024 at 05:43 PM,03/08/2024 at 05:43 PM,cppsud
120028,Alpha Iota Theta,HI,sud_universal_screening,all,7/1/2023,9/30/2023,0,98,Numerator/Denominator,,03/08/2024 at 05:42 PM,03/08/2024 at 05:42 PM,cppsud
120028,Alpha Iota Theta,HI,sud_universal_screening,all,10/1/2023,12/31/2023,0,107,Numerator/Denominator,,03/07/2024 at 04:44 PM,03/07/2024 at 04:44 PM,cppsud
120028,Alpha Iota Theta,HI,topics_covered_hemorrhage,all,10/1/2021,12/31/2021,1,1,Numerator/Denominator,,08/25/2022 at 09:33 PM,08/25/2022 at 09:33 PM,"preeclampsia,hemorrhage"
120028,Alpha Iota Theta,HI,topics_covered_hemorrhage,all,10/1/2022,12/31/2022,1,1,Numerator/Denominator,,03/31/2023 at 03:17 PM,03/31/2023 at 03:17 PM,"preeclampsia,hemorrhage"
120028,Alpha Iota Theta,HI,topics_covered_hemorrhage,all,7/1/2022,9/30/2022,0,1,Numerator/Denominator,,12/06/2022 at 07:03 AM,12/06/2022 at 07:03 AM,"preeclampsia,hemorrhage"
120028,Alpha Iota Theta,HI,topics_covered_hemorrhage,all,4/1/2022,6/30/2022,0,1,Numerator/Denominator,,08/25/2022 at 09:48 PM,08/25/2022 at 09:48 PM,"preeclampsia,hemorrhage"
120028,Alpha Iota Theta,HI,topics_covered_hemorrhage,all,1/1/2022,3/31/2022,0,1,Numerator/Denominator,,08/25/2022 at 09:47 PM,08/25/2022 at 09:47 PM,"preeclampsia,hemorrhage"
120028,Alpha Iota Theta,HI,topics_covered_hemorrhage,all,4/1/2021,6/30/2021,0,1,Numerator/Denominator,,08/25/2022 at 09:43 PM,08/25/2022 at 09:43 PM,"preeclampsia,hemorrhage"
120028,Alpha Iota Theta,HI,topics_covered_hemorrhage,all,7/1/2021,9/30/2021,0,1,Numerator/Denominator,,08/25/2022 at 09:35 PM,08/25/2022 at 09:35 PM,"preeclampsia,hemorrhage"
120028,Alpha Iota Theta,HI,topics_covered_other,all,4/1/2022,6/30/2022,0,1,Numerator/Denominator,,08/25/2022 at 09:48 PM,08/25/2022 at 09:48 PM,"preeclampsia,hemorrhage"
120028,Alpha Iota Theta,HI,topics_covered_other,all,1/1/2022,3/31/2022,0,1,Numerator/Denominator,,08/25/2022 at 09:47 PM,08/25/2022 at 09:47 PM,"preeclampsia,hemorrhage"
120028,Alpha Iota Theta,HI,topics_covered_other,all,4/1/2021,6/30/2021,0,1,Numerator/Denominator,,08/25/2022 at 09:43 PM,08/25/2022 at 09:43 PM,"preeclampsia,hemorrhage"
120028,Alpha Iota Theta,HI,topics_covered_other,all,7/1/2021,9/30/2021,1,1,Numerator/Denominator,,08/25/2022 at 09:35 PM,08/25/2022 at 09:35 PM,"preeclampsia,hemorrhage"
120028,Alpha Iota Theta,HI,topics_covered_other,all,10/1/2021,12/31/2021,1,1,Numerator/Denominator,,08/25/2022 at 09:33 PM,08/25/2022 at 09:33 PM,"preeclampsia,hemorrhage"
120028,Alpha Iota Theta,HI,topics_covered_other,all,10/1/2022,12/31/2022,1,1,Numerator/Denominator,,03/31/2023 at 03:17 PM,03/31/2023 at 03:17 PM,"preeclampsia,hemorrhage"
120028,Alpha Iota Theta,HI,topics_covered_other,all,7/1/2022,9/30/2022,1,1,Numerator/Denominator,,12/06/2022 at 07:03 AM,12/06/2022 at 07:03 AM,"preeclampsia,hemorrhage"
120028,Alpha Iota Theta,HI,topics_covered_severe_hypertension,all,10/1/2022,12/31/2022,1,1,Numerator/Denominator,,03/31/2023 at 03:17 PM,03/31/2023 at 03:17 PM,"preeclampsia,hemorrhage"
120028,Alpha Iota Theta,HI,topics_covered_severe_hypertension,all,1/1/2022,3/31/2022,0,1,Numerator/Denominator,,08/25/2022 at 09:47 PM,08/25/2022 at 09:47 PM,"preeclampsia,hemorrhage"
120028,Alpha Iota Theta,HI,topics_covered_severe_hypertension,all,7/1/2022,9/30/2022,1,1,Numerator/Denominator,,12/06/2022 at 07:03 AM,12/06/2022 at 07:03 AM,"preeclampsia,hemorrhage"
120028,Alpha Iota Theta,HI,topics_covered_severe_hypertension,all,4/1/2021,6/30/2021,0,1,Numerator/Denominator,,08/25/2022 at 09:43 PM,08/25/2022 at 09:43 PM,"preeclampsia,hemorrhage"
120028,Alpha Iota Theta,HI,topics_covered_severe_hypertension,all,4/1/2022,6/30/2022,0,1,Numerator/Denominator,,08/25/2022 at 09:48 PM,08/25/2022 at 09:48 PM,"preeclampsia,hemorrhage"
120028,Alpha Iota Theta,HI,topics_covered_severe_hypertension,all,7/1/2021,9/30/2021,0,1,Numerator/Denominator,,08/25/2022 at 09:35 PM,08/25/2022 at 09:35 PM,"preeclampsia,hemorrhage"
120028,Alpha Iota Theta,HI,topics_covered_severe_hypertension,all,10/1/2021,12/31/2021,1,1,Numerator/Denominator,,08/25/2022 at 09:33 PM,08/25/2022 at 09:33 PM,"preeclampsia,hemorrhage"
120028,Alpha Iota Theta,HI,unit_drill_count,all,4/1/2021,6/30/2021,0,1,Raw Value,,08/25/2022 at 09:43 PM,08/25/2022 at 09:43 PM,"preeclampsia,hemorrhage,texas_preeclampsia"
120028,Alpha Iota Theta,HI,unit_drill_count,all,7/1/2021,9/30/2021,1,1,Raw Value,,08/25/2022 at 09:35 PM,08/25/2022 at 09:35 PM,"preeclampsia,hemorrhage,texas_preeclampsia"
120028,Alpha Iota Theta,HI,unit_drill_count,all,10/1/2021,12/31/2021,3,1,Raw Value,,08/25/2022 at 09:31 PM,08/25/2022 at 09:31 PM,"preeclampsia,hemorrhage,texas_preeclampsia"
120028,Alpha Iota Theta,HI,unit_drill_count,all,1/1/2022,3/31/2022,0,1,Raw Value,,08/25/2022 at 09:47 PM,08/25/2022 at 09:47 PM,"preeclampsia,hemorrhage,texas_preeclampsia"
120028,Alpha Iota Theta,HI,unit_drill_count,all,4/1/2022,6/30/2022,0,1,Raw Value,,08/25/2022 at 09:48 PM,08/25/2022 at 09:48 PM,"preeclampsia,hemorrhage,texas_preeclampsia"
120028,Alpha Iota Theta,HI,unit_drill_count,all,7/1/2022,9/30/2022,2,1,Raw Value,,12/06/2022 at 07:03 AM,12/06/2022 at 07:03 AM,"preeclampsia,hemorrhage,texas_preeclampsia"
120028,Alpha Iota Theta,HI,unit_drill_count,all,10/1/2022,12/31/2022,3,1,Raw Value,,03/31/2023 at 03:17 PM,03/31/2023 at 03:17 PM,"preeclampsia,hemorrhage,texas_preeclampsia"
120028,Alpha Iota Theta,HI,warning_signs_patient_education,all,10/1/2022,12/31/2022,5,1,Raw Value,,03/31/2023 at 12:37 PM,03/31/2023 at 12:37 PM,
121300,Iota Beta Rho,HI,biological_parent_discharge,all,1/1/2025,3/31/2025,0,0,Numerator/Denominator,,05/30/2025 at 09:07 PM,05/30/2025 at 09:07 PM,cppsud
121300,Iota Beta Rho,HI,biological_parent_discharge,all,10/1/2024,12/31/2024,0,0,Numerator/Denominator,,01/31/2025 at 03:46 PM,01/31/2025 at 03:46 PM,cppsud
121300,Iota Beta Rho,HI,biological_parent_discharge,all,7/1/2024,9/30/2024,0,0,Numerator/Denominator,,11/01/2024 at 08:53 PM,11/01/2024 at 08:53 PM,cppsud
121300,Iota Beta Rho,HI,biological_parent_discharge,all,4/1/2024,6/30/2024,0,0,Numerator/Denominator,,08/19/2024 at 09:08 PM,08/19/2024 at 09:08 PM,cppsud
121300,Iota Beta Rho,HI,biological_parent_discharge,all,1/1/2024,3/31/2024,0,1,Numerator/Denominator,,06/05/2024 at 10:13 PM,06/05/2024 at 10:13 PM,cppsud
121300,Iota Beta Rho,HI,biological_parent_discharge,all,10/1/2023,12/31/2023,0,0,Numerator/Denominator,,02/27/2024 at 08:30 PM,02/27/2024 at 08:30 PM,cppsud
121300,Iota Beta Rho,HI,biological_parent_discharge,all,7/1/2023,9/30/2023,0,0,Numerator/Denominator,,01/02/2024 at 05:03 PM,01/02/2024 at 05:03 PM,cppsud
121300,Iota Beta Rho,HI,biological_parent_discharge,all,4/1/2023,6/30/2023,0,0,Numerator/Denominator,,09/18/2023 at 03:29 PM,09/18/2023 at 03:29 PM,cppsud
121300,Iota Beta Rho,HI,biological_parent_discharge,all,1/1/2023,3/31/2023,0,0,Numerator/Denominator,,09/18/2023 at 03:28 PM,09/18/2023 at 03:28 PM,cppsud
121300,Iota Beta Rho,HI,biological_parent_discharge,all,10/1/2022,12/31/2022,0,0,Numerator/Denominator,,01/31/2023 at 01:37 PM,01/31/2023 at 01:37 PM,cppsud
121300,Iota Beta Rho,HI,biological_parent_discharge,all,4/1/2025,6/30/2025,0,0,Numerator/Denominator,,07/30/2025 at 08:36 PM,07/30/2025 at 08:36 PM,cppsud
121300,Iota Beta Rho,HI,biological_parent_discharge,all,7/1/2022,9/30/2022,0,0,Numerator/Denominator,,01/31/2023 at 01:34 PM,01/31/2023 at 01:34 PM,cppsud
121300,Iota Beta Rho,HI,hem_risk_assessment,all,10/1/2022,12/31/2022,65,65,Numerator/Denominator,,01/31/2023 at 12:49 PM,01/31/2023 at 02:03 PM,hemorrhage
121300,Iota Beta Rho,HI,hemorrhage_nursing_education,all,10/1/2022,12/31/2022,95,100,Range,,01/31/2023 at 12:46 PM,01/31/2023 at 12:46 PM,hemorrhage
121300,Iota Beta Rho,HI,hemorrhage_nursing_education,all,7/1/2022,9/30/2022,95,100,Range,,11/01/2022 at 08:14 PM,11/01/2022 at 08:14 PM,hemorrhage
121300,Iota Beta Rho,HI,hemorrhage_nursing_education,all,4/1/2022,6/30/2022,95,100,Range,,08/29/2022 at 03:08 PM,08/29/2022 at 03:08 PM,hemorrhage
121300,Iota Beta Rho,HI,hemorrhage_nursing_education,all,1/1/2022,3/31/2022,95,100,Range,,06/09/2022 at 05:53 PM,06/09/2022 at 05:53 PM,hemorrhage
121300,Iota Beta Rho,HI,hemorrhage_nursing_education,all,10/1/2021,12/31/2021,95,100,Range,,03/22/2022 at 03:17 PM,03/22/2022 at 03:17 PM,hemorrhage
121300,Iota Beta Rho,HI,hemorrhage_nursing_education,all,7/1/2021,9/30/2021,95,100,Range,,10/15/2021 at 07:25 PM,10/15/2021 at 07:25 PM,hemorrhage
121300,Iota Beta Rho,HI,hemorrhage_nursing_education,all,4/1/2021,6/30/2021,95,100,Range,,10/15/2021 at 07:25 PM,10/15/2021 at 07:25 PM,hemorrhage
121300,Iota Beta Rho,HI,hemorrhage_nursing_education_and_protocol,all,7/1/2021,9/30/2021,95,100,Range,,10/15/2021 at 07:25 PM,10/15/2021 at 07:25 PM,hemorrhage
121300,Iota Beta Rho,HI,hemorrhage_nursing_education_and_protocol,all,4/1/2021,6/30/2021,95,100,Range,,10/15/2021 at 07:25 PM,10/15/2021 at 07:25 PM,hemorrhage
121300,Iota Beta Rho,HI,hemorrhage_provider_education,all,10/1/2022,12/31/2022,95,100,Range,,01/31/2023 at 12:46 PM,01/31/2023 at 12:46 PM,hemorrhage
121300,Iota Beta Rho,HI,hemorrhage_provider_education,all,7/1/2022,9/30/2022,95,100,Range,,11/01/2022 at 08:14 PM,11/01/2022 at 08:14 PM,hemorrhage
121300,Iota Beta Rho,HI,hemorrhage_provider_education,all,4/1/2022,6/30/2022,95,100,Range,,08/29/2022 at 03:08 PM,08/29/2022 at 03:08 PM,hemorrhage
121300,Iota Beta Rho,HI,hemorrhage_provider_education,all,1/1/2022,3/31/2022,95,100,Range,,06/09/2022 at 05:53 PM,06/09/2022 at 05:53 PM,hemorrhage
121300,Iota Beta Rho,HI,hemorrhage_provider_education,all,10/1/2021,12/31/2021,95,100,Range,,03/22/2022 at 03:17 PM,03/22/2022 at 03:17 PM,hemorrhage
121300,Iota Beta Rho,HI,hemorrhage_provider_education,all,7/1/2021,9/30/2021,95,100,Range,,10/15/2021 at 07:25 PM,10/15/2021 at 07:25 PM,hemorrhage
121300,Iota Beta Rho,HI,hemorrhage_provider_education,all,4/1/2021,6/30/2021,95,100,Range,,10/15/2021 at 07:25 PM,10/15/2021 at 07:25 PM,hemorrhage
121300,Iota Beta Rho,HI,hemorrhage_provider_education_and_protocol,all,7/1/2021,9/30/2021,75,100,Range,,10/15/2021 at 07:25 PM,10/15/2021 at 07:25 PM,hemorrhage
121300,Iota Beta Rho,HI,hemorrhage_provider_education_and_protocol,all,4/1/2021,6/30/2021,75,100,Range,,10/15/2021 at 07:25 PM,10/15/2021 at 07:25 PM,hemorrhage
121300,Iota Beta Rho,HI,hemorrhage_risk_assessment,all,4/1/2021,6/30/2021,95,100,Range,,10/15/2021 at 07:25 PM,10/15/2021 at 07:25 PM,hemorrhage
121300,Iota Beta Rho,HI,hemorrhage_risk_assessment,all,7/1/2022,9/30/2022,95,100,Range,,11/01/2022 at 08:14 PM,11/01/2022 at 08:14 PM,hemorrhage
121300,Iota Beta Rho,HI,hemorrhage_risk_assessment,all,4/1/2022,6/30/2022,95,100,Range,,08/29/2022 at 03:08 PM,08/29/2022 at 03:08 PM,hemorrhage
121300,Iota Beta Rho,HI,hemorrhage_risk_assessment,all,1/1/2022,3/31/2022,95,100,Range,,06/09/2022 at 05:53 PM,06/09/2022 at 05:53 PM,hemorrhage
121300,Iota Beta Rho,HI,hemorrhage_risk_assessment,all,10/1/2021,12/31/2021,95,100,Range,,03/22/2022 at 03:17 PM,03/22/2022 at 03:17 PM,hemorrhage
121300,Iota Beta Rho,HI,hemorrhage_risk_assessment,all,7/1/2021,9/30/2021,95,100,Range,,10/15/2021 at 07:25 PM,10/15/2021 at 07:25 PM,hemorrhage
121300,Iota Beta Rho,HI,medication_assisted_treatment_referral,all,10/1/2023,12/31/2023,0,0,Numerator/Denominator,,02/27/2024 at 08:30 PM,02/27/2024 at 08:30 PM,cppsud
121300,Iota Beta Rho,HI,medication_assisted_treatment_referral,all,7/1/2023,9/30/2023,0,0,Numerator/Denominator,,01/02/2024 at 05:03 PM,01/02/2024 at 05:03 PM,cppsud
121300,Iota Beta Rho,HI,medication_assisted_treatment_referral,all,4/1/2023,6/30/2023,0,0,Numerator/Denominator,,09/18/2023 at 03:29 PM,09/18/2023 at 03:29 PM,cppsud
121300,Iota Beta Rho,HI,medication_assisted_treatment_referral,all,1/1/2023,3/31/2023,2,2,Numerator/Denominator,,09/18/2023 at 03:28 PM,09/18/2023 at 03:28 PM,cppsud
121300,Iota Beta Rho,HI,medication_assisted_treatment_referral,all,10/1/2022,12/31/2022,0,0,Numerator/Denominator,,01/31/2023 at 01:37 PM,01/31/2023 at 01:37 PM,cppsud
121300,Iota Beta Rho,HI,medication_assisted_treatment_referral,all,4/1/2025,6/30/2025,0,0,Numerator/Denominator,,07/30/2025 at 08:36 PM,07/30/2025 at 08:36 PM,cppsud
121300,Iota Beta Rho,HI,medication_assisted_treatment_referral,all,7/1/2022,9/30/2022,0,0,Numerator/Denominator,,01/31/2023 at 01:34 PM,01/31/2023 at 01:34 PM,cppsud
121300,Iota Beta Rho,HI,medication_assisted_treatment_referral,all,1/1/2025,3/31/2025,0,0,Numerator/Denominator,,05/30/2025 at 09:07 PM,05/30/2025 at 09:07 PM,cppsud
121300,Iota Beta Rho,HI,medication_assisted_treatment_referral,all,10/1/2024,12/31/2024,0,0,Numerator/Denominator,,01/31/2025 at 03:46 PM,01/31/2025 at 03:46 PM,cppsud
121300,Iota Beta Rho,HI,medication_assisted_treatment_referral,all,7/1/2024,9/30/2024,0,0,Numerator/Denominator,,11/01/2024 at 08:53 PM,11/01/2024 at 08:53 PM,cppsud
121300,Iota Beta Rho,HI,medication_assisted_treatment_referral,all,4/1/2024,6/30/2024,0,0,Numerator/Denominator,,08/19/2024 at 09:08 PM,08/19/2024 at 09:08 PM,cppsud
121300,Iota Beta Rho,HI,medication_assisted_treatment_referral,all,1/1/2024,3/31/2024,0,0,Numerator/Denominator,,06/05/2024 at 10:13 PM,06/05/2024 at 10:13 PM,cppsud
121300,Iota Beta Rho,HI,medication_counseling,all,7/1/2023,9/30/2023,0,0,Numerator/Denominator,,01/02/2024 at 05:03 PM,01/02/2024 at 05:03 PM,cppsud
121300,Iota Beta Rho,HI,medication_counseling,all,4/1/2023,6/30/2023,0,0,Numerator/Denominator,,09/18/2023 at 03:29 PM,09/18/2023 at 03:29 PM,cppsud
121300,Iota Beta Rho,HI,medication_counseling,all,1/1/2023,3/31/2023,2,2,Numerator/Denominator,,09/18/2023 at 03:15 PM,09/18/2023 at 03:15 PM,cppsud
121300,Iota Beta Rho,HI,medication_counseling,all,10/1/2022,12/31/2022,0,0,Numerator/Denominator,,01/31/2023 at 01:37 PM,01/31/2023 at 01:37 PM,cppsud
121300,Iota Beta Rho,HI,medication_counseling,all,4/1/2025,6/30/2025,0,0,Numerator/Denominator,,07/30/2025 at 08:36 PM,07/30/2025 at 08:36 PM,cppsud
121300,Iota Beta Rho,HI,medication_counseling,all,7/1/2022,9/30/2022,0,0,Numerator/Denominator,,01/31/2023 at 01:34 PM,01/31/2023 at 01:34 PM,cppsud
121300,Iota Beta Rho,HI,medication_counseling,all,1/1/2025,3/31/2025,0,0,Numerator/Denominator,,05/30/2025 at 09:07 PM,05/30/2025 at 09:07 PM,cppsud
121300,Iota Beta Rho,HI,medication_counseling,all,10/1/2024,12/31/2024,0,0,Numerator/Denominator,,01/31/2025 at 03:44 PM,01/31/2025 at 03:44 PM,cppsud
121300,Iota Beta Rho,HI,medication_counseling,all,7/1/2024,9/30/2024,0,0,Numerator/Denominator,,11/01/2024 at 08:53 PM,11/01/2024 at 08:53 PM,cppsud
121300,Iota Beta Rho,HI,medication_counseling,all,4/1/2024,6/30/2024,0,0,Numerator/Denominator,,08/19/2024 at 09:08 PM,08/19/2024 at 09:08 PM,cppsud
121300,Iota Beta Rho,HI,medication_counseling,all,1/1/2024,3/31/2024,0,0,Numerator/Denominator,,06/05/2024 at 10:13 PM,06/05/2024 at 10:13 PM,cppsud
121300,Iota Beta Rho,HI,medication_counseling,all,10/1/2023,12/31/2023,0,0,Numerator/Denominator,,02/27/2024 at 08:30 PM,02/27/2024 at 08:30 PM,cppsud
121300,Iota Beta Rho,HI,naloxone_counseling,all,1/1/2023,3/31/2023,2,2,Numerator/Denominator,,09/18/2023 at 03:28 PM,09/18/2023 at 03:28 PM,cppsud
121300,Iota Beta Rho,HI,naloxone_counseling,all,10/1/2022,12/31/2022,0,0,Numerator/Denominator,,01/31/2023 at 01:37 PM,01/31/2023 at 01:37 PM,cppsud
121300,Iota Beta Rho,HI,naloxone_counseling,all,4/1/2025,6/30/2025,0,0,Numerator/Denominator,,07/30/2025 at 08:36 PM,07/30/2025 at 08:36 PM,cppsud
121300,Iota Beta Rho,HI,naloxone_counseling,all,7/1/2022,9/30/2022,0,0,Numerator/Denominator,,01/31/2023 at 01:34 PM,01/31/2023 at 01:34 PM,cppsud
121300,Iota Beta Rho,HI,naloxone_counseling,all,1/1/2025,3/31/2025,0,0,Numerator/Denominator,,05/30/2025 at 09:07 PM,05/30/2025 at 09:07 PM,cppsud
121300,Iota Beta Rho,HI,naloxone_counseling,all,10/1/2024,12/31/2024,0,0,Numerator/Denominator,,01/31/2025 at 03:44 PM,01/31/2025 at 03:44 PM,cppsud
121300,Iota Beta Rho,HI,naloxone_counseling,all,7/1/2024,9/30/2024,0,0,Numerator/Denominator,,11/01/2024 at 08:53 PM,11/01/2024 at 08:53 PM,cppsud
121300,Iota Beta Rho,HI,naloxone_counseling,all,4/1/2024,6/30/2024,0,0,Numerator/Denominator,,08/19/2024 at 09:08 PM,08/19/2024 at 09:08 PM,cppsud
121300,Iota Beta Rho,HI,naloxone_counseling,all,1/1/2024,3/31/2024,0,1,Numerator/Denominator,,06/05/2024 at 10:13 PM,06/05/2024 at 10:13 PM,cppsud
121300,Iota Beta Rho,HI,naloxone_counseling,all,10/1/2023,12/31/2023,0,0,Numerator/Denominator,,02/27/2024 at 08:30 PM,02/27/2024 at 08:30 PM,cppsud
121300,Iota Beta Rho,HI,naloxone_counseling,all,7/1/2023,9/30/2023,0,0,Numerator/Denominator,,01/02/2024 at 05:03 PM,01/02/2024 at 05:03 PM,cppsud
121300,Iota Beta Rho,HI,naloxone_counseling,all,4/1/2023,6/30/2023,0,0,Numerator/Denominator,,09/18/2023 at 03:29 PM,09/18/2023 at 03:29 PM,cppsud
121300,Iota Beta Rho,HI,naloxone_prescription,all,10/1/2022,12/31/2022,0,0,Numerator/Denominator,,01/31/2023 at 01:37 PM,02/27/2024 at 08:03 PM,cppsud
121300,Iota Beta Rho,HI,naloxone_prescription,all,4/1/2025,6/30/2025,0,0,Numerator/Denominator,,07/30/2025 at 08:36 PM,07/30/2025 at 08:36 PM,cppsud
121300,Iota Beta Rho,HI,naloxone_prescription,all,7/1/2022,9/30/2022,0,0,Numerator/Denominator,,01/31/2023 at 01:34 PM,02/27/2024 at 08:02 PM,cppsud
121300,Iota Beta Rho,HI,naloxone_prescription,all,1/1/2025,3/31/2025,0,0,Numerator/Denominator,,05/30/2025 at 09:07 PM,05/30/2025 at 09:07 PM,cppsud
121300,Iota Beta Rho,HI,naloxone_prescription,all,10/1/2024,12/31/2024,0,0,Numerator/Denominator,,01/31/2025 at 03:44 PM,01/31/2025 at 03:44 PM,cppsud
121300,Iota Beta Rho,HI,naloxone_prescription,all,7/1/2024,9/30/2024,0,0,Numerator/Denominator,,11/01/2024 at 08:53 PM,11/01/2024 at 08:53 PM,cppsud
121300,Iota Beta Rho,HI,naloxone_prescription,all,4/1/2024,6/30/2024,0,0,Numerator/Denominator,,08/19/2024 at 09:08 PM,08/19/2024 at 09:08 PM,cppsud
121300,Iota Beta Rho,HI,naloxone_prescription,all,1/1/2024,3/31/2024,0,1,Numerator/Denominator,,06/05/2024 at 10:13 PM,06/05/2024 at 10:13 PM,cppsud
121300,Iota Beta Rho,HI,naloxone_prescription,all,10/1/2023,12/31/2023,0,0,Numerator/Denominator,,02/27/2024 at 08:30 PM,02/27/2024 at 08:30 PM,cppsud
121300,Iota Beta Rho,HI,naloxone_prescription,all,7/1/2023,9/30/2023,0,0,Numerator/Denominator,,01/02/2024 at 05:03 PM,02/27/2024 at 08:04 PM,cppsud
121300,Iota Beta Rho,HI,naloxone_prescription,all,4/1/2023,6/30/2023,0,0,Numerator/Denominator,,09/18/2023 at 03:29 PM,02/27/2024 at 08:04 PM,cppsud
121300,Iota Beta Rho,HI,naloxone_prescription,all,1/1/2023,3/31/2023,2,2,Numerator/Denominator,,09/18/2023 at 03:28 PM,02/27/2024 at 08:03 PM,cppsud
121300,Iota Beta Rho,HI,nursing_equity_education,all,10/1/2022,12/31/2022,95,100,Range,,01/31/2023 at 12:46 PM,01/31/2023 at 12:46 PM,"preeclampsia,hemorrhage,cesarean_reduction"
121300,Iota Beta Rho,HI,other_hypertensive_symptoms_check_scheduling,all,10/1/2022,12/31/2022,0,0,Numerator/Denominator,,01/31/2023 at 02:04 PM,01/31/2023 at 02:04 PM,preeclampsia
121300,Iota Beta Rho,HI,pnc_site_universal_screening,all,7/1/2022,9/30/2022,,3,Numerator/Denominator,,11/07/2022 at 02:04 PM,11/07/2022 at 02:04 PM,opioid
121300,Iota Beta Rho,HI,post_hemorrhage_patient_support,all,10/1/2022,12/31/2022,2,2,Numerator/Denominator,,01/31/2023 at 01:50 PM,01/31/2023 at 01:58 PM,hemorrhage
121300,Iota Beta Rho,HI,preeclampsia_emergency_dept_nursing_education,all,10/1/2022,12/31/2022,95,100,Range,,01/31/2023 at 12:47 PM,01/31/2023 at 12:47 PM,preeclampsia
121300,Iota Beta Rho,HI,preeclampsia_nursing_education,all,7/1/2022,9/30/2022,95,100,Range,,11/01/2022 at 08:12 PM,11/01/2022 at 08:12 PM,"preeclampsia,texas_preeclampsia"
121300,Iota Beta Rho,HI,preeclampsia_nursing_education,all,4/1/2022,6/30/2022,95,100,Range,,08/29/2022 at 03:09 PM,08/29/2022 at 03:09 PM,"preeclampsia,texas_preeclampsia"
121300,Iota Beta Rho,HI,preeclampsia_nursing_education,all,1/1/2022,3/31/2022,95,100,Range,,06/09/2022 at 05:15 PM,06/09/2022 at 05:15 PM,"preeclampsia,texas_preeclampsia"
121300,Iota Beta Rho,HI,preeclampsia_nursing_education,all,10/1/2021,12/31/2021,95,100,Range,,03/22/2022 at 03:16 PM,03/22/2022 at 03:16 PM,"preeclampsia,texas_preeclampsia"
121300,Iota Beta Rho,HI,preeclampsia_nursing_education,all,7/1/2021,9/30/2021,95,100,Range,,10/15/2021 at 06:06 PM,10/15/2021 at 06:06 PM,"preeclampsia,texas_preeclampsia"
121300,Iota Beta Rho,HI,preeclampsia_nursing_education,all,4/1/2021,6/30/2021,95,100,Range,,08/04/2021 at 05:08 PM,08/04/2021 at 05:08 PM,"preeclampsia,texas_preeclampsia"
121300,Iota Beta Rho,HI,preeclampsia_nursing_education,all,10/1/2022,12/31/2022,95,100,Range,,01/31/2023 at 12:47 PM,01/31/2023 at 12:47 PM,"preeclampsia,texas_preeclampsia"
121300,Iota Beta Rho,HI,preeclampsia_nursing_education_and_protocol,all,7/1/2021,9/30/2021,95,100,Range,,10/15/2021 at 06:06 PM,10/15/2021 at 06:06 PM,"preeclampsia,texas_preeclampsia"
121300,Iota Beta Rho,HI,preeclampsia_nursing_education_and_protocol,all,4/1/2021,6/30/2021,95,100,Range,,08/04/2021 at 05:08 PM,08/04/2021 at 05:08 PM,"preeclampsia,texas_preeclampsia"
121300,Iota Beta Rho,HI,preeclampsia_provider_education,all,10/1/2022,12/31/2022,95,100,Range,,01/31/2023 at 12:47 PM,01/31/2023 at 12:47 PM,"preeclampsia,texas_preeclampsia"
121300,Iota Beta Rho,HI,preeclampsia_provider_education,all,7/1/2022,9/30/2022,95,100,Range,,11/01/2022 at 08:12 PM,11/01/2022 at 08:12 PM,"preeclampsia,texas_preeclampsia"
121300,Iota Beta Rho,HI,preeclampsia_provider_education,all,4/1/2022,6/30/2022,95,100,Range,,08/29/2022 at 03:09 PM,08/29/2022 at 03:09 PM,"preeclampsia,texas_preeclampsia"
121300,Iota Beta Rho,HI,preeclampsia_provider_education,all,1/1/2022,3/31/2022,95,100,Range,,06/09/2022 at 05:15 PM,06/09/2022 at 05:15 PM,"preeclampsia,texas_preeclampsia"
121300,Iota Beta Rho,HI,preeclampsia_provider_education,all,10/1/2021,12/31/2021,95,100,Range,,03/22/2022 at 03:16 PM,03/22/2022 at 03:20 PM,"preeclampsia,texas_preeclampsia"
121300,Iota Beta Rho,HI,preeclampsia_provider_education,all,7/1/2021,9/30/2021,95,100,Range,,10/15/2021 at 06:06 PM,10/15/2021 at 06:06 PM,"preeclampsia,texas_preeclampsia"
121300,Iota Beta Rho,HI,preeclampsia_provider_education,all,4/1/2021,6/30/2021,95,100,Range,,08/04/2021 at 05:08 PM,08/04/2021 at 05:08 PM,"preeclampsia,texas_preeclampsia"
121300,Iota Beta Rho,HI,preeclampsia_provider_education_and_protocol,all,4/1/2021,6/30/2021,75,100,Range,,08/04/2021 at 05:08 PM,08/04/2021 at 05:08 PM,"preeclampsia,texas_preeclampsia"
121300,Iota Beta Rho,HI,preeclampsia_provider_education_and_protocol,all,7/1/2021,9/30/2021,75,100,Range,,10/15/2021 at 06:06 PM,10/15/2021 at 06:06 PM,"preeclampsia,texas_preeclampsia"
121300,Iota Beta Rho,HI,provider_equity_education,all,10/1/2022,12/31/2022,95,100,Range,,01/31/2023 at 12:46 PM,01/31/2023 at 12:46 PM,"preeclampsia,hemorrhage,cesarean_reduction"
121300,Iota Beta Rho,HI,quant_blood_loss,all,10/1/2022,12/31/2022,5,65,Numerator/Denominator,,01/31/2023 at 01:38 PM,01/31/2023 at 02:03 PM,hemorrhage
121300,Iota Beta Rho,HI,quantified_blood_loss,all,4/1/2022,6/30/2022,95,100,Range,,08/29/2022 at 03:08 PM,08/29/2022 at 03:08 PM,hemorrhage
121300,Iota Beta Rho,HI,quantified_blood_loss,all,1/1/2022,3/31/2022,95,100,Range,,06/09/2022 at 05:53 PM,06/09/2022 at 05:53 PM,hemorrhage
121300,Iota Beta Rho,HI,quantified_blood_loss,all,10/1/2021,12/31/2021,95,100,Range,,03/22/2022 at 03:17 PM,03/22/2022 at 03:17 PM,hemorrhage
121300,Iota Beta Rho,HI,quantified_blood_loss,all,7/1/2021,9/30/2021,95,100,Range,,10/15/2021 at 07:25 PM,10/15/2021 at 07:25 PM,hemorrhage
121300,Iota Beta Rho,HI,quantified_blood_loss,all,4/1/2021,6/30/2021,95,100,Range,,10/15/2021 at 07:25 PM,10/15/2021 at 07:25 PM,hemorrhage
121300,Iota Beta Rho,HI,quantified_blood_loss,all,7/1/2022,9/30/2022,95,100,Range,,11/01/2022 at 08:14 PM,11/01/2022 at 08:14 PM,hemorrhage
121300,Iota Beta Rho,HI,recovery_treatment_services_counseling,all,10/1/2024,12/31/2024,0,0,Numerator/Denominator,,01/31/2025 at 03:44 PM,01/31/2025 at 03:44 PM,cppsud
121300,Iota Beta Rho,HI,recovery_treatment_services_counseling,all,7/1/2024,9/30/2024,0,0,Numerator/Denominator,,11/01/2024 at 08:53 PM,11/01/2024 at 08:53 PM,cppsud
121300,Iota Beta Rho,HI,recovery_treatment_services_counseling,all,4/1/2024,6/30/2024,0,0,Numerator/Denominator,,08/19/2024 at 09:08 PM,08/19/2024 at 09:08 PM,cppsud
121300,Iota Beta Rho,HI,recovery_treatment_services_counseling,all,1/1/2024,3/31/2024,0,1,Numerator/Denominator,,06/05/2024 at 10:13 PM,06/05/2024 at 10:13 PM,cppsud
121300,Iota Beta Rho,HI,recovery_treatment_services_counseling,all,10/1/2023,12/31/2023,0,0,Numerator/Denominator,,02/27/2024 at 08:30 PM,02/27/2024 at 08:30 PM,cppsud
121300,Iota Beta Rho,HI,recovery_treatment_services_counseling,all,7/1/2023,9/30/2023,0,0,Numerator/Denominator,,01/02/2024 at 05:03 PM,01/02/2024 at 05:03 PM,cppsud
121300,Iota Beta Rho,HI,recovery_treatment_services_counseling,all,4/1/2023,6/30/2023,0,0,Numerator/Denominator,,09/18/2023 at 03:29 PM,09/18/2023 at 03:29 PM,cppsud
121300,Iota Beta Rho,HI,recovery_treatment_services_counseling,all,1/1/2023,3/31/2023,2,2,Numerator/Denominator,,09/18/2023 at 03:15 PM,09/18/2023 at 03:15 PM,cppsud
121300,Iota Beta Rho,HI,recovery_treatment_services_counseling,all,10/1/2022,12/31/2022,0,0,Numerator/Denominator,,01/31/2023 at 01:37 PM,01/31/2023 at 01:37 PM,cppsud
121300,Iota Beta Rho,HI,recovery_treatment_services_counseling,all,4/1/2025,6/30/2025,0,0,Numerator/Denominator,,07/30/2025 at 08:36 PM,07/30/2025 at 08:36 PM,cppsud
121300,Iota Beta Rho,HI,recovery_treatment_services_counseling,all,7/1/2022,9/30/2022,0,0,Numerator/Denominator,,01/31/2023 at 01:34 PM,01/31/2023 at 01:34 PM,cppsud
121300,Iota Beta Rho,HI,recovery_treatment_services_counseling,all,1/1/2025,3/31/2025,0,0,Numerator/Denominator,,05/30/2025 at 09:07 PM,05/30/2025 at 09:07 PM,cppsud
121300,Iota Beta Rho,HI,recovery_treatment_services_referral,all,4/1/2024,6/30/2024,0,0,Numerator/Denominator,,08/19/2024 at 09:08 PM,08/19/2024 at 09:08 PM,cppsud
121300,Iota Beta Rho,HI,recovery_treatment_services_referral,all,1/1/2024,3/31/2024,0,1,Numerator/Denominator,,06/05/2024 at 10:13 PM,06/05/2024 at 10:13 PM,cppsud
121300,Iota Beta Rho,HI,recovery_treatment_services_referral,all,10/1/2023,12/31/2023,0,0,Numerator/Denominator,,02/27/2024 at 08:30 PM,02/27/2024 at 08:30 PM,cppsud
121300,Iota Beta Rho,HI,recovery_treatment_services_referral,all,7/1/2023,9/30/2023,0,0,Numerator/Denominator,,01/02/2024 at 05:03 PM,01/02/2024 at 05:03 PM,cppsud
121300,Iota Beta Rho,HI,recovery_treatment_services_referral,all,4/1/2023,6/30/2023,0,0,Numerator/Denominator,,09/18/2023 at 03:29 PM,09/18/2023 at 03:29 PM,cppsud
121300,Iota Beta Rho,HI,recovery_treatment_services_referral,all,1/1/2023,3/31/2023,2,2,Numerator/Denominator,,09/18/2023 at 03:28 PM,09/18/2023 at 03:28 PM,cppsud
121300,Iota Beta Rho,HI,recovery_treatment_services_referral,all,10/1/2022,12/31/2022,0,0,Numerator/Denominator,,01/31/2023 at 01:37 PM,01/31/2023 at 01:37 PM,cppsud
121300,Iota Beta Rho,HI,recovery_treatment_services_referral,all,4/1/2025,6/30/2025,0,0,Numerator/Denominator,,07/30/2025 at 08:36 PM,07/30/2025 at 08:36 PM,cppsud
121300,Iota Beta Rho,HI,recovery_treatment_services_referral,all,7/1/2022,9/30/2022,0,0,Numerator/Denominator,,01/31/2023 at 01:34 PM,01/31/2023 at 01:34 PM,cppsud
121300,Iota Beta Rho,HI,recovery_treatment_services_referral,all,1/1/2025,3/31/2025,0,0,Numerator/Denominator,,05/30/2025 at 09:07 PM,05/30/2025 at 09:07 PM,cppsud
121300,Iota Beta Rho,HI,recovery_treatment_services_referral,all,10/1/2024,12/31/2024,0,0,Numerator/Denominator,,01/31/2025 at 03:46 PM,01/31/2025 at 03:46 PM,cppsud
121300,Iota Beta Rho,HI,recovery_treatment_services_referral,all,7/1/2024,9/30/2024,0,0,Numerator/Denominator,,11/01/2024 at 08:53 PM,11/01/2024 at 08:53 PM,cppsud
121300,Iota Beta Rho,HI,respectful_equitable_care_provider_and_nursing_education,all,1/1/2024,3/31/2024,95,100,Range,,06/05/2024 at 07:53 PM,06/05/2024 at 07:53 PM,"cppsud,ppdt,ccoc,sepsis,mental_health"
121300,Iota Beta Rho,HI,respectful_equitable_care_provider_and_nursing_education,all,10/1/2023,12/31/2023,95,100,Range,,02/27/2024 at 08:05 PM,02/27/2024 at 08:05 PM,"cppsud,ppdt,ccoc,sepsis,mental_health"
121300,Iota Beta Rho,HI,respectful_equitable_care_provider_and_nursing_education,all,7/1/2023,9/30/2023,95,100,Range,,01/02/2024 at 05:03 PM,01/02/2024 at 05:03 PM,"cppsud,ppdt,ccoc,sepsis,mental_health"
121300,Iota Beta Rho,HI,respectful_equitable_care_provider_and_nursing_education,all,4/1/2023,6/30/2023,95,100,Range,,09/18/2023 at 03:29 PM,09/18/2023 at 03:29 PM,"cppsud,ppdt,ccoc,sepsis,mental_health"
121300,Iota Beta Rho,HI,respectful_equitable_care_provider_and_nursing_education,all,1/1/2023,3/31/2023,95,100,Range,,09/18/2023 at 03:28 PM,09/18/2023 at 03:28 PM,"cppsud,ppdt,ccoc,sepsis,mental_health"
121300,Iota Beta Rho,HI,respectful_equitable_care_provider_and_nursing_education,all,10/1/2022,12/31/2022,95,100,Range,,01/31/2023 at 01:37 PM,01/31/2023 at 01:37 PM,"cppsud,ppdt,ccoc,sepsis,mental_health"
121300,Iota Beta Rho,HI,respectful_equitable_care_provider_and_nursing_education,all,4/1/2025,6/30/2025,95,100,Range,,07/30/2025 at 08:37 PM,07/30/2025 at 08:37 PM,"cppsud,ppdt,ccoc,sepsis,mental_health"
121300,Iota Beta Rho,HI,respectful_equitable_care_provider_and_nursing_education,all,7/1/2022,9/30/2022,95,100,Range,,11/01/2022 at 08:14 PM,11/01/2022 at 08:14 PM,"cppsud,ppdt,ccoc,sepsis,mental_health"
121300,Iota Beta Rho,HI,respectful_equitable_care_provider_and_nursing_education,all,1/1/2025,3/31/2025,95,100,Range,,05/30/2025 at 09:07 PM,05/30/2025 at 09:07 PM,"cppsud,ppdt,ccoc,sepsis,mental_health"
121300,Iota Beta Rho,HI,respectful_equitable_care_provider_and_nursing_education,all,10/1/2024,12/31/2024,95,100,Range,,01/31/2025 at 02:36 PM,01/31/2025 at 02:36 PM,"cppsud,ppdt,ccoc,sepsis,mental_health"
121300,Iota Beta Rho,HI,respectful_equitable_care_provider_and_nursing_education,all,7/1/2024,9/30/2024,95,100,Range,,11/01/2024 at 08:53 PM,11/01/2024 at 08:53 PM,"cppsud,ppdt,ccoc,sepsis,mental_health"
121300,Iota Beta Rho,HI,respectful_equitable_care_provider_and_nursing_education,all,4/1/2024,6/30/2024,95,100,Range,,08/19/2024 at 09:08 PM,08/19/2024 at 09:08 PM,"cppsud,ppdt,ccoc,sepsis,mental_health"
121300,Iota Beta Rho,HI,severe_htn_treatment,all,7/1/2022,9/30/2022,1,1,Numerator/Denominator,,11/28/2022 at 07:20 PM,11/28/2022 at 07:20 PM,"preeclampsia,texas_preeclampsia"
121300,Iota Beta Rho,HI,severe_htn_treatment,all,4/1/2022,6/30/2022,2,2,Numerator/Denominator,,08/30/2022 at 03:58 PM,08/30/2022 at 03:58 PM,"preeclampsia,texas_preeclampsia"
121300,Iota Beta Rho,HI,severe_htn_treatment,all,1/1/2022,3/31/2022,1,1,Numerator/Denominator,,06/09/2022 at 05:51 PM,06/09/2022 at 05:51 PM,"preeclampsia,texas_preeclampsia"
121300,Iota Beta Rho,HI,severe_htn_treatment,all,10/1/2021,12/31/2021,3,3,Numerator/Denominator,,03/22/2022 at 10:30 PM,03/22/2022 at 10:38 PM,"preeclampsia,texas_preeclampsia"
121300,Iota Beta Rho,HI,severe_htn_treatment,all,4/1/2021,6/30/2021,2,2,Numerator/Denominator,,10/26/2021 at 09:35 PM,10/26/2021 at 09:35 PM,"preeclampsia,texas_preeclampsia"
121300,Iota Beta Rho,HI,severe_htn_treatment,all,7/1/2021,9/30/2021,1,1,Numerator/Denominator,,10/26/2021 at 09:21 PM,10/26/2021 at 09:21 PM,"preeclampsia,texas_preeclampsia"
121300,Iota Beta Rho,HI,severe_htn_treatment,native_hawaiian,4/1/2022,6/30/2022,1,,Numerator/Denominator,,08/30/2022 at 03:58 PM,08/30/2022 at 03:58 PM,"preeclampsia,texas_preeclampsia"
121300,Iota Beta Rho,HI,severe_htn_treatment,native_hawaiian,1/1/2022,3/31/2022,1,,Numerator/Denominator,,06/09/2022 at 05:51 PM,06/09/2022 at 05:51 PM,"preeclampsia,texas_preeclampsia"
121300,Iota Beta Rho,HI,severe_htn_treatment,other,7/1/2022,9/30/2022,1,1,Numerator/Denominator,,11/28/2022 at 07:20 PM,11/28/2022 at 07:20 PM,"preeclampsia,texas_preeclampsia"
121300,Iota Beta Rho,HI,severe_htn_treatment,white,4/1/2022,6/30/2022,1,,Numerator/Denominator,,08/30/2022 at 03:58 PM,08/30/2022 at 03:58 PM,"preeclampsia,texas_preeclampsia"
121300,Iota Beta Rho,HI,severe_htn_treatment,all,10/1/2022,12/31/2022,0,0,Numerator/Denominator,,01/31/2023 at 02:04 PM,01/31/2023 at 02:04 PM,"preeclampsia,texas_preeclampsia"
121300,Iota Beta Rho,HI,severe_hypertension_symptoms_check_scheduling,all,10/1/2022,12/31/2022,0,0,Numerator/Denominator,,01/31/2023 at 02:04 PM,01/31/2023 at 02:04 PM,preeclampsia
121300,Iota Beta Rho,HI,sud_provider_and_nursing_education,all,4/1/2023,6/30/2023,95,100,Range,,09/18/2023 at 03:29 PM,09/18/2023 at 03:29 PM,cppsud
121300,Iota Beta Rho,HI,sud_provider_and_nursing_education,all,1/1/2023,3/31/2023,95,100,Range,,09/18/2023 at 03:28 PM,09/18/2023 at 03:28 PM,cppsud
121300,Iota Beta Rho,HI,sud_provider_and_nursing_education,all,10/1/2022,12/31/2022,95,100,Range,,01/31/2023 at 01:37 PM,01/31/2023 at 01:37 PM,cppsud
121300,Iota Beta Rho,HI,sud_provider_and_nursing_education,all,7/1/2022,9/30/2022,95,100,Range,,11/01/2022 at 08:14 PM,11/01/2022 at 08:14 PM,cppsud
121300,Iota Beta Rho,HI,sud_provider_and_nursing_education,all,4/1/2025,6/30/2025,95,100,Range,,07/30/2025 at 08:37 PM,07/30/2025 at 08:37 PM,cppsud
121300,Iota Beta Rho,HI,sud_provider_and_nursing_education,all,1/1/2025,3/31/2025,95,100,Range,,05/30/2025 at 09:07 PM,05/30/2025 at 09:07 PM,cppsud
121300,Iota Beta Rho,HI,sud_provider_and_nursing_education,all,4/1/2024,6/30/2024,95,100,Range,,08/19/2024 at 09:08 PM,08/19/2024 at 09:08 PM,cppsud
121300,Iota Beta Rho,HI,sud_provider_and_nursing_education,all,10/1/2024,12/31/2024,95,100,Range,,01/31/2025 at 02:36 PM,01/31/2025 at 02:36 PM,cppsud
121300,Iota Beta Rho,HI,sud_provider_and_nursing_education,all,1/1/2024,3/31/2024,95,100,Range,,06/05/2024 at 07:53 PM,06/05/2024 at 07:53 PM,cppsud
121300,Iota Beta Rho,HI,sud_provider_and_nursing_education,all,7/1/2024,9/30/2024,95,100,Range,,11/01/2024 at 08:53 PM,11/01/2024 at 08:53 PM,cppsud
121300,Iota Beta Rho,HI,sud_provider_and_nursing_education,all,10/1/2023,12/31/2023,95,100,Range,,02/27/2024 at 08:05 PM,02/27/2024 at 08:05 PM,cppsud
121300,Iota Beta Rho,HI,sud_provider_and_nursing_education,all,7/1/2023,9/30/2023,95,100,Range,,01/02/2024 at 05:03 PM,01/02/2024 at 05:03 PM,cppsud
121300,Iota Beta Rho,HI,sud_universal_screening,all,10/1/2023,12/31/2023,58,58,Numerator/Denominator,,02/27/2024 at 08:30 PM,02/27/2024 at 08:30 PM,cppsud
121300,Iota Beta Rho,HI,sud_universal_screening,all,7/1/2023,9/30/2023,49,52,Numerator/Denominator,,01/02/2024 at 05:03 PM,01/02/2024 at 05:03 PM,cppsud
121300,Iota Beta Rho,HI,sud_universal_screening,all,4/1/2023,6/30/2023,58,58,Numerator/Denominator,,09/18/2023 at 03:29 PM,09/18/2023 at 03:29 PM,cppsud
121300,Iota Beta Rho,HI,sud_universal_screening,all,1/1/2023,3/31/2023,60,60,Numerator/Denominator,,09/18/2023 at 03:15 PM,09/18/2023 at 03:15 PM,cppsud
121300,Iota Beta Rho,HI,sud_universal_screening,all,10/1/2022,12/31/2022,65,65,Numerator/Denominator,,01/31/2023 at 01:37 PM,01/31/2023 at 02:04 PM,cppsud
121300,Iota Beta Rho,HI,sud_universal_screening,all,4/1/2025,6/30/2025,56,56,Numerator/Denominator,,07/30/2025 at 08:28 PM,07/30/2025 at 08:28 PM,cppsud
121300,Iota Beta Rho,HI,sud_universal_screening,all,7/1/2022,9/30/2022,64,64,Numerator/Denominator,,01/31/2023 at 01:34 PM,01/31/2023 at 01:34 PM,cppsud
121300,Iota Beta Rho,HI,sud_universal_screening,all,1/1/2025,3/31/2025,60,60,Numerator/Denominator,,05/30/2025 at 09:07 PM,05/30/2025 at 09:07 PM,cppsud
121300,Iota Beta Rho,HI,sud_universal_screening,all,10/1/2024,12/31/2024,53,53,Numerator/Denominator,,01/31/2025 at 03:39 PM,01/31/2025 at 03:39 PM,cppsud
121300,Iota Beta Rho,HI,sud_universal_screening,all,7/1/2024,9/30/2024,64,64,Numerator/Denominator,,11/01/2024 at 08:35 PM,11/01/2024 at 08:39 PM,cppsud
121300,Iota Beta Rho,HI,sud_universal_screening,all,4/1/2024,6/30/2024,61,61,Numerator/Denominator,,08/19/2024 at 09:08 PM,08/19/2024 at 09:08 PM,cppsud
121300,Iota Beta Rho,HI,sud_universal_screening,all,1/1/2024,3/31/2024,58,58,Numerator/Denominator,,06/05/2024 at 10:13 PM,06/05/2024 at 10:13 PM,cppsud
121300,Iota Beta Rho,HI,topics_covered_hemorrhage,all,1/1/2022,3/31/2022,1,1,Numerator/Denominator,,06/09/2022 at 05:15 PM,06/09/2022 at 05:15 PM,"preeclampsia,hemorrhage"
121300,Iota Beta Rho,HI,topics_covered_hemorrhage,all,10/1/2021,12/31/2021,1,1,Numerator/Denominator,,03/22/2022 at 03:16 PM,03/22/2022 at 03:16 PM,"preeclampsia,hemorrhage"
121300,Iota Beta Rho,HI,topics_covered_hemorrhage,all,7/1/2021,9/30/2021,1,1,Numerator/Denominator,,10/15/2021 at 06:05 PM,10/15/2021 at 06:05 PM,"preeclampsia,hemorrhage"
121300,Iota Beta Rho,HI,topics_covered_hemorrhage,all,4/1/2021,6/30/2021,0,1,Numerator/Denominator,,08/04/2021 at 05:08 PM,08/04/2021 at 05:08 PM,"preeclampsia,hemorrhage"
121300,Iota Beta Rho,HI,topics_covered_hemorrhage,all,10/1/2022,12/31/2022,1,1,Numerator/Denominator,,01/31/2023 at 12:46 PM,01/31/2023 at 12:46 PM,"preeclampsia,hemorrhage"
121300,Iota Beta Rho,HI,topics_covered_hemorrhage,all,7/1/2022,9/30/2022,1,1,Numerator/Denominator,,11/07/2022 at 02:08 PM,11/07/2022 at 02:08 PM,"preeclampsia,hemorrhage"
121300,Iota Beta Rho,HI,topics_covered_hemorrhage,all,4/1/2022,6/30/2022,1,1,Numerator/Denominator,,08/29/2022 at 03:07 PM,08/29/2022 at 03:07 PM,"preeclampsia,hemorrhage"
121300,Iota Beta Rho,HI,topics_covered_other,all,10/1/2022,12/31/2022,0,1,Numerator/Denominator,,01/31/2023 at 12:46 PM,01/31/2023 at 12:46 PM,"preeclampsia,hemorrhage"
121300,Iota Beta Rho,HI,topics_covered_other,all,7/1/2022,9/30/2022,1,1,Numerator/Denominator,,11/07/2022 at 02:08 PM,11/07/2022 at 02:08 PM,"preeclampsia,hemorrhage"
121300,Iota Beta Rho,HI,topics_covered_other,all,4/1/2022,6/30/2022,1,1,Numerator/Denominator,,08/29/2022 at 03:07 PM,08/29/2022 at 03:07 PM,"preeclampsia,hemorrhage"
121300,Iota Beta Rho,HI,topics_covered_other,all,1/1/2022,3/31/2022,1,1,Numerator/Denominator,,06/09/2022 at 05:15 PM,06/09/2022 at 05:15 PM,"preeclampsia,hemorrhage"
121300,Iota Beta Rho,HI,topics_covered_other,all,10/1/2021,12/31/2021,1,1,Numerator/Denominator,,03/22/2022 at 03:16 PM,03/22/2022 at 03:16 PM,"preeclampsia,hemorrhage"
121300,Iota Beta Rho,HI,topics_covered_other,all,7/1/2021,9/30/2021,0,1,Numerator/Denominator,,10/15/2021 at 06:05 PM,10/15/2021 at 06:05 PM,"preeclampsia,hemorrhage"
121300,Iota Beta Rho,HI,topics_covered_other,all,4/1/2021,6/30/2021,0,1,Numerator/Denominator,,08/04/2021 at 05:08 PM,08/04/2021 at 05:08 PM,"preeclampsia,hemorrhage"
121300,Iota Beta Rho,HI,topics_covered_severe_hypertension,all,4/1/2021,6/30/2021,0,1,Numerator/Denominator,,08/04/2021 at 05:08 PM,08/04/2021 at 05:08 PM,"preeclampsia,hemorrhage"
121300,Iota Beta Rho,HI,topics_covered_severe_hypertension,all,10/1/2022,12/31/2022,1,1,Numerator/Denominator,,01/31/2023 at 12:46 PM,01/31/2023 at 12:46 PM,"preeclampsia,hemorrhage"
121300,Iota Beta Rho,HI,topics_covered_severe_hypertension,all,7/1/2022,9/30/2022,1,1,Numerator/Denominator,,11/07/2022 at 02:08 PM,11/07/2022 at 02:08 PM,"preeclampsia,hemorrhage"
121300,Iota Beta Rho,HI,topics_covered_severe_hypertension,all,4/1/2022,6/30/2022,1,1,Numerator/Denominator,,08/29/2022 at 03:07 PM,08/29/2022 at 03:07 PM,"preeclampsia,hemorrhage"
121300,Iota Beta Rho,HI,topics_covered_severe_hypertension,all,1/1/2022,3/31/2022,1,1,Numerator/Denominator,,06/09/2022 at 05:15 PM,06/09/2022 at 05:15 PM,"preeclampsia,hemorrhage"
121300,Iota Beta Rho,HI,topics_covered_severe_hypertension,all,10/1/2021,12/31/2021,0,1,Numerator/Denominator,,03/22/2022 at 03:16 PM,03/22/2022 at 03:16 PM,"preeclampsia,hemorrhage"
121300,Iota Beta Rho,HI,topics_covered_severe_hypertension,all,7/1/2021,9/30/2021,1,1,Numerator/Denominator,,10/15/2021 at 06:05 PM,10/15/2021 at 06:05 PM,"preeclampsia,hemorrhage"
121300,Iota Beta Rho,HI,unit_drill_count,all,4/1/2022,6/30/2022,2,1,Raw Value,,08/29/2022 at 03:07 PM,08/29/2022 at 03:07 PM,"preeclampsia,hemorrhage,texas_preeclampsia"
121300,Iota Beta Rho,HI,unit_drill_count,all,1/1/2022,3/31/2022,2,1,Raw Value,,06/09/2022 at 05:15 PM,06/09/2022 at 05:15 PM,"preeclampsia,hemorrhage,texas_preeclampsia"
121300,Iota Beta Rho,HI,unit_drill_count,all,10/1/2021,12/31/2021,1,1,Raw Value,,03/22/2022 at 03:16 PM,03/22/2022 at 03:16 PM,"preeclampsia,hemorrhage,texas_preeclampsia"
121300,Iota Beta Rho,HI,unit_drill_count,all,7/1/2021,9/30/2021,1,1,Raw Value,,10/15/2021 at 06:05 PM,10/15/2021 at 06:05 PM,"preeclampsia,hemorrhage,texas_preeclampsia"
121300,Iota Beta Rho,HI,unit_drill_count,all,4/1/2021,6/30/2021,0,1,Raw Value,,08/04/2021 at 05:08 PM,08/04/2021 at 05:08 PM,"preeclampsia,hemorrhage,texas_preeclampsia"
121300,Iota Beta Rho,HI,unit_drill_count,all,10/1/2022,12/31/2022,2,1,Raw Value,,01/31/2023 at 12:46 PM,01/31/2023 at 12:46 PM,"preeclampsia,hemorrhage,texas_preeclampsia"
121300,Iota Beta Rho,HI,unit_drill_count,all,7/1/2022,9/30/2022,4,1,Raw Value,,11/07/2022 at 02:08 PM,11/07/2022 at 02:08 PM,"preeclampsia,hemorrhage,texas_preeclampsia"
123300,Beta Simga Epislon,HI,biological_parent_discharge,all,1/1/2025,3/31/2025,9,14,Numerator/Denominator,,04/18/2025 at 02:28 PM,04/18/2025 at 02:28 PM,cppsud
123300,Beta Simga Epislon,HI,biological_parent_discharge,all,10/1/2024,12/31/2024,9,15,Numerator/Denominator,,01/31/2025 at 02:27 PM,01/31/2025 at 02:27 PM,cppsud
123300,Beta Simga Epislon,HI,biological_parent_discharge,all,7/1/2024,9/30/2024,10,13,Numerator/Denominator,,01/03/2025 at 10:50 PM,01/03/2025 at 10:50 PM,cppsud
123300,Beta Simga Epislon,HI,biological_parent_discharge,all,4/1/2024,6/30/2024,7,9,Numerator/Denominator,,07/26/2024 at 08:11 PM,07/26/2024 at 08:11 PM,cppsud
123300,Beta Simga Epislon,HI,biological_parent_discharge,all,1/1/2024,3/31/2024,4,12,Numerator/Denominator,,07/26/2024 at 07:55 PM,07/26/2024 at 07:55 PM,cppsud
123300,Beta Simga Epislon,HI,biological_parent_discharge,all,10/1/2023,12/31/2023,12,16,Numerator/Denominator,,02/02/2024 at 02:09 PM,02/02/2024 at 02:09 PM,cppsud
123300,Beta Simga Epislon,HI,biological_parent_discharge,all,7/1/2023,9/30/2023,11,19,Numerator/Denominator,,02/02/2024 at 02:07 PM,02/02/2024 at 02:07 PM,cppsud
123300,Beta Simga Epislon,HI,biological_parent_discharge,all,4/1/2023,6/30/2023,16,18,Numerator/Denominator,,02/02/2024 at 02:05 PM,02/02/2024 at 02:05 PM,cppsud
123300,Beta Simga Epislon,HI,biological_parent_discharge,all,1/1/2023,3/31/2023,12,19,Numerator/Denominator,,05/17/2023 at 11:11 PM,02/02/2024 at 02:02 PM,cppsud
123300,Beta Simga Epislon,HI,biological_parent_discharge,all,10/1/2022,12/31/2022,7,13,Numerator/Denominator,,05/17/2023 at 11:06 PM,05/17/2023 at 11:06 PM,cppsud
123300,Beta Simga Epislon,HI,biological_parent_discharge,all,4/1/2025,6/30/2025,9,12,Numerator/Denominator,,07/30/2025 at 01:54 AM,07/30/2025 at 01:54 AM,cppsud
123300,Beta Simga Epislon,HI,biological_parent_discharge,all,7/1/2022,9/30/2022,8,8,Numerator/Denominator,,05/17/2023 at 11:02 PM,05/17/2023 at 11:02 PM,cppsud
123300,Beta Simga Epislon,HI,hem_risk_assessment,all,10/1/2022,12/31/2022,1163,1454,Numerator/Denominator,,05/17/2023 at 10:28 PM,05/17/2023 at 10:28 PM,hemorrhage
123300,Beta Simga Epislon,HI,hem_risk_assessment,all,7/1/2022,9/30/2022,189,189,Numerator/Denominator,,11/07/2022 at 04:25 PM,11/07/2022 at 05:42 PM,hemorrhage
123300,Beta Simga Epislon,HI,hemorrhage_nursing_education,all,10/1/2022,12/31/2022,95,100,Range,,03/08/2023 at 10:50 PM,03/08/2023 at 10:50 PM,hemorrhage
123300,Beta Simga Epislon,HI,hemorrhage_nursing_education,all,7/1/2022,9/30/2022,95,100,Range,,11/07/2022 at 04:25 PM,11/07/2022 at 04:25 PM,hemorrhage
123300,Beta Simga Epislon,HI,hemorrhage_nursing_education,all,4/1/2022,6/30/2022,85,100,Range,,08/26/2022 at 03:03 PM,08/26/2022 at 03:06 PM,hemorrhage
123300,Beta Simga Epislon,HI,hemorrhage_nursing_education,all,1/1/2022,3/31/2022,95,100,Range,,06/01/2022 at 01:29 PM,06/01/2022 at 01:29 PM,hemorrhage
123300,Beta Simga Epislon,HI,hemorrhage_nursing_education,all,10/1/2021,12/31/2021,95,100,Range,,01/21/2022 at 05:11 PM,01/21/2022 at 05:11 PM,hemorrhage
123300,Beta Simga Epislon,HI,hemorrhage_nursing_education,all,7/1/2021,9/30/2021,95,100,Range,,01/21/2022 at 05:10 PM,01/21/2022 at 05:10 PM,hemorrhage
123300,Beta Simga Epislon,HI,hemorrhage_nursing_education,all,4/1/2021,6/30/2021,95,100,Range,,08/16/2021 at 03:16 PM,08/16/2021 at 03:16 PM,hemorrhage
123300,Beta Simga Epislon,HI,hemorrhage_nursing_education_and_protocol,all,4/1/2021,6/30/2021,95,100,Range,,08/16/2021 at 03:16 PM,08/16/2021 at 03:16 PM,hemorrhage
123300,Beta Simga Epislon,HI,hemorrhage_provider_education,all,10/1/2022,12/31/2022,55,100,Range,,03/08/2023 at 10:50 PM,03/09/2023 at 07:51 PM,hemorrhage
123300,Beta Simga Epislon,HI,hemorrhage_provider_education,all,7/1/2022,9/30/2022,45,100,Range,,10/18/2022 at 01:54 AM,11/07/2022 at 04:25 PM,hemorrhage
123300,Beta Simga Epislon,HI,hemorrhage_provider_education,all,4/1/2022,6/30/2022,5,100,Range,,08/26/2022 at 03:03 PM,08/26/2022 at 03:03 PM,hemorrhage
123300,Beta Simga Epislon,HI,hemorrhage_provider_education,all,1/1/2022,3/31/2022,25,100,Range,,06/01/2022 at 01:29 PM,06/01/2022 at 01:29 PM,hemorrhage
123300,Beta Simga Epislon,HI,hemorrhage_provider_education,all,10/1/2021,12/31/2021,25,100,Range,,01/21/2022 at 05:11 PM,01/28/2022 at 12:45 AM,hemorrhage
123300,Beta Simga Epislon,HI,hemorrhage_provider_education,all,7/1/2021,9/30/2021,65,100,Range,,01/21/2022 at 05:10 PM,01/21/2022 at 05:10 PM,hemorrhage
123300,Beta Simga Epislon,HI,hemorrhage_provider_education,all,4/1/2021,6/30/2021,25,100,Range,,08/16/2021 at 03:16 PM,08/16/2021 at 03:16 PM,hemorrhage
123300,Beta Simga Epislon,HI,hemorrhage_provider_education_and_protocol,all,4/1/2021,6/30/2021,25,100,Range,,08/16/2021 at 03:16 PM,08/16/2021 at 03:16 PM,hemorrhage
123300,Beta Simga Epislon,HI,hemorrhage_risk_assessment,all,7/1/2021,9/30/2021,85,100,Range,,01/21/2022 at 05:10 PM,01/21/2022 at 05:10 PM,hemorrhage
123300,Beta Simga Epislon,HI,hemorrhage_risk_assessment,all,4/1/2021,6/30/2021,85,100,Range,,08/16/2021 at 03:16 PM,08/16/2021 at 03:16 PM,hemorrhage
123300,Beta Simga Epislon,HI,hemorrhage_risk_assessment,all,7/1/2022,9/30/2022,95,100,Range,,10/18/2022 at 01:54 AM,10/18/2022 at 01:54 AM,hemorrhage
123300,Beta Simga Epislon,HI,hemorrhage_risk_assessment,all,4/1/2022,6/30/2022,85,100,Range,,08/26/2022 at 03:03 PM,08/26/2022 at 03:06 PM,hemorrhage
123300,Beta Simga Epislon,HI,hemorrhage_risk_assessment,all,1/1/2022,3/31/2022,85,100,Range,,06/01/2022 at 01:29 PM,06/01/2022 at 01:29 PM,hemorrhage
123300,Beta Simga Epislon,HI,hemorrhage_risk_assessment,all,10/1/2021,12/31/2021,85,100,Range,,01/21/2022 at 05:11 PM,01/21/2022 at 05:11 PM,hemorrhage
123300,Beta Simga Epislon,HI,medication_assisted_treatment_referral,all,1/1/2024,3/31/2024,5,5,Numerator/Denominator,,07/26/2024 at 07:55 PM,07/26/2024 at 07:55 PM,cppsud
123300,Beta Simga Epislon,HI,medication_assisted_treatment_referral,all,10/1/2023,12/31/2023,2,3,Numerator/Denominator,,02/02/2024 at 02:09 PM,02/02/2024 at 02:09 PM,cppsud
123300,Beta Simga Epislon,HI,medication_assisted_treatment_referral,all,7/1/2023,9/30/2023,3,5,Numerator/Denominator,,02/02/2024 at 02:07 PM,02/02/2024 at 02:07 PM,cppsud
123300,Beta Simga Epislon,HI,medication_assisted_treatment_referral,all,4/1/2023,6/30/2023,6,7,Numerator/Denominator,,02/02/2024 at 02:05 PM,02/02/2024 at 02:05 PM,cppsud
123300,Beta Simga Epislon,HI,medication_assisted_treatment_referral,all,1/1/2023,3/31/2023,5,10,Numerator/Denominator,,05/17/2023 at 11:11 PM,02/02/2024 at 02:02 PM,cppsud
123300,Beta Simga Epislon,HI,medication_assisted_treatment_referral,all,10/1/2022,12/31/2022,2,5,Numerator/Denominator,,05/17/2023 at 11:06 PM,05/17/2023 at 11:06 PM,cppsud
123300,Beta Simga Epislon,HI,medication_assisted_treatment_referral,all,4/1/2025,6/30/2025,1,5,Numerator/Denominator,,07/30/2025 at 01:54 AM,07/30/2025 at 01:54 AM,cppsud
123300,Beta Simga Epislon,HI,medication_assisted_treatment_referral,all,7/1/2022,9/30/2022,0,2,Numerator/Denominator,,05/17/2023 at 11:02 PM,05/17/2023 at 11:02 PM,cppsud
123300,Beta Simga Epislon,HI,medication_assisted_treatment_referral,all,1/1/2025,3/31/2025,3,5,Numerator/Denominator,,04/18/2025 at 02:28 PM,04/18/2025 at 02:28 PM,cppsud
123300,Beta Simga Epislon,HI,medication_assisted_treatment_referral,all,10/1/2024,12/31/2024,2,4,Numerator/Denominator,,01/31/2025 at 02:27 PM,01/31/2025 at 02:27 PM,cppsud
123300,Beta Simga Epislon,HI,medication_assisted_treatment_referral,all,7/1/2024,9/30/2024,1,17,Numerator/Denominator,,01/03/2025 at 10:50 PM,01/03/2025 at 10:50 PM,cppsud
123300,Beta Simga Epislon,HI,medication_assisted_treatment_referral,all,4/1/2024,6/30/2024,1,1,Numerator/Denominator,,07/26/2024 at 08:11 PM,07/26/2024 at 08:11 PM,cppsud
123300,Beta Simga Epislon,HI,medication_counseling,all,7/1/2023,9/30/2023,3,5,Numerator/Denominator,,02/02/2024 at 02:07 PM,02/02/2024 at 02:07 PM,cppsud
123300,Beta Simga Epislon,HI,medication_counseling,all,4/1/2023,6/30/2023,6,7,Numerator/Denominator,,02/02/2024 at 02:05 PM,02/02/2024 at 02:05 PM,cppsud
123300,Beta Simga Epislon,HI,medication_counseling,all,1/1/2023,3/31/2023,5,10,Numerator/Denominator,,05/17/2023 at 11:11 PM,02/02/2024 at 02:02 PM,cppsud
123300,Beta Simga Epislon,HI,medication_counseling,all,10/1/2022,12/31/2022,2,5,Numerator/Denominator,,05/17/2023 at 11:06 PM,05/17/2023 at 11:06 PM,cppsud
123300,Beta Simga Epislon,HI,medication_counseling,all,7/1/2022,9/30/2022,0,2,Numerator/Denominator,,05/17/2023 at 11:02 PM,05/17/2023 at 11:02 PM,cppsud
123300,Beta Simga Epislon,HI,medication_counseling,all,4/1/2025,6/30/2025,3,6,Numerator/Denominator,,07/30/2025 at 01:54 AM,07/30/2025 at 01:54 AM,cppsud
123300,Beta Simga Epislon,HI,medication_counseling,all,7/1/2024,9/30/2024,6,17,Numerator/Denominator,,01/03/2025 at 10:50 PM,01/03/2025 at 10:50 PM,cppsud
123300,Beta Simga Epislon,HI,medication_counseling,all,1/1/2025,3/31/2025,3,5,Numerator/Denominator,,04/18/2025 at 02:28 PM,04/18/2025 at 02:28 PM,cppsud
123300,Beta Simga Epislon,HI,medication_counseling,all,4/1/2024,6/30/2024,1,1,Numerator/Denominator,,07/26/2024 at 08:11 PM,07/26/2024 at 08:11 PM,cppsud
123300,Beta Simga Epislon,HI,medication_counseling,all,10/1/2024,12/31/2024,2,4,Numerator/Denominator,,01/31/2025 at 02:27 PM,01/31/2025 at 02:27 PM,cppsud
123300,Beta Simga Epislon,HI,medication_counseling,all,1/1/2024,3/31/2024,5,5,Numerator/Denominator,,07/26/2024 at 07:55 PM,07/26/2024 at 07:55 PM,cppsud
123300,Beta Simga Epislon,HI,medication_counseling,all,10/1/2023,12/31/2023,2,3,Numerator/Denominator,,02/02/2024 at 02:09 PM,02/02/2024 at 02:09 PM,cppsud
123300,Beta Simga Epislon,HI,naloxone_counseling,all,1/1/2024,3/31/2024,1,13,Numerator/Denominator,,07/26/2024 at 07:55 PM,07/26/2024 at 07:55 PM,cppsud
123300,Beta Simga Epislon,HI,naloxone_counseling,all,10/1/2023,12/31/2023,0,16,Numerator/Denominator,,02/02/2024 at 02:09 PM,02/02/2024 at 02:09 PM,cppsud
123300,Beta Simga Epislon,HI,naloxone_counseling,all,7/1/2023,9/30/2023,1,19,Numerator/Denominator,,02/02/2024 at 02:07 PM,02/02/2024 at 02:07 PM,cppsud
123300,Beta Simga Epislon,HI,naloxone_counseling,all,4/1/2023,6/30/2023,0,18,Numerator/Denominator,,02/02/2024 at 02:05 PM,02/02/2024 at 02:05 PM,cppsud
123300,Beta Simga Epislon,HI,naloxone_counseling,all,1/1/2023,3/31/2023,0,19,Numerator/Denominator,,05/17/2023 at 11:11 PM,02/02/2024 at 02:02 PM,cppsud
123300,Beta Simga Epislon,HI,naloxone_counseling,all,10/1/2022,12/31/2022,0,14,Numerator/Denominator,,05/17/2023 at 11:06 PM,05/17/2023 at 11:06 PM,cppsud
123300,Beta Simga Epislon,HI,naloxone_counseling,all,4/1/2025,6/30/2025,0,12,Numerator/Denominator,,07/30/2025 at 01:54 AM,07/30/2025 at 01:54 AM,cppsud
123300,Beta Simga Epislon,HI,naloxone_counseling,all,7/1/2022,9/30/2022,0,14,Numerator/Denominator,,05/17/2023 at 11:02 PM,05/17/2023 at 11:02 PM,cppsud
123300,Beta Simga Epislon,HI,naloxone_counseling,all,1/1/2025,3/31/2025,2,13,Numerator/Denominator,,04/18/2025 at 02:28 PM,04/18/2025 at 02:28 PM,cppsud
123300,Beta Simga Epislon,HI,naloxone_counseling,all,10/1/2024,12/31/2024,1,15,Numerator/Denominator,,01/31/2025 at 02:27 PM,01/31/2025 at 02:27 PM,cppsud
123300,Beta Simga Epislon,HI,naloxone_counseling,all,7/1/2024,9/30/2024,0,17,Numerator/Denominator,,01/03/2025 at 10:50 PM,01/03/2025 at 10:50 PM,cppsud
123300,Beta Simga Epislon,HI,naloxone_counseling,all,4/1/2024,6/30/2024,1,9,Numerator/Denominator,,07/26/2024 at 08:11 PM,07/26/2024 at 08:11 PM,cppsud
123300,Beta Simga Epislon,HI,naloxone_prescription,all,7/1/2023,9/30/2023,2,19,Numerator/Denominator,,02/02/2024 at 02:07 PM,03/04/2024 at 07:14 PM,cppsud
123300,Beta Simga Epislon,HI,naloxone_prescription,all,4/1/2023,6/30/2023,1,18,Numerator/Denominator,,02/02/2024 at 02:05 PM,03/04/2024 at 07:15 PM,cppsud
123300,Beta Simga Epislon,HI,naloxone_prescription,all,1/1/2023,3/31/2023,1,19,Numerator/Denominator,,05/17/2023 at 11:11 PM,03/04/2024 at 07:15 PM,cppsud
123300,Beta Simga Epislon,HI,naloxone_prescription,all,10/1/2022,12/31/2022,1,17,Numerator/Denominator,,05/17/2023 at 11:06 PM,03/04/2024 at 07:17 PM,cppsud
123300,Beta Simga Epislon,HI,naloxone_prescription,all,4/1/2025,6/30/2025,0,12,Numerator/Denominator,,07/30/2025 at 01:54 AM,07/30/2025 at 01:54 AM,cppsud
123300,Beta Simga Epislon,HI,naloxone_prescription,all,7/1/2022,9/30/2022,0,17,Numerator/Denominator,,05/17/2023 at 11:02 PM,03/04/2024 at 07:17 PM,cppsud
123300,Beta Simga Epislon,HI,naloxone_prescription,all,1/1/2025,3/31/2025,2,13,Numerator/Denominator,,04/18/2025 at 02:28 PM,04/18/2025 at 02:28 PM,cppsud
123300,Beta Simga Epislon,HI,naloxone_prescription,all,10/1/2024,12/31/2024,2,15,Numerator/Denominator,,01/31/2025 at 02:27 PM,01/31/2025 at 02:27 PM,cppsud
123300,Beta Simga Epislon,HI,naloxone_prescription,all,7/1/2024,9/30/2024,0,17,Numerator/Denominator,,01/03/2025 at 10:50 PM,01/03/2025 at 10:50 PM,cppsud
123300,Beta Simga Epislon,HI,naloxone_prescription,all,4/1/2024,6/30/2024,1,9,Numerator/Denominator,,07/26/2024 at 08:11 PM,07/26/2024 at 08:11 PM,cppsud
123300,Beta Simga Epislon,HI,naloxone_prescription,all,1/1/2024,3/31/2024,1,13,Numerator/Denominator,,07/26/2024 at 07:55 PM,07/26/2024 at 07:55 PM,cppsud
123300,Beta Simga Epislon,HI,naloxone_prescription,all,10/1/2023,12/31/2023,1,16,Numerator/Denominator,,02/02/2024 at 02:09 PM,03/04/2024 at 07:14 PM,cppsud
123300,Beta Simga Epislon,HI,nursing_equity_education,all,10/1/2022,12/31/2022,95,100,Range,,03/08/2023 at 10:46 PM,03/09/2023 at 07:47 PM,"preeclampsia,hemorrhage,cesarean_reduction"
123300,Beta Simga Epislon,HI,other_hypertensive_symptoms_check_scheduling,all,10/1/2022,12/31/2022,0,106,Numerator/Denominator,,05/17/2023 at 10:04 PM,05/17/2023 at 10:04 PM,preeclampsia
123300,Beta Simga Epislon,HI,post_hemorrhage_patient_support,all,10/1/2022,12/31/2022,0,27,Numerator/Denominator,,05/17/2023 at 10:28 PM,05/17/2023 at 10:28 PM,hemorrhage
123300,Beta Simga Epislon,HI,post_hemorrhage_patient_support,all,7/1/2022,9/30/2022,2,21,Numerator/Denominator,,11/07/2022 at 04:25 PM,11/07/2022 at 04:25 PM,hemorrhage
123300,Beta Simga Epislon,HI,preeclampsia_emergency_dept_nursing_education,all,10/1/2022,12/31/2022,95,100,Range,,03/08/2023 at 10:46 PM,03/09/2023 at 07:49 PM,preeclampsia
123300,Beta Simga Epislon,HI,preeclampsia_nursing_education,all,10/1/2022,12/31/2022,95,100,Range,,03/08/2023 at 10:46 PM,03/08/2023 at 10:46 PM,"preeclampsia,texas_preeclampsia"
123300,Beta Simga Epislon,HI,preeclampsia_nursing_education,all,7/1/2022,9/30/2022,95,100,Range,,11/07/2022 at 03:07 PM,11/07/2022 at 03:07 PM,"preeclampsia,texas_preeclampsia"
123300,Beta Simga Epislon,HI,preeclampsia_nursing_education,all,4/1/2022,6/30/2022,95,100,Range,,08/25/2022 at 04:44 PM,08/25/2022 at 04:44 PM,"preeclampsia,texas_preeclampsia"
123300,Beta Simga Epislon,HI,preeclampsia_nursing_education,all,1/1/2022,3/31/2022,95,100,Range,,06/01/2022 at 01:22 PM,06/01/2022 at 01:22 PM,"preeclampsia,texas_preeclampsia"
123300,Beta Simga Epislon,HI,preeclampsia_nursing_education,all,10/1/2021,12/31/2021,95,100,Range,,01/21/2022 at 05:30 PM,02/07/2022 at 07:37 PM,"preeclampsia,texas_preeclampsia"
123300,Beta Simga Epislon,HI,preeclampsia_nursing_education,all,7/1/2021,9/30/2021,95,100,Range,,01/21/2022 at 05:30 PM,01/21/2022 at 05:30 PM,"preeclampsia,texas_preeclampsia"
123300,Beta Simga Epislon,HI,preeclampsia_nursing_education,all,4/1/2021,6/30/2021,95,100,Range,,08/16/2021 at 03:10 PM,08/16/2021 at 03:10 PM,"preeclampsia,texas_preeclampsia"
123300,Beta Simga Epislon,HI,preeclampsia_nursing_education_and_protocol,all,4/1/2021,6/30/2021,95,100,Range,,08/16/2021 at 03:10 PM,08/16/2021 at 03:10 PM,"preeclampsia,texas_preeclampsia"
123300,Beta Simga Epislon,HI,preeclampsia_provider_education,all,7/1/2021,9/30/2021,5,100,Range,,01/21/2022 at 05:30 PM,01/28/2022 at 12:45 AM,"preeclampsia,texas_preeclampsia"
123300,Beta Simga Epislon,HI,preeclampsia_provider_education,all,4/1/2021,6/30/2021,15,100,Range,,08/16/2021 at 03:10 PM,08/16/2021 at 03:10 PM,"preeclampsia,texas_preeclampsia"
123300,Beta Simga Epislon,HI,preeclampsia_provider_education,all,10/1/2022,12/31/2022,15,100,Range,,03/08/2023 at 10:46 PM,03/09/2023 at 07:50 PM,"preeclampsia,texas_preeclampsia"
123300,Beta Simga Epislon,HI,preeclampsia_provider_education,all,7/1/2022,9/30/2022,45,100,Range,,11/07/2022 at 03:07 PM,11/07/2022 at 03:07 PM,"preeclampsia,texas_preeclampsia"
123300,Beta Simga Epislon,HI,preeclampsia_provider_education,all,4/1/2022,6/30/2022,5,100,Range,,08/25/2022 at 04:44 PM,08/25/2022 at 04:44 PM,"preeclampsia,texas_preeclampsia"
123300,Beta Simga Epislon,HI,preeclampsia_provider_education,all,1/1/2022,3/31/2022,5,100,Range,,06/01/2022 at 01:22 PM,06/01/2022 at 01:22 PM,"preeclampsia,texas_preeclampsia"
123300,Beta Simga Epislon,HI,preeclampsia_provider_education,all,10/1/2021,12/31/2021,5,100,Range,,01/21/2022 at 05:30 PM,01/28/2022 at 12:43 AM,"preeclampsia,texas_preeclampsia"
123300,Beta Simga Epislon,HI,preeclampsia_provider_education_and_protocol,all,4/1/2021,6/30/2021,5,100,Range,,08/16/2021 at 03:10 PM,08/16/2021 at 03:10 PM,"preeclampsia,texas_preeclampsia"
123300,Beta Simga Epislon,HI,provider_equity_education,all,10/1/2022,12/31/2022,95,100,Range,,03/08/2023 at 10:46 PM,03/09/2023 at 07:47 PM,"preeclampsia,hemorrhage,cesarean_reduction"
123300,Beta Simga Epislon,HI,quant_blood_loss,all,10/1/2022,12/31/2022,1017,1454,Numerator/Denominator,,05/17/2023 at 10:28 PM,05/17/2023 at 10:29 PM,hemorrhage
123300,Beta Simga Epislon,HI,quant_blood_loss,all,7/1/2022,9/30/2022,21,28,Numerator/Denominator,,11/07/2022 at 05:42 PM,11/07/2022 at 05:42 PM,hemorrhage
123300,Beta Simga Epislon,HI,quantified_blood_loss,all,4/1/2021,6/30/2021,5,100,Range,,08/16/2021 at 03:16 PM,08/16/2021 at 03:16 PM,hemorrhage
123300,Beta Simga Epislon,HI,quantified_blood_loss,all,7/1/2022,9/30/2022,85,100,Range,,11/07/2022 at 04:25 PM,11/07/2022 at 04:25 PM,hemorrhage
123300,Beta Simga Epislon,HI,quantified_blood_loss,all,4/1/2022,6/30/2022,85,100,Range,,08/26/2022 at 03:03 PM,08/26/2022 at 03:06 PM,hemorrhage
123300,Beta Simga Epislon,HI,quantified_blood_loss,all,1/1/2022,3/31/2022,5,100,Range,,06/01/2022 at 01:29 PM,06/01/2022 at 01:29 PM,hemorrhage
123300,Beta Simga Epislon,HI,quantified_blood_loss,all,10/1/2021,12/31/2021,5,100,Range,,01/21/2022 at 05:11 PM,01/21/2022 at 05:11 PM,hemorrhage
123300,Beta Simga Epislon,HI,quantified_blood_loss,all,7/1/2021,9/30/2021,5,100,Range,,01/21/2022 at 05:10 PM,01/21/2022 at 05:10 PM,hemorrhage
123300,Beta Simga Epislon,HI,recovery_treatment_services_counseling,all,10/1/2023,12/31/2023,11,16,Numerator/Denominator,,02/02/2024 at 02:09 PM,02/02/2024 at 02:09 PM,cppsud
123300,Beta Simga Epislon,HI,recovery_treatment_services_counseling,all,7/1/2023,9/30/2023,12,19,Numerator/Denominator,,02/02/2024 at 02:07 PM,02/02/2024 at 02:07 PM,cppsud
123300,Beta Simga Epislon,HI,recovery_treatment_services_counseling,all,4/1/2025,6/30/2025,5,12,Numerator/Denominator,,07/30/2025 at 01:54 AM,07/30/2025 at 01:54 AM,cppsud
123300,Beta Simga Epislon,HI,recovery_treatment_services_counseling,all,4/1/2023,6/30/2023,7,18,Numerator/Denominator,,02/02/2024 at 02:05 PM,02/02/2024 at 02:05 PM,cppsud
123300,Beta Simga Epislon,HI,recovery_treatment_services_counseling,all,1/1/2025,3/31/2025,8,14,Numerator/Denominator,,04/18/2025 at 02:28 PM,04/18/2025 at 02:28 PM,cppsud
123300,Beta Simga Epislon,HI,recovery_treatment_services_counseling,all,1/1/2023,3/31/2023,10,19,Numerator/Denominator,,05/17/2023 at 11:11 PM,02/02/2024 at 02:02 PM,cppsud
123300,Beta Simga Epislon,HI,recovery_treatment_services_counseling,all,10/1/2024,12/31/2024,9,16,Numerator/Denominator,,01/31/2025 at 02:27 PM,01/31/2025 at 02:27 PM,cppsud
123300,Beta Simga Epislon,HI,recovery_treatment_services_counseling,all,10/1/2022,12/31/2022,15,17,Numerator/Denominator,,05/17/2023 at 11:06 PM,05/17/2023 at 11:06 PM,cppsud
123300,Beta Simga Epislon,HI,recovery_treatment_services_counseling,all,7/1/2024,9/30/2024,4,15,Numerator/Denominator,,01/03/2025 at 10:50 PM,01/03/2025 at 10:50 PM,cppsud
123300,Beta Simga Epislon,HI,recovery_treatment_services_counseling,all,7/1/2022,9/30/2022,13,17,Numerator/Denominator,,05/17/2023 at 11:02 PM,05/17/2023 at 11:02 PM,cppsud
123300,Beta Simga Epislon,HI,recovery_treatment_services_counseling,all,4/1/2024,6/30/2024,8,9,Numerator/Denominator,,07/26/2024 at 08:11 PM,07/26/2024 at 08:11 PM,cppsud
123300,Beta Simga Epislon,HI,recovery_treatment_services_counseling,all,1/1/2024,3/31/2024,12,13,Numerator/Denominator,,07/26/2024 at 07:55 PM,07/26/2024 at 07:55 PM,cppsud
123300,Beta Simga Epislon,HI,recovery_treatment_services_referral,all,10/1/2022,12/31/2022,10,17,Numerator/Denominator,,05/17/2023 at 11:06 PM,05/17/2023 at 11:06 PM,cppsud
123300,Beta Simga Epislon,HI,recovery_treatment_services_referral,all,4/1/2025,6/30/2025,5,12,Numerator/Denominator,,07/30/2025 at 01:54 AM,07/30/2025 at 01:54 AM,cppsud
123300,Beta Simga Epislon,HI,recovery_treatment_services_referral,all,7/1/2022,9/30/2022,8,17,Numerator/Denominator,,05/17/2023 at 11:02 PM,05/17/2023 at 11:02 PM,cppsud
123300,Beta Simga Epislon,HI,recovery_treatment_services_referral,all,1/1/2025,3/31/2025,6,14,Numerator/Denominator,,04/18/2025 at 02:28 PM,04/18/2025 at 02:28 PM,cppsud
123300,Beta Simga Epislon,HI,recovery_treatment_services_referral,all,10/1/2024,12/31/2024,6,16,Numerator/Denominator,,01/31/2025 at 02:27 PM,01/31/2025 at 02:27 PM,cppsud
123300,Beta Simga Epislon,HI,recovery_treatment_services_referral,all,7/1/2024,9/30/2024,3,15,Numerator/Denominator,,01/03/2025 at 10:50 PM,01/03/2025 at 10:50 PM,cppsud
123300,Beta Simga Epislon,HI,recovery_treatment_services_referral,all,4/1/2024,6/30/2024,4,9,Numerator/Denominator,,07/26/2024 at 08:11 PM,07/26/2024 at 08:11 PM,cppsud
123300,Beta Simga Epislon,HI,recovery_treatment_services_referral,all,1/1/2024,3/31/2024,5,13,Numerator/Denominator,,07/26/2024 at 07:55 PM,07/26/2024 at 07:55 PM,cppsud
123300,Beta Simga Epislon,HI,recovery_treatment_services_referral,all,10/1/2023,12/31/2023,7,16,Numerator/Denominator,,02/02/2024 at 02:09 PM,02/02/2024 at 02:09 PM,cppsud
123300,Beta Simga Epislon,HI,recovery_treatment_services_referral,all,7/1/2023,9/30/2023,9,19,Numerator/Denominator,,02/02/2024 at 02:07 PM,02/02/2024 at 02:07 PM,cppsud
123300,Beta Simga Epislon,HI,recovery_treatment_services_referral,all,4/1/2023,6/30/2023,4,18,Numerator/Denominator,,02/02/2024 at 02:05 PM,02/02/2024 at 02:05 PM,cppsud
123300,Beta Simga Epislon,HI,recovery_treatment_services_referral,all,1/1/2023,3/31/2023,8,19,Numerator/Denominator,,05/17/2023 at 11:11 PM,02/02/2024 at 02:02 PM,cppsud
123300,Beta Simga Epislon,HI,respectful_equitable_care_provider_and_nursing_education,all,7/1/2022,9/30/2022,5,100,Range,,03/08/2023 at 10:54 PM,03/08/2023 at 10:54 PM,"cppsud,ppdt,ccoc,sepsis,mental_health"
123300,Beta Simga Epislon,HI,respectful_equitable_care_provider_and_nursing_education,all,1/1/2025,3/31/2025,95,100,Range,,04/18/2025 at 02:28 PM,04/18/2025 at 02:28 PM,"cppsud,ppdt,ccoc,sepsis,mental_health"
123300,Beta Simga Epislon,HI,respectful_equitable_care_provider_and_nursing_education,all,10/1/2024,12/31/2024,95,100,Range,,01/31/2025 at 02:27 PM,01/31/2025 at 02:27 PM,"cppsud,ppdt,ccoc,sepsis,mental_health"
123300,Beta Simga Epislon,HI,respectful_equitable_care_provider_and_nursing_education,all,7/1/2024,9/30/2024,95,100,Range,,01/03/2025 at 10:50 PM,01/03/2025 at 10:50 PM,"cppsud,ppdt,ccoc,sepsis,mental_health"
123300,Beta Simga Epislon,HI,respectful_equitable_care_provider_and_nursing_education,all,4/1/2024,6/30/2024,95,100,Range,,07/26/2024 at 08:11 PM,07/26/2024 at 08:11 PM,"cppsud,ppdt,ccoc,sepsis,mental_health"
123300,Beta Simga Epislon,HI,respectful_equitable_care_provider_and_nursing_education,all,1/1/2024,3/31/2024,95,100,Range,,07/26/2024 at 07:55 PM,07/26/2024 at 07:55 PM,"cppsud,ppdt,ccoc,sepsis,mental_health"
123300,Beta Simga Epislon,HI,respectful_equitable_care_provider_and_nursing_education,all,10/1/2023,12/31/2023,95,100,Range,,02/02/2024 at 02:09 PM,02/02/2024 at 02:09 PM,"cppsud,ppdt,ccoc,sepsis,mental_health"
123300,Beta Simga Epislon,HI,respectful_equitable_care_provider_and_nursing_education,all,7/1/2023,9/30/2023,95,100,Range,,02/02/2024 at 02:07 PM,02/02/2024 at 02:07 PM,"cppsud,ppdt,ccoc,sepsis,mental_health"
123300,Beta Simga Epislon,HI,respectful_equitable_care_provider_and_nursing_education,all,4/1/2023,6/30/2023,95,100,Range,,02/02/2024 at 02:05 PM,02/02/2024 at 02:05 PM,"cppsud,ppdt,ccoc,sepsis,mental_health"
123300,Beta Simga Epislon,HI,respectful_equitable_care_provider_and_nursing_education,all,1/1/2023,3/31/2023,95,100,Range,,05/17/2023 at 11:11 PM,05/17/2023 at 11:11 PM,"cppsud,ppdt,ccoc,sepsis,mental_health"
123300,Beta Simga Epislon,HI,respectful_equitable_care_provider_and_nursing_education,all,10/1/2022,12/31/2022,95,100,Range,,03/09/2023 at 07:45 PM,03/09/2023 at 07:45 PM,"cppsud,ppdt,ccoc,sepsis,mental_health"
123300,Beta Simga Epislon,HI,respectful_equitable_care_provider_and_nursing_education,all,4/1/2025,6/30/2025,95,100,Range,,07/30/2025 at 01:54 AM,07/30/2025 at 01:54 AM,"cppsud,ppdt,ccoc,sepsis,mental_health"
123300,Beta Simga Epislon,HI,severe_htn_treatment,all,10/1/2022,12/31/2022,52,106,Numerator/Denominator,,03/08/2023 at 10:34 PM,03/08/2023 at 10:34 PM,"preeclampsia,texas_preeclampsia"
123300,Beta Simga Epislon,HI,severe_htn_treatment,all,7/1/2022,9/30/2022,63,113,Numerator/Denominator,,10/12/2022 at 03:50 PM,11/07/2022 at 03:07 PM,"preeclampsia,texas_preeclampsia"
123300,Beta Simga Epislon,HI,severe_htn_treatment,all,4/1/2022,6/30/2022,51,87,Numerator/Denominator,,08/25/2022 at 04:39 PM,08/25/2022 at 04:39 PM,"preeclampsia,texas_preeclampsia"
123300,Beta Simga Epislon,HI,severe_htn_treatment,all,1/1/2022,3/31/2022,56,114,Numerator/Denominator,,06/01/2022 at 01:22 PM,08/25/2022 at 04:41 PM,"preeclampsia,texas_preeclampsia"
123300,Beta Simga Epislon,HI,severe_htn_treatment,all,10/1/2021,12/31/2021,55,106,Numerator/Denominator,,01/28/2022 at 12:38 AM,01/28/2022 at 12:38 AM,"preeclampsia,texas_preeclampsia"
123300,Beta Simga Epislon,HI,severe_htn_treatment,all,7/1/2021,9/30/2021,49,99,Numerator/Denominator,,01/21/2022 at 05:30 PM,01/21/2022 at 05:30 PM,"preeclampsia,texas_preeclampsia"
123300,Beta Simga Epislon,HI,severe_htn_treatment,all,4/1/2021,6/30/2021,56,102,Numerator/Denominator,,01/21/2022 at 05:29 PM,01/21/2022 at 05:29 PM,"preeclampsia,texas_preeclampsia"
123300,Beta Simga Epislon,HI,severe_hypertension_symptoms_check_scheduling,all,10/1/2022,12/31/2022,0,106,Numerator/Denominator,,03/08/2023 at 10:34 PM,05/17/2023 at 10:04 PM,preeclampsia
123300,Beta Simga Epislon,HI,sud_provider_and_nursing_education,all,10/1/2022,12/31/2022,25,100,Range,,03/09/2023 at 07:45 PM,03/09/2023 at 07:52 PM,cppsud
123300,Beta Simga Epislon,HI,sud_provider_and_nursing_education,all,4/1/2025,6/30/2025,95,100,Range,,07/30/2025 at 01:54 AM,07/30/2025 at 01:54 AM,cppsud
123300,Beta Simga Epislon,HI,sud_provider_and_nursing_education,all,7/1/2022,9/30/2022,5,100,Range,,03/08/2023 at 10:54 PM,03/08/2023 at 10:54 PM,cppsud
123300,Beta Simga Epislon,HI,sud_provider_and_nursing_education,all,1/1/2025,3/31/2025,95,100,Range,,04/18/2025 at 02:28 PM,04/18/2025 at 02:28 PM,cppsud
123300,Beta Simga Epislon,HI,sud_provider_and_nursing_education,all,10/1/2024,12/31/2024,95,100,Range,,01/31/2025 at 02:27 PM,01/31/2025 at 02:27 PM,cppsud
123300,Beta Simga Epislon,HI,sud_provider_and_nursing_education,all,7/1/2024,9/30/2024,95,100,Range,,01/03/2025 at 10:50 PM,01/03/2025 at 10:50 PM,cppsud
123300,Beta Simga Epislon,HI,sud_provider_and_nursing_education,all,4/1/2024,6/30/2024,95,100,Range,,07/26/2024 at 08:11 PM,07/26/2024 at 08:11 PM,cppsud
123300,Beta Simga Epislon,HI,sud_provider_and_nursing_education,all,1/1/2024,3/31/2024,95,100,Range,,07/26/2024 at 07:55 PM,07/26/2024 at 07:55 PM,cppsud
123300,Beta Simga Epislon,HI,sud_provider_and_nursing_education,all,10/1/2023,12/31/2023,65,100,Range,,02/02/2024 at 02:09 PM,02/02/2024 at 02:09 PM,cppsud
123300,Beta Simga Epislon,HI,sud_provider_and_nursing_education,all,7/1/2023,9/30/2023,65,100,Range,,02/02/2024 at 02:07 PM,02/02/2024 at 02:07 PM,cppsud
123300,Beta Simga Epislon,HI,sud_provider_and_nursing_education,all,4/1/2023,6/30/2023,65,100,Range,,02/02/2024 at 02:05 PM,02/02/2024 at 02:05 PM,cppsud
123300,Beta Simga Epislon,HI,sud_provider_and_nursing_education,all,1/1/2023,3/31/2023,65,100,Range,,05/17/2023 at 11:11 PM,02/02/2024 at 02:02 PM,cppsud
123300,Beta Simga Epislon,HI,sud_universal_screening,all,7/1/2022,9/30/2022,4,1454,Numerator/Denominator,,05/15/2023 at 03:39 PM,05/17/2023 at 11:02 PM,cppsud
123300,Beta Simga Epislon,HI,sud_universal_screening,all,1/1/2025,3/31/2025,3,1207,Numerator/Denominator,,04/18/2025 at 02:28 PM,04/18/2025 at 02:28 PM,cppsud
123300,Beta Simga Epislon,HI,sud_universal_screening,all,10/1/2024,12/31/2024,4,1324,Numerator/Denominator,,01/31/2025 at 02:27 PM,01/31/2025 at 02:27 PM,cppsud
123300,Beta Simga Epislon,HI,sud_universal_screening,all,7/1/2024,9/30/2024,12,1315,Numerator/Denominator,,01/03/2025 at 10:50 PM,01/03/2025 at 10:50 PM,cppsud
123300,Beta Simga Epislon,HI,sud_universal_screening,all,4/1/2024,6/30/2024,30,1461,Numerator/Denominator,,07/26/2024 at 08:11 PM,07/26/2024 at 08:11 PM,cppsud
123300,Beta Simga Epislon,HI,sud_universal_screening,all,1/1/2024,3/31/2024,5,1284,Numerator/Denominator,,07/26/2024 at 07:55 PM,07/26/2024 at 07:55 PM,cppsud
123300,Beta Simga Epislon,HI,sud_universal_screening,all,10/1/2023,12/31/2023,3,1511,Numerator/Denominator,,02/02/2024 at 02:09 PM,02/02/2024 at 02:09 PM,cppsud
123300,Beta Simga Epislon,HI,sud_universal_screening,all,7/1/2023,9/30/2023,1,1465,Numerator/Denominator,,02/02/2024 at 02:07 PM,02/02/2024 at 02:07 PM,cppsud
123300,Beta Simga Epislon,HI,sud_universal_screening,all,4/1/2023,6/30/2023,2,1361,Numerator/Denominator,,02/02/2024 at 02:05 PM,02/02/2024 at 02:05 PM,cppsud
123300,Beta Simga Epislon,HI,sud_universal_screening,all,1/1/2023,3/31/2023,1,1354,Numerator/Denominator,,05/15/2023 at 03:40 PM,02/02/2024 at 02:02 PM,cppsud
123300,Beta Simga Epislon,HI,sud_universal_screening,all,10/1/2022,12/31/2022,4,1454,Numerator/Denominator,,05/15/2023 at 03:40 PM,05/17/2023 at 11:06 PM,cppsud
123300,Beta Simga Epislon,HI,sud_universal_screening,all,4/1/2025,6/30/2025,3,1242,Numerator/Denominator,,07/30/2025 at 01:54 AM,07/30/2025 at 01:54 AM,cppsud
123300,Beta Simga Epislon,HI,topics_covered_hemorrhage,all,10/1/2022,12/31/2022,1,1,Numerator/Denominator,,03/08/2023 at 10:34 PM,03/08/2023 at 10:34 PM,"preeclampsia,hemorrhage"
123300,Beta Simga Epislon,HI,topics_covered_hemorrhage,all,7/1/2022,9/30/2022,1,1,Numerator/Denominator,,11/07/2022 at 03:07 PM,11/07/2022 at 03:07 PM,"preeclampsia,hemorrhage"
123300,Beta Simga Epislon,HI,topics_covered_hemorrhage,all,10/1/2021,12/31/2021,0,1,Numerator/Denominator,,01/28/2022 at 12:17 PM,01/28/2022 at 12:17 PM,"preeclampsia,hemorrhage"
123300,Beta Simga Epislon,HI,topics_covered_hemorrhage,all,4/1/2022,6/30/2022,0,1,Numerator/Denominator,,08/26/2022 at 03:03 PM,08/26/2022 at 03:03 PM,"preeclampsia,hemorrhage"
123300,Beta Simga Epislon,HI,topics_covered_hemorrhage,all,7/1/2021,9/30/2021,0,1,Numerator/Denominator,,01/28/2022 at 12:17 PM,01/28/2022 at 12:17 PM,"preeclampsia,hemorrhage"
123300,Beta Simga Epislon,HI,topics_covered_hemorrhage,all,1/1/2022,3/31/2022,0,1,Numerator/Denominator,,06/01/2022 at 01:49 PM,06/01/2022 at 01:49 PM,"preeclampsia,hemorrhage"
123300,Beta Simga Epislon,HI,topics_covered_hemorrhage,all,4/1/2021,6/30/2021,1,1,Numerator/Denominator,,08/16/2021 at 03:10 PM,08/16/2021 at 03:10 PM,"preeclampsia,hemorrhage"
123300,Beta Simga Epislon,HI,topics_covered_other,all,7/1/2022,9/30/2022,1,1,Numerator/Denominator,,11/07/2022 at 03:07 PM,11/07/2022 at 03:07 PM,"preeclampsia,hemorrhage"
123300,Beta Simga Epislon,HI,topics_covered_other,all,4/1/2022,6/30/2022,1,1,Numerator/Denominator,,08/26/2022 at 03:03 PM,08/26/2022 at 03:03 PM,"preeclampsia,hemorrhage"
123300,Beta Simga Epislon,HI,topics_covered_other,all,1/1/2022,3/31/2022,1,1,Numerator/Denominator,,06/01/2022 at 01:49 PM,06/01/2022 at 01:49 PM,"preeclampsia,hemorrhage"
123300,Beta Simga Epislon,HI,topics_covered_other,all,4/1/2021,6/30/2021,0,1,Numerator/Denominator,,01/28/2022 at 12:17 PM,01/28/2022 at 12:17 PM,"preeclampsia,hemorrhage"
123300,Beta Simga Epislon,HI,topics_covered_other,all,10/1/2021,12/31/2021,1,1,Numerator/Denominator,,01/21/2022 at 05:11 PM,01/21/2022 at 05:11 PM,"preeclampsia,hemorrhage"
123300,Beta Simga Epislon,HI,topics_covered_other,all,7/1/2021,9/30/2021,1,1,Numerator/Denominator,,01/21/2022 at 05:10 PM,01/21/2022 at 05:10 PM,"preeclampsia,hemorrhage"
123300,Beta Simga Epislon,HI,topics_covered_other,all,10/1/2022,12/31/2022,1,1,Numerator/Denominator,,03/08/2023 at 10:34 PM,03/08/2023 at 10:34 PM,"preeclampsia,hemorrhage"
123300,Beta Simga Epislon,HI,topics_covered_severe_hypertension,all,10/1/2022,12/31/2022,0,1,Numerator/Denominator,,05/17/2023 at 10:05 PM,05/17/2023 at 10:05 PM,"preeclampsia,hemorrhage"
123300,Beta Simga Epislon,HI,topics_covered_severe_hypertension,all,7/1/2022,9/30/2022,0,1,Numerator/Denominator,,11/07/2022 at 03:07 PM,11/07/2022 at 03:07 PM,"preeclampsia,hemorrhage"
123300,Beta Simga Epislon,HI,topics_covered_severe_hypertension,all,4/1/2022,6/30/2022,0,1,Numerator/Denominator,,08/26/2022 at 03:03 PM,08/26/2022 at 03:03 PM,"preeclampsia,hemorrhage"
123300,Beta Simga Epislon,HI,topics_covered_severe_hypertension,all,1/1/2022,3/31/2022,0,1,Numerator/Denominator,,06/01/2022 at 01:49 PM,06/01/2022 at 01:49 PM,"preeclampsia,hemorrhage"
123300,Beta Simga Epislon,HI,topics_covered_severe_hypertension,all,4/1/2021,6/30/2021,0,1,Numerator/Denominator,,01/28/2022 at 12:17 PM,01/28/2022 at 12:17 PM,"preeclampsia,hemorrhage"
123300,Beta Simga Epislon,HI,topics_covered_severe_hypertension,all,10/1/2021,12/31/2021,1,1,Numerator/Denominator,,01/28/2022 at 12:17 PM,02/07/2022 at 07:37 PM,"preeclampsia,hemorrhage"
123300,Beta Simga Epislon,HI,topics_covered_severe_hypertension,all,7/1/2021,9/30/2021,0,1,Numerator/Denominator,,01/28/2022 at 12:17 PM,01/28/2022 at 12:17 PM,"preeclampsia,hemorrhage"
123300,Beta Simga Epislon,HI,unit_drill_count,all,7/1/2021,9/30/2021,3,1,Raw Value,,01/21/2022 at 05:10 PM,01/21/2022 at 05:10 PM,"preeclampsia,hemorrhage,texas_preeclampsia"
123300,Beta Simga Epislon,HI,unit_drill_count,all,4/1/2021,6/30/2021,3,1,Raw Value,,08/16/2021 at 03:10 PM,08/16/2021 at 03:10 PM,"preeclampsia,hemorrhage,texas_preeclampsia"
123300,Beta Simga Epislon,HI,unit_drill_count,all,10/1/2022,12/31/2022,3,1,Raw Value,,03/08/2023 at 10:34 PM,03/08/2023 at 10:34 PM,"preeclampsia,hemorrhage,texas_preeclampsia"
123300,Beta Simga Epislon,HI,unit_drill_count,all,7/1/2022,9/30/2022,2,1,Raw Value,,11/07/2022 at 03:07 PM,11/07/2022 at 03:07 PM,"preeclampsia,hemorrhage,texas_preeclampsia"
123300,Beta Simga Epislon,HI,unit_drill_count,all,4/1/2022,6/30/2022,3,1,Raw Value,,08/26/2022 at 03:08 PM,08/26/2022 at 03:08 PM,"preeclampsia,hemorrhage,texas_preeclampsia"
123300,Beta Simga Epislon,HI,unit_drill_count,all,1/1/2022,3/31/2022,3,1,Raw Value,,06/01/2022 at 01:49 PM,06/01/2022 at 01:49 PM,"preeclampsia,hemorrhage,texas_preeclampsia"
123300,Beta Simga Epislon,HI,unit_drill_count,all,10/1/2021,12/31/2021,3,1,Raw Value,,01/21/2022 at 05:11 PM,01/21/2022 at 05:11 PM,"preeclampsia,hemorrhage,texas_preeclampsia"
123300,Beta Simga Epislon,HI,warning_signs_patient_education,all,10/1/2022,12/31/2022,5,1,Raw Value,,03/08/2023 at 10:34 PM,03/08/2023 at 10:34 PM,